/workspace/modded-nanogpt/exp/b_mlp3x.py:27: SyntaxWarning: invalid escape sequence '\s'
  """
using device: cuda:0
Training DataLoader: total number of tokens: 2600000000 across 26 files
Validation DataLoader: total number of tokens: 100000000 across 1 files
training time budget: 300.0s (5.0 single-GPU min / 1 GPUs)
step:1/5100 train_loss:14.6202 train_time:60590ms step_avg:nanms
step:2/5100 train_loss:8.7480 train_time:99737ms step_avg:nanms
step:3/5100 train_loss:8.4978 train_time:99872ms step_avg:nanms
step:4/5100 train_loss:7.9738 train_time:100007ms step_avg:nanms
step:5/5100 train_loss:7.6169 train_time:100140ms step_avg:nanms
step:6/5100 train_loss:7.4392 train_time:100276ms step_avg:nanms
step:7/5100 train_loss:7.4160 train_time:100411ms step_avg:nanms
step:8/5100 train_loss:7.2202 train_time:100546ms step_avg:nanms
step:9/5100 train_loss:7.2869 train_time:100678ms step_avg:nanms
step:10/5100 train_loss:7.0721 train_time:100810ms step_avg:nanms
step:11/5100 train_loss:6.8948 train_time:124ms step_avg:nanms
step:12/5100 train_loss:6.8946 train_time:259ms step_avg:nanms
step:13/5100 train_loss:6.8887 train_time:395ms step_avg:131.60ms
step:14/5100 train_loss:6.6546 train_time:530ms step_avg:132.51ms
step:15/5100 train_loss:6.7200 train_time:664ms step_avg:132.79ms
step:16/5100 train_loss:6.5589 train_time:801ms step_avg:133.47ms
step:17/5100 train_loss:6.8296 train_time:932ms step_avg:133.12ms
step:18/5100 train_loss:6.6867 train_time:1068ms step_avg:133.46ms
step:19/5100 train_loss:6.6397 train_time:1197ms step_avg:132.96ms
step:20/5100 train_loss:6.4736 train_time:1334ms step_avg:133.39ms
step:21/5100 train_loss:6.5133 train_time:1470ms step_avg:133.65ms
step:22/5100 train_loss:6.4265 train_time:1604ms step_avg:133.71ms
step:23/5100 train_loss:6.3761 train_time:1741ms step_avg:133.94ms
step:24/5100 train_loss:6.3512 train_time:1877ms step_avg:134.07ms
step:25/5100 train_loss:6.5082 train_time:2008ms step_avg:133.89ms
step:26/5100 train_loss:6.5211 train_time:2142ms step_avg:133.86ms
step:27/5100 train_loss:6.4973 train_time:2275ms step_avg:133.80ms
step:28/5100 train_loss:6.4307 train_time:2410ms step_avg:133.90ms
step:29/5100 train_loss:6.3562 train_time:2546ms step_avg:134.00ms
step:30/5100 train_loss:6.3823 train_time:2682ms step_avg:134.08ms
step:31/5100 train_loss:6.2531 train_time:2816ms step_avg:134.10ms
step:32/5100 train_loss:6.1613 train_time:2951ms step_avg:134.12ms
step:33/5100 train_loss:6.2836 train_time:3086ms step_avg:134.19ms
step:34/5100 train_loss:6.2956 train_time:3223ms step_avg:134.30ms
step:35/5100 train_loss:6.3301 train_time:3359ms step_avg:134.38ms
step:36/5100 train_loss:6.3084 train_time:3495ms step_avg:134.41ms
step:37/5100 train_loss:6.4175 train_time:3631ms step_avg:134.47ms
step:38/5100 train_loss:6.1670 train_time:3766ms step_avg:134.50ms
step:39/5100 train_loss:6.1298 train_time:3899ms step_avg:134.45ms
step:40/5100 train_loss:6.1736 train_time:4037ms step_avg:134.55ms
step:41/5100 train_loss:6.1443 train_time:4171ms step_avg:134.55ms
step:42/5100 train_loss:6.1619 train_time:4309ms step_avg:134.64ms
step:43/5100 train_loss:6.1177 train_time:4446ms step_avg:134.73ms
step:44/5100 train_loss:6.1378 train_time:4581ms step_avg:134.75ms
step:45/5100 train_loss:6.1314 train_time:4717ms step_avg:134.77ms
step:46/5100 train_loss:6.0896 train_time:4852ms step_avg:134.79ms
step:47/5100 train_loss:6.0674 train_time:4990ms step_avg:134.87ms
step:48/5100 train_loss:6.1423 train_time:5128ms step_avg:134.94ms
step:49/5100 train_loss:6.0507 train_time:5261ms step_avg:134.90ms
step:50/5100 train_loss:6.0353 train_time:5396ms step_avg:134.90ms
step:51/5100 train_loss:6.1192 train_time:5533ms step_avg:134.94ms
step:52/5100 train_loss:5.9710 train_time:5669ms step_avg:134.97ms
step:53/5100 train_loss:6.0379 train_time:5803ms step_avg:134.96ms
step:54/5100 train_loss:5.9841 train_time:5938ms step_avg:134.95ms
step:55/5100 train_loss:5.9441 train_time:6070ms step_avg:134.89ms
step:56/5100 train_loss:5.8459 train_time:6204ms step_avg:134.86ms
step:57/5100 train_loss:5.9432 train_time:6340ms step_avg:134.88ms
step:58/5100 train_loss:5.9378 train_time:6474ms step_avg:134.87ms
step:59/5100 train_loss:5.9340 train_time:6609ms step_avg:134.89ms
step:60/5100 train_loss:5.9107 train_time:6747ms step_avg:134.94ms
step:61/5100 train_loss:5.9740 train_time:6883ms step_avg:134.95ms
step:62/5100 train_loss:5.9267 train_time:7016ms step_avg:134.93ms
step:63/5100 train_loss:5.7758 train_time:7151ms step_avg:134.93ms
step:64/5100 train_loss:5.7608 train_time:7284ms step_avg:134.89ms
step:65/5100 train_loss:5.8975 train_time:7418ms step_avg:134.87ms
step:66/5100 train_loss:5.8780 train_time:7552ms step_avg:134.86ms
step:67/5100 train_loss:5.7492 train_time:7689ms step_avg:134.90ms
step:68/5100 train_loss:5.8854 train_time:7822ms step_avg:134.86ms
step:69/5100 train_loss:5.8367 train_time:7956ms step_avg:134.85ms
step:70/5100 train_loss:5.7695 train_time:8091ms step_avg:134.84ms
step:71/5100 train_loss:5.9037 train_time:8224ms step_avg:134.83ms
step:72/5100 train_loss:5.9941 train_time:8359ms step_avg:134.83ms
step:73/5100 train_loss:5.8296 train_time:8494ms step_avg:134.83ms
step:74/5100 train_loss:5.8137 train_time:8629ms step_avg:134.84ms
step:75/5100 train_loss:6.0437 train_time:8765ms step_avg:134.84ms
step:76/5100 train_loss:5.8048 train_time:8897ms step_avg:134.80ms
step:77/5100 train_loss:5.7572 train_time:9033ms step_avg:134.83ms
step:78/5100 train_loss:5.5318 train_time:9168ms step_avg:134.83ms
step:79/5100 train_loss:5.7256 train_time:9303ms step_avg:134.83ms
step:80/5100 train_loss:5.7723 train_time:9442ms step_avg:134.88ms
step:81/5100 train_loss:5.7223 train_time:9574ms step_avg:134.85ms
step:82/5100 train_loss:5.7466 train_time:9709ms step_avg:134.85ms
step:83/5100 train_loss:5.6047 train_time:9845ms step_avg:134.86ms
step:84/5100 train_loss:5.7034 train_time:9979ms step_avg:134.85ms
step:85/5100 train_loss:5.7687 train_time:10114ms step_avg:134.85ms
step:86/5100 train_loss:5.8661 train_time:10252ms step_avg:134.90ms
step:87/5100 train_loss:5.7654 train_time:10388ms step_avg:134.91ms
step:88/5100 train_loss:5.5537 train_time:10524ms step_avg:134.92ms
step:89/5100 train_loss:5.7002 train_time:10657ms step_avg:134.90ms
step:90/5100 train_loss:5.6892 train_time:10792ms step_avg:134.90ms
step:91/5100 train_loss:5.6085 train_time:10927ms step_avg:134.90ms
step:92/5100 train_loss:5.6229 train_time:11061ms step_avg:134.89ms
step:93/5100 train_loss:5.4071 train_time:11194ms step_avg:134.87ms
step:94/5100 train_loss:5.7001 train_time:11331ms step_avg:134.89ms
step:95/5100 train_loss:5.5714 train_time:11464ms step_avg:134.87ms
step:96/5100 train_loss:5.6107 train_time:11598ms step_avg:134.86ms
step:97/5100 train_loss:5.5389 train_time:11733ms step_avg:134.86ms
step:98/5100 train_loss:5.5420 train_time:11870ms step_avg:134.88ms
step:99/5100 train_loss:5.4600 train_time:12006ms step_avg:134.89ms
step:100/5100 train_loss:5.4402 train_time:12141ms step_avg:134.90ms
step:101/5100 train_loss:5.5987 train_time:12277ms step_avg:134.91ms
step:102/5100 train_loss:5.5874 train_time:12413ms step_avg:134.92ms
step:103/5100 train_loss:5.4957 train_time:12550ms step_avg:134.95ms
step:104/5100 train_loss:5.4454 train_time:12686ms step_avg:134.95ms
step:105/5100 train_loss:5.5666 train_time:12819ms step_avg:134.94ms
step:106/5100 train_loss:5.4861 train_time:12955ms step_avg:134.95ms
step:107/5100 train_loss:5.5562 train_time:13091ms step_avg:134.96ms
step:108/5100 train_loss:5.4622 train_time:13228ms step_avg:134.98ms
step:109/5100 train_loss:5.5032 train_time:13363ms step_avg:134.98ms
step:110/5100 train_loss:5.3249 train_time:13497ms step_avg:134.97ms
step:111/5100 train_loss:5.2841 train_time:13630ms step_avg:134.95ms
step:112/5100 train_loss:5.4601 train_time:13764ms step_avg:134.94ms
step:113/5100 train_loss:5.4155 train_time:13902ms step_avg:134.98ms
step:114/5100 train_loss:5.4341 train_time:14041ms step_avg:135.01ms
step:115/5100 train_loss:5.4848 train_time:14176ms step_avg:135.01ms
step:116/5100 train_loss:5.5591 train_time:14311ms step_avg:135.01ms
step:117/5100 train_loss:5.3746 train_time:14449ms step_avg:135.03ms
step:118/5100 train_loss:5.2976 train_time:14586ms step_avg:135.05ms
step:119/5100 train_loss:5.3390 train_time:14717ms step_avg:135.02ms
step:120/5100 train_loss:5.4682 train_time:14853ms step_avg:135.03ms
step:121/5100 train_loss:5.3691 train_time:14990ms step_avg:135.05ms
step:122/5100 train_loss:5.3518 train_time:15126ms step_avg:135.05ms
step:123/5100 train_loss:5.3322 train_time:15264ms step_avg:135.08ms
step:124/5100 train_loss:5.6614 train_time:15396ms step_avg:135.05ms
step:125/5100 train_loss:5.2930 train_time:15532ms step_avg:135.06ms
step:126/5100 train_loss:5.1466 train_time:15665ms step_avg:135.04ms
step:127/5100 train_loss:5.2771 train_time:15799ms step_avg:135.04ms
step:128/5100 train_loss:5.3349 train_time:15936ms step_avg:135.05ms
step:129/5100 train_loss:5.3963 train_time:16070ms step_avg:135.04ms
step:130/5100 train_loss:5.3636 train_time:16205ms step_avg:135.04ms
step:131/5100 train_loss:5.2756 train_time:16342ms step_avg:135.05ms
step:132/5100 train_loss:5.2599 train_time:16475ms step_avg:135.04ms
step:133/5100 train_loss:5.2902 train_time:16612ms step_avg:135.05ms
step:134/5100 train_loss:5.3074 train_time:16749ms step_avg:135.07ms
step:135/5100 train_loss:5.2655 train_time:16884ms step_avg:135.07ms
step:136/5100 train_loss:5.3069 train_time:17017ms step_avg:135.05ms
step:137/5100 train_loss:5.2770 train_time:17154ms step_avg:135.07ms
step:138/5100 train_loss:5.4343 train_time:17293ms step_avg:135.10ms
step:139/5100 train_loss:5.3392 train_time:17430ms step_avg:135.12ms
step:140/5100 train_loss:5.4046 train_time:17564ms step_avg:135.11ms
step:141/5100 train_loss:5.1815 train_time:17695ms step_avg:135.08ms
step:142/5100 train_loss:5.2854 train_time:17827ms step_avg:135.05ms
step:143/5100 train_loss:5.1441 train_time:17960ms step_avg:135.04ms
step:144/5100 train_loss:5.2902 train_time:18095ms step_avg:135.04ms
step:145/5100 train_loss:5.2360 train_time:18228ms step_avg:135.03ms
step:146/5100 train_loss:5.3770 train_time:18363ms step_avg:135.02ms
step:147/5100 train_loss:5.3932 train_time:18500ms step_avg:135.04ms
step:148/5100 train_loss:5.2401 train_time:18638ms step_avg:135.06ms
step:149/5100 train_loss:5.0641 train_time:18773ms step_avg:135.06ms
step:150/5100 train_loss:5.1781 train_time:18909ms step_avg:135.07ms
step:151/5100 train_loss:5.1488 train_time:19040ms step_avg:135.03ms
step:152/5100 train_loss:5.2273 train_time:19177ms step_avg:135.05ms
step:153/5100 train_loss:5.3148 train_time:19313ms step_avg:135.06ms
step:154/5100 train_loss:5.1981 train_time:19450ms step_avg:135.07ms
step:155/5100 train_loss:5.1289 train_time:19586ms step_avg:135.08ms
step:156/5100 train_loss:5.2842 train_time:19722ms step_avg:135.08ms
step:157/5100 train_loss:5.3495 train_time:19856ms step_avg:135.07ms
step:158/5100 train_loss:5.1299 train_time:19992ms step_avg:135.08ms
step:159/5100 train_loss:5.0822 train_time:20129ms step_avg:135.10ms
step:160/5100 train_loss:5.1145 train_time:20265ms step_avg:135.10ms
step:161/5100 train_loss:5.2164 train_time:20401ms step_avg:135.11ms
step:162/5100 train_loss:5.1339 train_time:20539ms step_avg:135.12ms
step:163/5100 train_loss:5.1748 train_time:20672ms step_avg:135.11ms
step:164/5100 train_loss:5.2375 train_time:20808ms step_avg:135.11ms
step:165/5100 train_loss:5.1693 train_time:20942ms step_avg:135.11ms
step:166/5100 train_loss:5.0619 train_time:21077ms step_avg:135.11ms
step:167/5100 train_loss:5.0819 train_time:21212ms step_avg:135.11ms
step:168/5100 train_loss:5.1358 train_time:21350ms step_avg:135.12ms
step:169/5100 train_loss:5.1754 train_time:21489ms step_avg:135.15ms
step:170/5100 train_loss:5.1886 train_time:21626ms step_avg:135.16ms
step:171/5100 train_loss:5.3742 train_time:21760ms step_avg:135.15ms
step:172/5100 train_loss:5.0688 train_time:21896ms step_avg:135.16ms
step:173/5100 train_loss:5.1103 train_time:22030ms step_avg:135.15ms
step:174/5100 train_loss:5.1174 train_time:22165ms step_avg:135.15ms
step:175/5100 train_loss:5.0840 train_time:22303ms step_avg:135.17ms
step:176/5100 train_loss:5.0931 train_time:22439ms step_avg:135.17ms
step:177/5100 train_loss:5.0286 train_time:22572ms step_avg:135.16ms
step:178/5100 train_loss:5.1600 train_time:22711ms step_avg:135.18ms
step:179/5100 train_loss:5.1061 train_time:22849ms step_avg:135.20ms
step:180/5100 train_loss:5.0025 train_time:22977ms step_avg:135.16ms
step:181/5100 train_loss:4.9981 train_time:23110ms step_avg:135.15ms
step:182/5100 train_loss:5.0878 train_time:23248ms step_avg:135.16ms
step:183/5100 train_loss:5.1166 train_time:23379ms step_avg:135.14ms
step:184/5100 train_loss:5.0804 train_time:23514ms step_avg:135.14ms
step:185/5100 train_loss:5.0991 train_time:23652ms step_avg:135.15ms
step:186/5100 train_loss:5.0152 train_time:23787ms step_avg:135.15ms
step:187/5100 train_loss:5.0791 train_time:23922ms step_avg:135.15ms
step:188/5100 train_loss:5.0515 train_time:24058ms step_avg:135.16ms
step:189/5100 train_loss:5.1254 train_time:24191ms step_avg:135.14ms
step:190/5100 train_loss:5.1035 train_time:24328ms step_avg:135.16ms
step:191/5100 train_loss:5.1123 train_time:24464ms step_avg:135.16ms
step:192/5100 train_loss:5.1037 train_time:24599ms step_avg:135.16ms
step:193/5100 train_loss:5.0000 train_time:24736ms step_avg:135.17ms
step:194/5100 train_loss:5.0291 train_time:24869ms step_avg:135.16ms
step:195/5100 train_loss:5.0538 train_time:25005ms step_avg:135.16ms
step:196/5100 train_loss:5.0100 train_time:25141ms step_avg:135.17ms
step:197/5100 train_loss:4.9567 train_time:25277ms step_avg:135.17ms
step:198/5100 train_loss:5.0809 train_time:25413ms step_avg:135.17ms
step:199/5100 train_loss:5.0630 train_time:25548ms step_avg:135.18ms
step:200/5100 train_loss:5.0015 train_time:25684ms step_avg:135.18ms
step:201/5100 train_loss:5.0076 train_time:25821ms step_avg:135.19ms
step:202/5100 train_loss:5.1047 train_time:25951ms step_avg:135.16ms
step:203/5100 train_loss:4.8580 train_time:26084ms step_avg:135.15ms
step:204/5100 train_loss:4.9135 train_time:26219ms step_avg:135.15ms
step:205/5100 train_loss:4.9525 train_time:26354ms step_avg:135.15ms
step:206/5100 train_loss:4.9937 train_time:26491ms step_avg:135.16ms
step:207/5100 train_loss:5.0055 train_time:26629ms step_avg:135.17ms
step:208/5100 train_loss:5.1813 train_time:26765ms step_avg:135.18ms
step:209/5100 train_loss:4.9897 train_time:26901ms step_avg:135.18ms
step:210/5100 train_loss:5.0381 train_time:27036ms step_avg:135.18ms
step:211/5100 train_loss:5.0121 train_time:27171ms step_avg:135.18ms
step:212/5100 train_loss:4.9490 train_time:27307ms step_avg:135.18ms
step:213/5100 train_loss:4.9942 train_time:27442ms step_avg:135.18ms
step:214/5100 train_loss:4.9687 train_time:27576ms step_avg:135.17ms
step:215/5100 train_loss:5.0099 train_time:27708ms step_avg:135.16ms
step:216/5100 train_loss:5.0160 train_time:27842ms step_avg:135.16ms
step:217/5100 train_loss:4.9503 train_time:27977ms step_avg:135.15ms
step:218/5100 train_loss:5.1086 train_time:28110ms step_avg:135.14ms
step:219/5100 train_loss:4.8993 train_time:28246ms step_avg:135.15ms
step:220/5100 train_loss:4.9415 train_time:28381ms step_avg:135.15ms
step:221/5100 train_loss:4.8901 train_time:28515ms step_avg:135.14ms
step:222/5100 train_loss:4.9620 train_time:28652ms step_avg:135.15ms
step:223/5100 train_loss:4.9604 train_time:28788ms step_avg:135.16ms
step:224/5100 train_loss:4.9014 train_time:28925ms step_avg:135.16ms
step:225/5100 train_loss:4.9371 train_time:29062ms step_avg:135.17ms
step:226/5100 train_loss:4.8006 train_time:29196ms step_avg:135.17ms
step:227/5100 train_loss:4.9267 train_time:29331ms step_avg:135.17ms
step:228/5100 train_loss:4.8692 train_time:29468ms step_avg:135.17ms
step:229/5100 train_loss:4.9920 train_time:29603ms step_avg:135.17ms
step:230/5100 train_loss:4.9031 train_time:29738ms step_avg:135.17ms
step:231/5100 train_loss:4.9700 train_time:29872ms step_avg:135.17ms
step:232/5100 train_loss:5.0087 train_time:30007ms step_avg:135.17ms
step:233/5100 train_loss:4.7654 train_time:30144ms step_avg:135.17ms
step:234/5100 train_loss:4.8965 train_time:30277ms step_avg:135.16ms
step:235/5100 train_loss:4.8531 train_time:30412ms step_avg:135.16ms
step:236/5100 train_loss:4.8366 train_time:30549ms step_avg:135.17ms
step:237/5100 train_loss:4.8829 train_time:30684ms step_avg:135.17ms
step:238/5100 train_loss:4.9586 train_time:30817ms step_avg:135.16ms
step:239/5100 train_loss:4.9017 train_time:30953ms step_avg:135.16ms
step:240/5100 train_loss:4.8668 train_time:31087ms step_avg:135.16ms
step:241/5100 train_loss:4.7764 train_time:31223ms step_avg:135.17ms
step:242/5100 train_loss:4.7794 train_time:31359ms step_avg:135.17ms
step:243/5100 train_loss:4.8439 train_time:31495ms step_avg:135.17ms
step:244/5100 train_loss:4.9764 train_time:31628ms step_avg:135.16ms
step:245/5100 train_loss:4.8164 train_time:31765ms step_avg:135.17ms
step:246/5100 train_loss:4.8546 train_time:31897ms step_avg:135.16ms
step:247/5100 train_loss:4.7984 train_time:32033ms step_avg:135.16ms
step:248/5100 train_loss:4.7950 train_time:32169ms step_avg:135.16ms
step:249/5100 train_loss:4.9470 train_time:32306ms step_avg:135.17ms
step:250/5100 train_loss:4.7512 train_time:32443ms step_avg:135.18ms
step:251/5100 train_loss:4.8247 train_time:32579ms step_avg:135.18ms
step:252/5100 train_loss:4.8927 train_time:32713ms step_avg:135.18ms
step:253/5100 train_loss:4.7951 train_time:32851ms step_avg:135.19ms
step:254/5100 train_loss:4.6803 train_time:32987ms step_avg:135.19ms
step:255/5100 train_loss:4.7371 train_time:33125ms step_avg:135.21ms
step:256/5100 train_loss:4.8995 train_time:33256ms step_avg:135.19ms
step:257/5100 train_loss:4.9389 train_time:33392ms step_avg:135.19ms
step:258/5100 train_loss:4.7009 train_time:33528ms step_avg:135.19ms
step:259/5100 train_loss:4.8366 train_time:33663ms step_avg:135.19ms
step:260/5100 train_loss:4.6601 train_time:33799ms step_avg:135.20ms
step:261/5100 train_loss:4.8185 train_time:33927ms step_avg:135.17ms
step:262/5100 train_loss:4.8184 train_time:34059ms step_avg:135.16ms
step:263/5100 train_loss:4.7756 train_time:34196ms step_avg:135.16ms
step:264/5100 train_loss:4.7139 train_time:34332ms step_avg:135.17ms
step:265/5100 train_loss:4.9308 train_time:34470ms step_avg:135.18ms
step:266/5100 train_loss:4.7083 train_time:34606ms step_avg:135.18ms
step:267/5100 train_loss:4.7321 train_time:34741ms step_avg:135.18ms
step:268/5100 train_loss:4.6986 train_time:34874ms step_avg:135.17ms
step:269/5100 train_loss:4.8544 train_time:35009ms step_avg:135.17ms
step:270/5100 train_loss:4.8794 train_time:35144ms step_avg:135.17ms
step:271/5100 train_loss:4.8274 train_time:35275ms step_avg:135.15ms
step:272/5100 train_loss:4.8039 train_time:35403ms step_avg:135.13ms
step:273/5100 train_loss:4.8773 train_time:35535ms step_avg:135.12ms
step:274/5100 train_loss:4.6249 train_time:35671ms step_avg:135.12ms
step:275/5100 train_loss:4.7169 train_time:35802ms step_avg:135.10ms
step:276/5100 train_loss:4.7343 train_time:35934ms step_avg:135.09ms
step:277/5100 train_loss:4.7376 train_time:36069ms step_avg:135.09ms
step:278/5100 train_loss:4.6874 train_time:36201ms step_avg:135.08ms
step:279/5100 train_loss:4.7584 train_time:36337ms step_avg:135.08ms
step:280/5100 train_loss:4.6964 train_time:36470ms step_avg:135.08ms
step:281/5100 train_loss:4.7007 train_time:36600ms step_avg:135.06ms
step:282/5100 train_loss:4.7173 train_time:36731ms step_avg:135.04ms
step:283/5100 train_loss:4.6237 train_time:36869ms step_avg:135.05ms
step:284/5100 train_loss:4.6909 train_time:37000ms step_avg:135.04ms
step:285/5100 train_loss:4.7398 train_time:37134ms step_avg:135.03ms
step:286/5100 train_loss:4.6973 train_time:37270ms step_avg:135.04ms
step:287/5100 train_loss:4.7108 train_time:37401ms step_avg:135.02ms
step:288/5100 train_loss:4.7100 train_time:37540ms step_avg:135.04ms
step:289/5100 train_loss:4.7762 train_time:37672ms step_avg:135.03ms
step:290/5100 train_loss:4.5721 train_time:37807ms step_avg:135.03ms
step:291/5100 train_loss:4.7585 train_time:37942ms step_avg:135.02ms
step:292/5100 train_loss:4.6088 train_time:38076ms step_avg:135.02ms
step:293/5100 train_loss:4.7319 train_time:38212ms step_avg:135.02ms
step:294/5100 train_loss:4.7022 train_time:38342ms step_avg:135.01ms
step:295/5100 train_loss:4.6304 train_time:38476ms step_avg:135.00ms
step:296/5100 train_loss:4.7387 train_time:38609ms step_avg:135.00ms
step:297/5100 train_loss:4.7820 train_time:38741ms step_avg:134.99ms
step:298/5100 train_loss:4.6564 train_time:38874ms step_avg:134.98ms
step:299/5100 train_loss:4.6323 train_time:39010ms step_avg:134.98ms
step:300/5100 train_loss:4.5691 train_time:39142ms step_avg:134.97ms
step:301/5100 train_loss:4.7116 train_time:39275ms step_avg:134.96ms
step:302/5100 train_loss:4.6623 train_time:39409ms step_avg:134.96ms
step:303/5100 train_loss:4.5335 train_time:39544ms step_avg:134.96ms
step:304/5100 train_loss:4.5521 train_time:39674ms step_avg:134.95ms
step:305/5100 train_loss:4.7240 train_time:39805ms step_avg:134.93ms
step:306/5100 train_loss:4.6905 train_time:39942ms step_avg:134.94ms
step:307/5100 train_loss:4.5439 train_time:40077ms step_avg:134.94ms
step:308/5100 train_loss:4.6919 train_time:40208ms step_avg:134.93ms
step:309/5100 train_loss:4.6677 train_time:40343ms step_avg:134.92ms
step:310/5100 train_loss:4.8461 train_time:40475ms step_avg:134.92ms
step:311/5100 train_loss:4.6557 train_time:40607ms step_avg:134.91ms
step:312/5100 train_loss:4.5493 train_time:40740ms step_avg:134.90ms
step:313/5100 train_loss:4.7777 train_time:40875ms step_avg:134.90ms
step:314/5100 train_loss:4.5530 train_time:41013ms step_avg:134.91ms
step:315/5100 train_loss:4.6629 train_time:41143ms step_avg:134.89ms
step:316/5100 train_loss:4.2814 train_time:41273ms step_avg:134.88ms
step:317/5100 train_loss:4.5776 train_time:41408ms step_avg:134.88ms
step:318/5100 train_loss:4.6234 train_time:41543ms step_avg:134.88ms
step:319/5100 train_loss:4.6019 train_time:41678ms step_avg:134.88ms
step:320/5100 train_loss:4.6126 train_time:41809ms step_avg:134.87ms
step:321/5100 train_loss:4.6398 train_time:41944ms step_avg:134.87ms
step:322/5100 train_loss:4.5633 train_time:42079ms step_avg:134.87ms
step:323/5100 train_loss:4.5235 train_time:42211ms step_avg:134.86ms
step:324/5100 train_loss:4.5879 train_time:42346ms step_avg:134.86ms
step:325/5100 train_loss:4.6055 train_time:42477ms step_avg:134.85ms
step:326/5100 train_loss:4.6421 train_time:42605ms step_avg:134.83ms
step:327/5100 train_loss:4.6386 train_time:42742ms step_avg:134.83ms
step:328/5100 train_loss:4.6559 train_time:42872ms step_avg:134.82ms
step:329/5100 train_loss:5.1158 train_time:43009ms step_avg:134.82ms
step:330/5100 train_loss:4.6582 train_time:43141ms step_avg:134.82ms
step:331/5100 train_loss:4.6226 train_time:43274ms step_avg:134.81ms
step:332/5100 train_loss:4.5661 train_time:43409ms step_avg:134.81ms
step:333/5100 train_loss:4.5955 train_time:43544ms step_avg:134.81ms
step:334/5100 train_loss:4.5335 train_time:43680ms step_avg:134.82ms
step:335/5100 train_loss:4.5183 train_time:43814ms step_avg:134.81ms
step:336/5100 train_loss:4.6056 train_time:43951ms step_avg:134.82ms
step:337/5100 train_loss:4.5976 train_time:44086ms step_avg:134.82ms
step:338/5100 train_loss:4.5537 train_time:44216ms step_avg:134.80ms
step:339/5100 train_loss:4.5753 train_time:44353ms step_avg:134.81ms
step:340/5100 train_loss:4.5029 train_time:44484ms step_avg:134.80ms
step:341/5100 train_loss:4.6249 train_time:44618ms step_avg:134.80ms
step:342/5100 train_loss:4.6329 train_time:44753ms step_avg:134.80ms
step:343/5100 train_loss:4.5718 train_time:44884ms step_avg:134.79ms
step:344/5100 train_loss:4.7159 train_time:45017ms step_avg:134.78ms
step:345/5100 train_loss:4.5955 train_time:45152ms step_avg:134.78ms
step:346/5100 train_loss:4.5609 train_time:45284ms step_avg:134.77ms
step:347/5100 train_loss:4.5301 train_time:45413ms step_avg:134.76ms
step:348/5100 train_loss:4.6149 train_time:45547ms step_avg:134.75ms
step:349/5100 train_loss:4.6823 train_time:45679ms step_avg:134.75ms
step:350/5100 train_loss:4.5472 train_time:45811ms step_avg:134.74ms
step:351/5100 train_loss:4.5882 train_time:45945ms step_avg:134.74ms
step:352/5100 train_loss:4.4678 train_time:46079ms step_avg:134.74ms
step:353/5100 train_loss:4.7696 train_time:46211ms step_avg:134.73ms
step:354/5100 train_loss:4.5054 train_time:46346ms step_avg:134.73ms
step:355/5100 train_loss:4.5981 train_time:46478ms step_avg:134.72ms
step:356/5100 train_loss:4.7406 train_time:46605ms step_avg:134.70ms
step:357/5100 train_loss:4.4941 train_time:46741ms step_avg:134.70ms
step:358/5100 train_loss:4.5311 train_time:46876ms step_avg:134.70ms
step:359/5100 train_loss:4.5098 train_time:47011ms step_avg:134.70ms
step:360/5100 train_loss:4.4252 train_time:47145ms step_avg:134.70ms
step:361/5100 train_loss:4.5298 train_time:47275ms step_avg:134.69ms
step:362/5100 train_loss:4.5183 train_time:47409ms step_avg:134.69ms
step:363/5100 train_loss:4.5305 train_time:47544ms step_avg:134.69ms
step:364/5100 train_loss:4.5713 train_time:47675ms step_avg:134.67ms
step:365/5100 train_loss:4.5994 train_time:47806ms step_avg:134.66ms
step:366/5100 train_loss:4.5658 train_time:47940ms step_avg:134.66ms
step:367/5100 train_loss:4.5046 train_time:48068ms step_avg:134.65ms
step:368/5100 train_loss:4.5340 train_time:48197ms step_avg:134.63ms
step:369/5100 train_loss:4.5014 train_time:48333ms step_avg:134.63ms
step:370/5100 train_loss:4.4565 train_time:48464ms step_avg:134.62ms
step:371/5100 train_loss:4.4929 train_time:48596ms step_avg:134.62ms
step:372/5100 train_loss:4.5603 train_time:48733ms step_avg:134.62ms
step:373/5100 train_loss:4.5085 train_time:48867ms step_avg:134.62ms
step:374/5100 train_loss:4.5645 train_time:48997ms step_avg:134.61ms
step:375/5100 train_loss:4.5048 train_time:49136ms step_avg:134.62ms
step:376/5100 train_loss:4.6200 train_time:49267ms step_avg:134.61ms
step:377/5100 train_loss:4.5452 train_time:49399ms step_avg:134.60ms
step:378/5100 train_loss:4.5158 train_time:49533ms step_avg:134.60ms
step:379/5100 train_loss:4.5850 train_time:49666ms step_avg:134.60ms
step:380/5100 train_loss:4.4686 train_time:49801ms step_avg:134.60ms
step:381/5100 train_loss:4.5293 train_time:49939ms step_avg:134.61ms
step:382/5100 train_loss:4.3985 train_time:50070ms step_avg:134.60ms
step:383/5100 train_loss:4.5166 train_time:50204ms step_avg:134.59ms
step:384/5100 train_loss:4.4700 train_time:50336ms step_avg:134.59ms
step:385/5100 train_loss:4.4458 train_time:50469ms step_avg:134.58ms
step:386/5100 train_loss:4.4989 train_time:50605ms step_avg:134.59ms
step:387/5100 train_loss:4.4374 train_time:50734ms step_avg:134.57ms
step:388/5100 train_loss:4.6321 train_time:50865ms step_avg:134.56ms
step:389/5100 train_loss:4.6436 train_time:50998ms step_avg:134.56ms
step:390/5100 train_loss:4.5458 train_time:51133ms step_avg:134.56ms
step:391/5100 train_loss:4.5186 train_time:51262ms step_avg:134.55ms
step:392/5100 train_loss:4.4826 train_time:51396ms step_avg:134.55ms
step:393/5100 train_loss:4.4727 train_time:51534ms step_avg:134.55ms
step:394/5100 train_loss:4.5458 train_time:51663ms step_avg:134.54ms
step:395/5100 train_loss:4.4188 train_time:51797ms step_avg:134.54ms
step:396/5100 train_loss:4.5246 train_time:51934ms step_avg:134.54ms
step:397/5100 train_loss:4.4894 train_time:52064ms step_avg:134.53ms
step:398/5100 train_loss:4.5142 train_time:52197ms step_avg:134.53ms
step:399/5100 train_loss:4.4821 train_time:52330ms step_avg:134.52ms
step:400/5100 train_loss:4.4159 train_time:52462ms step_avg:134.52ms
step:401/5100 train_loss:4.4204 train_time:52593ms step_avg:134.51ms
step:402/5100 train_loss:4.4231 train_time:52726ms step_avg:134.51ms
step:403/5100 train_loss:4.2441 train_time:52860ms step_avg:134.50ms
step:404/5100 train_loss:4.3449 train_time:52995ms step_avg:134.51ms
step:405/5100 train_loss:4.5567 train_time:53130ms step_avg:134.51ms
step:406/5100 train_loss:4.4981 train_time:53267ms step_avg:134.51ms
step:407/5100 train_loss:4.4965 train_time:53399ms step_avg:134.51ms
step:408/5100 train_loss:4.4062 train_time:53536ms step_avg:134.51ms
step:409/5100 train_loss:4.5586 train_time:53666ms step_avg:134.50ms
step:410/5100 train_loss:4.4881 train_time:53798ms step_avg:134.50ms
step:411/5100 train_loss:4.4623 train_time:53933ms step_avg:134.50ms
step:412/5100 train_loss:4.4547 train_time:54063ms step_avg:134.49ms
step:413/5100 train_loss:4.5362 train_time:54195ms step_avg:134.48ms
step:414/5100 train_loss:4.4820 train_time:54332ms step_avg:134.49ms
step:415/5100 train_loss:4.9598 train_time:54462ms step_avg:134.47ms
step:416/5100 train_loss:4.3957 train_time:54595ms step_avg:134.47ms
step:417/5100 train_loss:4.4534 train_time:54730ms step_avg:134.47ms
step:418/5100 train_loss:4.4941 train_time:54860ms step_avg:134.46ms
step:419/5100 train_loss:4.5101 train_time:54995ms step_avg:134.46ms
step:420/5100 train_loss:4.5536 train_time:55130ms step_avg:134.46ms
step:421/5100 train_loss:4.4672 train_time:55262ms step_avg:134.46ms
step:422/5100 train_loss:4.4232 train_time:55398ms step_avg:134.46ms
step:423/5100 train_loss:4.4840 train_time:55530ms step_avg:134.46ms
step:424/5100 train_loss:4.5379 train_time:55663ms step_avg:134.45ms
step:425/5100 train_loss:4.4878 train_time:55797ms step_avg:134.45ms
step:426/5100 train_loss:4.4106 train_time:55933ms step_avg:134.45ms
step:427/5100 train_loss:4.5799 train_time:56068ms step_avg:134.46ms
step:428/5100 train_loss:4.5453 train_time:56202ms step_avg:134.45ms
step:429/5100 train_loss:4.4307 train_time:56330ms step_avg:134.44ms
step:430/5100 train_loss:4.4184 train_time:56466ms step_avg:134.44ms
step:431/5100 train_loss:4.3715 train_time:56596ms step_avg:134.43ms
step:432/5100 train_loss:4.3163 train_time:56732ms step_avg:134.43ms
step:433/5100 train_loss:4.4959 train_time:56868ms step_avg:134.44ms
step:434/5100 train_loss:4.4318 train_time:56997ms step_avg:134.43ms
step:435/5100 train_loss:4.4864 train_time:57131ms step_avg:134.43ms
step:436/5100 train_loss:4.5499 train_time:57265ms step_avg:134.42ms
step:437/5100 train_loss:4.4668 train_time:57395ms step_avg:134.41ms
step:438/5100 train_loss:4.4891 train_time:57531ms step_avg:134.42ms
step:439/5100 train_loss:4.4191 train_time:57666ms step_avg:134.42ms
step:440/5100 train_loss:4.4875 train_time:57797ms step_avg:134.41ms
step:441/5100 train_loss:4.6211 train_time:57934ms step_avg:134.42ms
step:442/5100 train_loss:4.4061 train_time:58069ms step_avg:134.42ms
step:443/5100 train_loss:4.4678 train_time:58201ms step_avg:134.41ms
step:444/5100 train_loss:4.4336 train_time:58333ms step_avg:134.41ms
step:445/5100 train_loss:4.3987 train_time:58471ms step_avg:134.42ms
step:446/5100 train_loss:4.4454 train_time:58599ms step_avg:134.40ms
step:447/5100 train_loss:4.4662 train_time:58735ms step_avg:134.40ms
step:448/5100 train_loss:4.5802 train_time:58871ms step_avg:134.41ms
step:449/5100 train_loss:4.4283 train_time:59007ms step_avg:134.41ms
step:450/5100 train_loss:4.4488 train_time:59141ms step_avg:134.41ms
step:451/5100 train_loss:4.5756 train_time:59270ms step_avg:134.40ms
step:452/5100 train_loss:4.3224 train_time:59407ms step_avg:134.40ms
step:453/5100 train_loss:4.6386 train_time:59540ms step_avg:134.40ms
step:454/5100 train_loss:4.3838 train_time:59674ms step_avg:134.40ms
step:455/5100 train_loss:4.5070 train_time:59811ms step_avg:134.41ms
step:456/5100 train_loss:4.4584 train_time:59943ms step_avg:134.40ms
step:457/5100 train_loss:4.4683 train_time:60080ms step_avg:134.41ms
step:457/5100 val_loss:4.4190 train_time:60086ms step_avg:134.42ms
step:458/5100 train_loss:4.3984 train_time:60216ms step_avg:134.41ms
step:459/5100 train_loss:4.5098 train_time:60352ms step_avg:134.41ms
step:460/5100 train_loss:4.4114 train_time:60483ms step_avg:134.41ms
step:461/5100 train_loss:4.6167 train_time:60619ms step_avg:134.41ms
step:462/5100 train_loss:4.4288 train_time:60753ms step_avg:134.41ms
step:463/5100 train_loss:4.5064 train_time:60885ms step_avg:134.40ms
step:464/5100 train_loss:4.4284 train_time:61022ms step_avg:134.41ms
step:465/5100 train_loss:4.4608 train_time:61158ms step_avg:134.41ms
step:466/5100 train_loss:4.3864 train_time:61288ms step_avg:134.40ms
step:467/5100 train_loss:4.4386 train_time:61420ms step_avg:134.40ms
step:468/5100 train_loss:4.3502 train_time:61557ms step_avg:134.40ms
step:469/5100 train_loss:4.4207 train_time:61686ms step_avg:134.39ms
step:470/5100 train_loss:4.5106 train_time:61824ms step_avg:134.40ms
step:471/5100 train_loss:4.4376 train_time:61958ms step_avg:134.40ms
step:472/5100 train_loss:4.4564 train_time:62090ms step_avg:134.39ms
step:473/5100 train_loss:4.3575 train_time:62226ms step_avg:134.40ms
step:474/5100 train_loss:4.3791 train_time:62361ms step_avg:134.40ms
step:475/5100 train_loss:4.4200 train_time:62497ms step_avg:134.40ms
step:476/5100 train_loss:4.3953 train_time:62633ms step_avg:134.40ms
step:477/5100 train_loss:4.4100 train_time:62763ms step_avg:134.40ms
step:478/5100 train_loss:4.3339 train_time:62894ms step_avg:134.39ms
step:479/5100 train_loss:4.3907 train_time:63031ms step_avg:134.39ms
step:480/5100 train_loss:4.4207 train_time:63165ms step_avg:134.39ms
step:481/5100 train_loss:4.3987 train_time:63297ms step_avg:134.39ms
step:482/5100 train_loss:4.2777 train_time:63427ms step_avg:134.38ms
step:483/5100 train_loss:4.3934 train_time:63558ms step_avg:134.37ms
step:484/5100 train_loss:4.4181 train_time:63695ms step_avg:134.38ms
step:485/5100 train_loss:4.4657 train_time:63830ms step_avg:134.38ms
step:486/5100 train_loss:4.4361 train_time:63964ms step_avg:134.38ms
step:487/5100 train_loss:4.3499 train_time:64100ms step_avg:134.38ms
step:488/5100 train_loss:4.3224 train_time:64232ms step_avg:134.38ms
step:489/5100 train_loss:4.2424 train_time:64367ms step_avg:134.38ms
step:490/5100 train_loss:4.3444 train_time:64500ms step_avg:134.37ms
step:491/5100 train_loss:4.4210 train_time:64637ms step_avg:134.38ms
step:492/5100 train_loss:4.4332 train_time:64767ms step_avg:134.37ms
step:493/5100 train_loss:4.3284 train_time:64902ms step_avg:134.37ms
step:494/5100 train_loss:4.5232 train_time:65039ms step_avg:134.38ms
step:495/5100 train_loss:4.3464 train_time:65174ms step_avg:134.38ms
step:496/5100 train_loss:4.2727 train_time:65306ms step_avg:134.37ms
step:497/5100 train_loss:4.3770 train_time:65441ms step_avg:134.38ms
step:498/5100 train_loss:4.4219 train_time:65572ms step_avg:134.37ms
step:499/5100 train_loss:4.4281 train_time:65702ms step_avg:134.36ms
step:500/5100 train_loss:4.3377 train_time:65835ms step_avg:134.36ms
step:501/5100 train_loss:4.4207 train_time:65969ms step_avg:134.36ms
step:502/5100 train_loss:4.3684 train_time:66105ms step_avg:134.36ms
step:503/5100 train_loss:4.4176 train_time:66236ms step_avg:134.35ms
step:504/5100 train_loss:4.3057 train_time:66368ms step_avg:134.35ms
step:505/5100 train_loss:4.3564 train_time:66501ms step_avg:134.35ms
step:506/5100 train_loss:4.4095 train_time:66638ms step_avg:134.35ms
step:507/5100 train_loss:4.4198 train_time:66767ms step_avg:134.34ms
step:508/5100 train_loss:4.5084 train_time:66901ms step_avg:134.34ms
step:509/5100 train_loss:4.4470 train_time:67038ms step_avg:134.34ms
step:510/5100 train_loss:4.3768 train_time:67171ms step_avg:134.34ms
step:511/5100 train_loss:4.2719 train_time:67304ms step_avg:134.34ms
step:512/5100 train_loss:4.4732 train_time:67435ms step_avg:134.33ms
step:513/5100 train_loss:4.3919 train_time:67570ms step_avg:134.33ms
step:514/5100 train_loss:4.5178 train_time:67705ms step_avg:134.33ms
step:515/5100 train_loss:4.4497 train_time:67841ms step_avg:134.34ms
step:516/5100 train_loss:4.4319 train_time:67973ms step_avg:134.33ms
step:517/5100 train_loss:4.3845 train_time:68109ms step_avg:134.34ms
step:518/5100 train_loss:4.3093 train_time:68244ms step_avg:134.34ms
step:519/5100 train_loss:4.1257 train_time:68372ms step_avg:134.33ms
step:520/5100 train_loss:4.3945 train_time:68506ms step_avg:134.33ms
step:521/5100 train_loss:4.2660 train_time:68642ms step_avg:134.33ms
step:522/5100 train_loss:4.3897 train_time:68774ms step_avg:134.32ms
step:523/5100 train_loss:4.3750 train_time:68908ms step_avg:134.32ms
step:524/5100 train_loss:4.4266 train_time:69036ms step_avg:134.31ms
step:525/5100 train_loss:4.3643 train_time:69169ms step_avg:134.31ms
step:526/5100 train_loss:4.3344 train_time:69300ms step_avg:134.30ms
step:527/5100 train_loss:4.2970 train_time:69431ms step_avg:134.30ms
step:528/5100 train_loss:4.3855 train_time:69567ms step_avg:134.30ms
step:529/5100 train_loss:4.4184 train_time:69699ms step_avg:134.29ms
step:530/5100 train_loss:4.4409 train_time:69837ms step_avg:134.30ms
step:531/5100 train_loss:4.3294 train_time:69975ms step_avg:134.31ms
step:532/5100 train_loss:4.2719 train_time:70111ms step_avg:134.31ms
step:533/5100 train_loss:4.3373 train_time:70243ms step_avg:134.31ms
step:534/5100 train_loss:4.3682 train_time:70381ms step_avg:134.31ms
step:535/5100 train_loss:4.3769 train_time:70511ms step_avg:134.31ms
step:536/5100 train_loss:4.3525 train_time:70644ms step_avg:134.30ms
step:537/5100 train_loss:4.2843 train_time:70779ms step_avg:134.30ms
step:538/5100 train_loss:4.5864 train_time:70913ms step_avg:134.30ms
step:539/5100 train_loss:4.3868 train_time:71047ms step_avg:134.30ms
step:540/5100 train_loss:4.3137 train_time:71183ms step_avg:134.31ms
step:541/5100 train_loss:4.2905 train_time:71315ms step_avg:134.30ms
step:542/5100 train_loss:4.2289 train_time:71449ms step_avg:134.30ms
step:543/5100 train_loss:4.4118 train_time:71583ms step_avg:134.30ms
step:544/5100 train_loss:4.2706 train_time:71716ms step_avg:134.30ms
step:545/5100 train_loss:4.3906 train_time:71844ms step_avg:134.29ms
step:546/5100 train_loss:4.4443 train_time:71976ms step_avg:134.28ms
step:547/5100 train_loss:4.2786 train_time:72110ms step_avg:134.28ms
step:548/5100 train_loss:4.3903 train_time:72243ms step_avg:134.28ms
step:549/5100 train_loss:4.2798 train_time:72376ms step_avg:134.28ms
step:550/5100 train_loss:4.3510 train_time:72516ms step_avg:134.29ms
step:551/5100 train_loss:4.3199 train_time:72647ms step_avg:134.28ms
step:552/5100 train_loss:4.3576 train_time:72781ms step_avg:134.28ms
step:553/5100 train_loss:4.4800 train_time:72917ms step_avg:134.29ms
step:554/5100 train_loss:4.3423 train_time:73053ms step_avg:134.29ms
step:555/5100 train_loss:4.2507 train_time:73189ms step_avg:134.29ms
step:556/5100 train_loss:4.4112 train_time:73323ms step_avg:134.29ms
step:557/5100 train_loss:4.3949 train_time:73456ms step_avg:134.29ms
step:558/5100 train_loss:4.4323 train_time:73586ms step_avg:134.28ms
step:559/5100 train_loss:4.2988 train_time:73720ms step_avg:134.28ms
step:560/5100 train_loss:4.4459 train_time:73850ms step_avg:134.27ms
step:561/5100 train_loss:4.3998 train_time:73981ms step_avg:134.27ms
step:562/5100 train_loss:4.3346 train_time:74118ms step_avg:134.27ms
step:563/5100 train_loss:4.1494 train_time:74248ms step_avg:134.26ms
step:564/5100 train_loss:4.3514 train_time:74382ms step_avg:134.26ms
step:565/5100 train_loss:4.3690 train_time:74515ms step_avg:134.26ms
step:566/5100 train_loss:4.3086 train_time:74646ms step_avg:134.25ms
step:567/5100 train_loss:4.5387 train_time:74782ms step_avg:134.26ms
step:568/5100 train_loss:4.4940 train_time:74915ms step_avg:134.26ms
step:569/5100 train_loss:4.3493 train_time:75044ms step_avg:134.25ms
step:570/5100 train_loss:4.2965 train_time:75181ms step_avg:134.25ms
step:571/5100 train_loss:4.2926 train_time:75314ms step_avg:134.25ms
step:572/5100 train_loss:4.3654 train_time:75447ms step_avg:134.25ms
step:573/5100 train_loss:4.3414 train_time:75583ms step_avg:134.25ms
step:574/5100 train_loss:4.3453 train_time:75719ms step_avg:134.25ms
step:575/5100 train_loss:4.3135 train_time:75853ms step_avg:134.25ms
step:576/5100 train_loss:4.4370 train_time:75991ms step_avg:134.26ms
step:577/5100 train_loss:4.2262 train_time:76122ms step_avg:134.25ms
step:578/5100 train_loss:4.3326 train_time:76257ms step_avg:134.25ms
step:579/5100 train_loss:4.2955 train_time:76387ms step_avg:134.25ms
step:580/5100 train_loss:4.2959 train_time:76522ms step_avg:134.25ms
step:581/5100 train_loss:4.4117 train_time:76655ms step_avg:134.25ms
step:582/5100 train_loss:4.2228 train_time:76788ms step_avg:134.25ms
step:583/5100 train_loss:4.2757 train_time:76921ms step_avg:134.24ms
step:584/5100 train_loss:4.3094 train_time:77055ms step_avg:134.24ms
step:585/5100 train_loss:4.2516 train_time:77185ms step_avg:134.24ms
step:586/5100 train_loss:4.3125 train_time:77320ms step_avg:134.24ms
step:587/5100 train_loss:4.2787 train_time:77452ms step_avg:134.23ms
step:588/5100 train_loss:4.3685 train_time:77586ms step_avg:134.23ms
step:589/5100 train_loss:4.2859 train_time:77721ms step_avg:134.23ms
step:590/5100 train_loss:4.4031 train_time:77852ms step_avg:134.23ms
step:591/5100 train_loss:4.3051 train_time:77985ms step_avg:134.23ms
step:592/5100 train_loss:4.2109 train_time:78118ms step_avg:134.22ms
step:593/5100 train_loss:4.3608 train_time:78253ms step_avg:134.22ms
step:594/5100 train_loss:4.3491 train_time:78386ms step_avg:134.22ms
step:595/5100 train_loss:4.2445 train_time:78521ms step_avg:134.22ms
step:596/5100 train_loss:4.3340 train_time:78650ms step_avg:134.22ms
step:597/5100 train_loss:4.4451 train_time:78785ms step_avg:134.22ms
step:598/5100 train_loss:4.4074 train_time:78921ms step_avg:134.22ms
step:599/5100 train_loss:4.3749 train_time:79059ms step_avg:134.23ms
step:600/5100 train_loss:4.2242 train_time:79186ms step_avg:134.21ms
step:601/5100 train_loss:4.3139 train_time:79324ms step_avg:134.22ms
step:602/5100 train_loss:4.3085 train_time:79454ms step_avg:134.21ms
step:603/5100 train_loss:4.3634 train_time:79587ms step_avg:134.21ms
step:604/5100 train_loss:4.2958 train_time:79724ms step_avg:134.22ms
step:605/5100 train_loss:4.3214 train_time:79855ms step_avg:134.21ms
step:606/5100 train_loss:4.2450 train_time:79992ms step_avg:134.21ms
step:607/5100 train_loss:4.2452 train_time:80129ms step_avg:134.22ms
step:608/5100 train_loss:4.1872 train_time:80261ms step_avg:134.22ms
step:609/5100 train_loss:4.2009 train_time:80394ms step_avg:134.21ms
step:610/5100 train_loss:4.2968 train_time:80531ms step_avg:134.22ms
step:611/5100 train_loss:4.2266 train_time:80660ms step_avg:134.21ms
step:612/5100 train_loss:4.3347 train_time:80793ms step_avg:134.21ms
step:613/5100 train_loss:4.2522 train_time:80929ms step_avg:134.21ms
step:614/5100 train_loss:4.2691 train_time:81061ms step_avg:134.21ms
step:615/5100 train_loss:4.3683 train_time:81198ms step_avg:134.21ms
step:616/5100 train_loss:4.2196 train_time:81334ms step_avg:134.21ms
step:617/5100 train_loss:4.3344 train_time:81468ms step_avg:134.21ms
step:618/5100 train_loss:4.2704 train_time:81603ms step_avg:134.22ms
step:619/5100 train_loss:4.3897 train_time:81740ms step_avg:134.22ms
step:620/5100 train_loss:4.4190 train_time:81879ms step_avg:134.23ms
step:621/5100 train_loss:4.3293 train_time:82016ms step_avg:134.23ms
step:622/5100 train_loss:4.3263 train_time:82148ms step_avg:134.23ms
step:623/5100 train_loss:4.2559 train_time:82279ms step_avg:134.22ms
step:624/5100 train_loss:4.3674 train_time:82419ms step_avg:134.23ms
step:625/5100 train_loss:4.3698 train_time:82553ms step_avg:134.23ms
step:626/5100 train_loss:4.3156 train_time:82682ms step_avg:134.22ms
step:627/5100 train_loss:4.3093 train_time:82819ms step_avg:134.23ms
step:628/5100 train_loss:4.3539 train_time:82948ms step_avg:134.22ms
step:629/5100 train_loss:4.2867 train_time:83083ms step_avg:134.22ms
step:630/5100 train_loss:4.2028 train_time:83216ms step_avg:134.22ms
step:631/5100 train_loss:4.2572 train_time:83345ms step_avg:134.21ms
step:632/5100 train_loss:4.3364 train_time:83480ms step_avg:134.21ms
step:633/5100 train_loss:4.2594 train_time:83613ms step_avg:134.21ms
step:634/5100 train_loss:4.3245 train_time:83745ms step_avg:134.21ms
step:635/5100 train_loss:4.3873 train_time:83882ms step_avg:134.21ms
step:636/5100 train_loss:4.2589 train_time:84015ms step_avg:134.21ms
step:637/5100 train_loss:4.2363 train_time:84148ms step_avg:134.21ms
step:638/5100 train_loss:4.1933 train_time:84284ms step_avg:134.21ms
step:639/5100 train_loss:4.4117 train_time:84416ms step_avg:134.21ms
step:640/5100 train_loss:4.2585 train_time:84550ms step_avg:134.21ms
step:641/5100 train_loss:4.3062 train_time:84686ms step_avg:134.21ms
step:642/5100 train_loss:4.3893 train_time:84824ms step_avg:134.21ms
step:643/5100 train_loss:4.3502 train_time:84957ms step_avg:134.21ms
step:644/5100 train_loss:4.2973 train_time:85091ms step_avg:134.21ms
step:645/5100 train_loss:4.2008 train_time:85224ms step_avg:134.21ms
step:646/5100 train_loss:4.3447 train_time:85359ms step_avg:134.21ms
step:647/5100 train_loss:4.3232 train_time:85495ms step_avg:134.22ms
step:648/5100 train_loss:4.2924 train_time:85626ms step_avg:134.21ms
step:649/5100 train_loss:4.2531 train_time:85761ms step_avg:134.21ms
step:650/5100 train_loss:4.2842 train_time:85892ms step_avg:134.21ms
step:651/5100 train_loss:4.3396 train_time:86028ms step_avg:134.21ms
step:652/5100 train_loss:4.2129 train_time:86162ms step_avg:134.21ms
step:653/5100 train_loss:4.2033 train_time:86295ms step_avg:134.21ms
step:654/5100 train_loss:4.3243 train_time:86427ms step_avg:134.20ms
step:655/5100 train_loss:4.4266 train_time:86563ms step_avg:134.21ms
step:656/5100 train_loss:4.2751 train_time:86695ms step_avg:134.20ms
step:657/5100 train_loss:4.2299 train_time:86830ms step_avg:134.20ms
step:658/5100 train_loss:4.2748 train_time:86958ms step_avg:134.19ms
step:659/5100 train_loss:4.1440 train_time:87090ms step_avg:134.19ms
step:660/5100 train_loss:4.3020 train_time:87226ms step_avg:134.19ms
step:661/5100 train_loss:4.3115 train_time:87357ms step_avg:134.19ms
step:662/5100 train_loss:4.3599 train_time:87492ms step_avg:134.19ms
step:663/5100 train_loss:4.2434 train_time:87627ms step_avg:134.19ms
step:664/5100 train_loss:4.3576 train_time:87760ms step_avg:134.19ms
step:665/5100 train_loss:4.2493 train_time:87895ms step_avg:134.19ms
step:666/5100 train_loss:4.2433 train_time:88031ms step_avg:134.19ms
step:667/5100 train_loss:4.1691 train_time:88160ms step_avg:134.19ms
step:668/5100 train_loss:4.2933 train_time:88296ms step_avg:134.19ms
step:669/5100 train_loss:4.1903 train_time:88429ms step_avg:134.19ms
step:670/5100 train_loss:4.2480 train_time:88558ms step_avg:134.18ms
step:671/5100 train_loss:4.3253 train_time:88694ms step_avg:134.18ms
step:672/5100 train_loss:4.2413 train_time:88824ms step_avg:134.18ms
step:673/5100 train_loss:4.1871 train_time:88959ms step_avg:134.18ms
step:674/5100 train_loss:4.2081 train_time:89089ms step_avg:134.17ms
step:675/5100 train_loss:4.1881 train_time:89226ms step_avg:134.17ms
step:676/5100 train_loss:4.3189 train_time:89356ms step_avg:134.17ms
step:677/5100 train_loss:4.2307 train_time:89490ms step_avg:134.17ms
step:678/5100 train_loss:4.1928 train_time:89624ms step_avg:134.17ms
step:679/5100 train_loss:4.2981 train_time:89754ms step_avg:134.16ms
step:680/5100 train_loss:4.2330 train_time:89890ms step_avg:134.16ms
step:681/5100 train_loss:4.1228 train_time:90021ms step_avg:134.16ms
step:682/5100 train_loss:4.2859 train_time:90157ms step_avg:134.16ms
step:683/5100 train_loss:4.2656 train_time:90287ms step_avg:134.16ms
step:684/5100 train_loss:4.0014 train_time:90423ms step_avg:134.16ms
step:685/5100 train_loss:4.3499 train_time:90559ms step_avg:134.16ms
step:686/5100 train_loss:4.2863 train_time:90696ms step_avg:134.17ms
step:687/5100 train_loss:4.3068 train_time:90828ms step_avg:134.16ms
step:688/5100 train_loss:4.2121 train_time:90960ms step_avg:134.16ms
step:689/5100 train_loss:4.4226 train_time:91094ms step_avg:134.16ms
step:690/5100 train_loss:4.2833 train_time:91227ms step_avg:134.16ms
step:691/5100 train_loss:4.3551 train_time:91358ms step_avg:134.15ms
step:692/5100 train_loss:4.2083 train_time:91494ms step_avg:134.16ms
step:693/5100 train_loss:4.1401 train_time:91628ms step_avg:134.16ms
step:694/5100 train_loss:4.3421 train_time:91759ms step_avg:134.15ms
step:695/5100 train_loss:4.2154 train_time:91896ms step_avg:134.15ms
step:696/5100 train_loss:4.3375 train_time:92033ms step_avg:134.16ms
step:697/5100 train_loss:4.2341 train_time:92163ms step_avg:134.15ms
step:698/5100 train_loss:4.2502 train_time:92301ms step_avg:134.16ms
step:699/5100 train_loss:4.2461 train_time:92437ms step_avg:134.16ms
step:700/5100 train_loss:4.3130 train_time:92576ms step_avg:134.17ms
step:701/5100 train_loss:4.2762 train_time:92706ms step_avg:134.16ms
step:702/5100 train_loss:4.1964 train_time:92833ms step_avg:134.15ms
step:703/5100 train_loss:4.2428 train_time:92965ms step_avg:134.15ms
step:704/5100 train_loss:4.2604 train_time:93099ms step_avg:134.15ms
step:705/5100 train_loss:4.2604 train_time:93234ms step_avg:134.15ms
step:706/5100 train_loss:4.1612 train_time:93370ms step_avg:134.15ms
step:707/5100 train_loss:4.2455 train_time:93501ms step_avg:134.15ms
step:708/5100 train_loss:4.3093 train_time:93639ms step_avg:134.15ms
step:709/5100 train_loss:4.2446 train_time:93770ms step_avg:134.15ms
step:710/5100 train_loss:4.1949 train_time:93900ms step_avg:134.14ms
step:711/5100 train_loss:4.1758 train_time:94038ms step_avg:134.15ms
step:712/5100 train_loss:4.3255 train_time:94170ms step_avg:134.14ms
step:713/5100 train_loss:4.3347 train_time:94305ms step_avg:134.15ms
step:714/5100 train_loss:4.2155 train_time:94440ms step_avg:134.15ms
step:715/5100 train_loss:4.3807 train_time:94571ms step_avg:134.14ms
step:716/5100 train_loss:4.2559 train_time:94706ms step_avg:134.14ms
step:717/5100 train_loss:4.1907 train_time:94840ms step_avg:134.14ms
step:718/5100 train_loss:4.1774 train_time:94972ms step_avg:134.14ms
step:719/5100 train_loss:4.3062 train_time:95104ms step_avg:134.14ms
step:720/5100 train_loss:4.2183 train_time:95241ms step_avg:134.14ms
step:721/5100 train_loss:4.2338 train_time:95372ms step_avg:134.14ms
step:722/5100 train_loss:4.2601 train_time:95509ms step_avg:134.14ms
step:723/5100 train_loss:4.2025 train_time:95641ms step_avg:134.14ms
step:724/5100 train_loss:4.1206 train_time:95774ms step_avg:134.14ms
step:725/5100 train_loss:4.2495 train_time:95908ms step_avg:134.14ms
step:726/5100 train_loss:4.2148 train_time:96042ms step_avg:134.14ms
step:727/5100 train_loss:4.2037 train_time:96177ms step_avg:134.14ms
step:728/5100 train_loss:4.2615 train_time:96308ms step_avg:134.13ms
step:729/5100 train_loss:4.2966 train_time:96442ms step_avg:134.13ms
step:730/5100 train_loss:4.2184 train_time:96580ms step_avg:134.14ms
step:731/5100 train_loss:4.1559 train_time:96716ms step_avg:134.14ms
step:732/5100 train_loss:4.1999 train_time:96852ms step_avg:134.14ms
step:733/5100 train_loss:4.1804 train_time:96986ms step_avg:134.14ms
step:734/5100 train_loss:4.2187 train_time:97121ms step_avg:134.15ms
step:735/5100 train_loss:4.2623 train_time:97253ms step_avg:134.14ms
step:736/5100 train_loss:4.3885 train_time:97388ms step_avg:134.14ms
step:737/5100 train_loss:4.1441 train_time:97524ms step_avg:134.15ms
step:738/5100 train_loss:4.2193 train_time:97656ms step_avg:134.14ms
step:739/5100 train_loss:4.1246 train_time:97790ms step_avg:134.14ms
step:740/5100 train_loss:4.2113 train_time:97922ms step_avg:134.14ms
step:741/5100 train_loss:4.2853 train_time:98055ms step_avg:134.14ms
step:742/5100 train_loss:4.1932 train_time:98193ms step_avg:134.14ms
step:743/5100 train_loss:4.2574 train_time:98324ms step_avg:134.14ms
step:744/5100 train_loss:4.2199 train_time:98460ms step_avg:134.14ms
step:745/5100 train_loss:4.1518 train_time:98591ms step_avg:134.14ms
step:746/5100 train_loss:4.2355 train_time:98728ms step_avg:134.14ms
step:747/5100 train_loss:4.2491 train_time:98855ms step_avg:134.13ms
step:748/5100 train_loss:4.2610 train_time:98986ms step_avg:134.13ms
step:749/5100 train_loss:4.3071 train_time:99122ms step_avg:134.13ms
step:750/5100 train_loss:4.3645 train_time:99255ms step_avg:134.13ms
step:751/5100 train_loss:4.1884 train_time:99384ms step_avg:134.12ms
step:752/5100 train_loss:4.2005 train_time:99521ms step_avg:134.13ms
step:753/5100 train_loss:4.2411 train_time:99658ms step_avg:134.13ms
step:754/5100 train_loss:4.1711 train_time:99787ms step_avg:134.12ms
step:755/5100 train_loss:4.2577 train_time:99920ms step_avg:134.12ms
step:756/5100 train_loss:4.1783 train_time:100050ms step_avg:134.11ms
step:757/5100 train_loss:4.0974 train_time:100184ms step_avg:134.11ms
step:758/5100 train_loss:4.3209 train_time:100315ms step_avg:134.11ms
step:759/5100 train_loss:4.1977 train_time:100447ms step_avg:134.11ms
step:760/5100 train_loss:4.1535 train_time:100582ms step_avg:134.11ms
step:761/5100 train_loss:4.1559 train_time:100713ms step_avg:134.11ms
step:762/5100 train_loss:4.6463 train_time:101064ms step_avg:134.39ms
step:763/5100 train_loss:4.1004 train_time:101198ms step_avg:134.39ms
step:764/5100 train_loss:4.1737 train_time:101329ms step_avg:134.39ms
step:765/5100 train_loss:4.1626 train_time:101462ms step_avg:134.39ms
step:766/5100 train_loss:4.1436 train_time:101593ms step_avg:134.38ms
step:767/5100 train_loss:4.0492 train_time:101725ms step_avg:134.38ms
step:768/5100 train_loss:4.1680 train_time:101858ms step_avg:134.38ms
step:769/5100 train_loss:4.3750 train_time:101992ms step_avg:134.38ms
step:770/5100 train_loss:4.2539 train_time:102128ms step_avg:134.38ms
step:771/5100 train_loss:4.3254 train_time:102262ms step_avg:134.38ms
step:772/5100 train_loss:4.1544 train_time:102396ms step_avg:134.38ms
step:773/5100 train_loss:4.2952 train_time:102532ms step_avg:134.38ms
step:774/5100 train_loss:4.2075 train_time:102665ms step_avg:134.38ms
step:775/5100 train_loss:4.2320 train_time:102802ms step_avg:134.38ms
step:776/5100 train_loss:4.3022 train_time:102938ms step_avg:134.38ms
step:777/5100 train_loss:4.2446 train_time:103068ms step_avg:134.38ms
step:778/5100 train_loss:4.2127 train_time:103205ms step_avg:134.38ms
step:779/5100 train_loss:4.3328 train_time:103337ms step_avg:134.38ms
step:780/5100 train_loss:4.3129 train_time:103467ms step_avg:134.37ms
step:781/5100 train_loss:4.2688 train_time:103599ms step_avg:134.37ms
step:782/5100 train_loss:4.1008 train_time:103733ms step_avg:134.37ms
step:783/5100 train_loss:4.3108 train_time:103864ms step_avg:134.36ms
step:784/5100 train_loss:4.2369 train_time:103994ms step_avg:134.36ms
step:785/5100 train_loss:4.2236 train_time:104127ms step_avg:134.36ms
step:786/5100 train_loss:4.4261 train_time:104257ms step_avg:134.35ms
step:787/5100 train_loss:4.1931 train_time:104390ms step_avg:134.35ms
step:788/5100 train_loss:4.1339 train_time:104525ms step_avg:134.35ms
step:789/5100 train_loss:4.2135 train_time:104658ms step_avg:134.35ms
step:790/5100 train_loss:4.2080 train_time:104789ms step_avg:134.35ms
step:791/5100 train_loss:4.1808 train_time:104921ms step_avg:134.34ms
step:792/5100 train_loss:4.2776 train_time:105051ms step_avg:134.34ms
step:793/5100 train_loss:4.2274 train_time:105186ms step_avg:134.34ms
step:794/5100 train_loss:4.2896 train_time:105318ms step_avg:134.33ms
step:795/5100 train_loss:4.1876 train_time:105449ms step_avg:134.33ms
step:796/5100 train_loss:4.1066 train_time:105582ms step_avg:134.33ms
step:797/5100 train_loss:4.2333 train_time:105715ms step_avg:134.33ms
step:798/5100 train_loss:4.2315 train_time:105852ms step_avg:134.33ms
step:799/5100 train_loss:4.1663 train_time:105982ms step_avg:134.32ms
step:800/5100 train_loss:4.2805 train_time:106118ms step_avg:134.33ms
step:801/5100 train_loss:4.3921 train_time:106252ms step_avg:134.33ms
step:802/5100 train_loss:4.6220 train_time:106382ms step_avg:134.32ms
step:803/5100 train_loss:4.1396 train_time:106518ms step_avg:134.32ms
step:804/5100 train_loss:4.1600 train_time:106651ms step_avg:134.32ms
step:805/5100 train_loss:4.1557 train_time:106784ms step_avg:134.32ms
step:806/5100 train_loss:4.3401 train_time:106917ms step_avg:134.32ms
step:807/5100 train_loss:4.1907 train_time:107047ms step_avg:134.31ms
step:808/5100 train_loss:4.2684 train_time:107182ms step_avg:134.31ms
step:809/5100 train_loss:4.2285 train_time:107318ms step_avg:134.32ms
step:810/5100 train_loss:4.2045 train_time:107448ms step_avg:134.31ms
step:811/5100 train_loss:4.1786 train_time:107579ms step_avg:134.31ms
step:812/5100 train_loss:4.3212 train_time:107724ms step_avg:134.32ms
step:813/5100 train_loss:4.2419 train_time:107857ms step_avg:134.32ms
step:814/5100 train_loss:4.2283 train_time:107993ms step_avg:134.32ms
step:815/5100 train_loss:4.2834 train_time:108125ms step_avg:134.32ms
step:816/5100 train_loss:4.2825 train_time:108257ms step_avg:134.31ms
step:817/5100 train_loss:4.2229 train_time:108393ms step_avg:134.32ms
step:818/5100 train_loss:4.1939 train_time:108524ms step_avg:134.31ms
step:819/5100 train_loss:4.2008 train_time:108653ms step_avg:134.31ms
step:820/5100 train_loss:4.3463 train_time:108786ms step_avg:134.30ms
step:821/5100 train_loss:4.1769 train_time:108922ms step_avg:134.31ms
step:822/5100 train_loss:4.1689 train_time:109053ms step_avg:134.30ms
step:823/5100 train_loss:4.1514 train_time:109185ms step_avg:134.30ms
step:824/5100 train_loss:4.0334 train_time:109321ms step_avg:134.30ms
step:825/5100 train_loss:4.1190 train_time:109453ms step_avg:134.30ms
step:826/5100 train_loss:4.1777 train_time:109583ms step_avg:134.29ms
step:827/5100 train_loss:4.2780 train_time:109720ms step_avg:134.30ms
step:828/5100 train_loss:4.2131 train_time:109851ms step_avg:134.29ms
step:829/5100 train_loss:4.2815 train_time:109981ms step_avg:134.29ms
step:830/5100 train_loss:4.1826 train_time:110117ms step_avg:134.29ms
step:831/5100 train_loss:4.3027 train_time:110252ms step_avg:134.29ms
step:832/5100 train_loss:4.2609 train_time:110382ms step_avg:134.29ms
step:833/5100 train_loss:4.1786 train_time:110518ms step_avg:134.29ms
step:834/5100 train_loss:4.2314 train_time:110653ms step_avg:134.29ms
step:835/5100 train_loss:4.2068 train_time:110783ms step_avg:134.28ms
step:836/5100 train_loss:4.2586 train_time:110918ms step_avg:134.28ms
step:837/5100 train_loss:4.1271 train_time:111055ms step_avg:134.29ms
step:838/5100 train_loss:4.0214 train_time:111185ms step_avg:134.28ms
step:839/5100 train_loss:4.0893 train_time:111316ms step_avg:134.28ms
step:840/5100 train_loss:4.2189 train_time:111451ms step_avg:134.28ms
step:841/5100 train_loss:4.2619 train_time:111582ms step_avg:134.27ms
step:842/5100 train_loss:4.1510 train_time:111718ms step_avg:134.28ms
step:843/5100 train_loss:4.2520 train_time:111852ms step_avg:134.28ms
step:844/5100 train_loss:4.1389 train_time:111987ms step_avg:134.28ms
step:845/5100 train_loss:4.2275 train_time:112121ms step_avg:134.28ms
step:846/5100 train_loss:4.1752 train_time:112251ms step_avg:134.27ms
step:847/5100 train_loss:4.1899 train_time:112386ms step_avg:134.27ms
step:848/5100 train_loss:4.1501 train_time:112518ms step_avg:134.27ms
step:849/5100 train_loss:4.2202 train_time:112650ms step_avg:134.27ms
step:850/5100 train_loss:4.1853 train_time:112784ms step_avg:134.27ms
step:851/5100 train_loss:4.2160 train_time:112916ms step_avg:134.26ms
step:852/5100 train_loss:4.2153 train_time:113050ms step_avg:134.26ms
step:853/5100 train_loss:4.1838 train_time:113183ms step_avg:134.26ms
step:854/5100 train_loss:4.1240 train_time:113320ms step_avg:134.27ms
step:855/5100 train_loss:4.2458 train_time:113451ms step_avg:134.26ms
step:856/5100 train_loss:4.2182 train_time:113590ms step_avg:134.27ms
step:857/5100 train_loss:4.1776 train_time:113719ms step_avg:134.26ms
step:858/5100 train_loss:4.1910 train_time:113852ms step_avg:134.26ms
step:859/5100 train_loss:4.2191 train_time:113987ms step_avg:134.26ms
step:860/5100 train_loss:4.1094 train_time:114115ms step_avg:134.25ms
step:861/5100 train_loss:4.2661 train_time:114248ms step_avg:134.25ms
step:862/5100 train_loss:4.2104 train_time:114386ms step_avg:134.26ms
step:863/5100 train_loss:4.1335 train_time:114518ms step_avg:134.25ms
step:864/5100 train_loss:4.1199 train_time:114651ms step_avg:134.25ms
step:865/5100 train_loss:4.2198 train_time:114786ms step_avg:134.25ms
step:866/5100 train_loss:4.2175 train_time:114923ms step_avg:134.26ms
step:867/5100 train_loss:4.1011 train_time:115054ms step_avg:134.25ms
step:868/5100 train_loss:4.1626 train_time:115188ms step_avg:134.25ms
step:869/5100 train_loss:4.2490 train_time:115327ms step_avg:134.26ms
step:870/5100 train_loss:4.3217 train_time:115458ms step_avg:134.25ms
step:871/5100 train_loss:4.1888 train_time:115590ms step_avg:134.25ms
step:872/5100 train_loss:4.2389 train_time:115724ms step_avg:134.25ms
step:873/5100 train_loss:4.1670 train_time:115853ms step_avg:134.24ms
step:874/5100 train_loss:4.1150 train_time:115986ms step_avg:134.24ms
step:875/5100 train_loss:4.1199 train_time:116120ms step_avg:134.24ms
step:876/5100 train_loss:4.1667 train_time:116251ms step_avg:134.24ms
step:877/5100 train_loss:4.1664 train_time:116385ms step_avg:134.24ms
step:878/5100 train_loss:4.2798 train_time:116524ms step_avg:134.24ms
step:879/5100 train_loss:4.1325 train_time:116657ms step_avg:134.24ms
step:880/5100 train_loss:4.1474 train_time:116794ms step_avg:134.25ms
step:881/5100 train_loss:4.0867 train_time:116933ms step_avg:134.25ms
step:882/5100 train_loss:4.0852 train_time:117060ms step_avg:134.24ms
step:883/5100 train_loss:4.2885 train_time:117193ms step_avg:134.24ms
step:884/5100 train_loss:4.1564 train_time:117329ms step_avg:134.24ms
step:885/5100 train_loss:4.1939 train_time:117464ms step_avg:134.24ms
step:886/5100 train_loss:4.1436 train_time:117595ms step_avg:134.24ms
step:887/5100 train_loss:4.1156 train_time:117731ms step_avg:134.24ms
step:888/5100 train_loss:4.0937 train_time:117865ms step_avg:134.24ms
step:889/5100 train_loss:4.1218 train_time:117999ms step_avg:134.24ms
step:890/5100 train_loss:4.1695 train_time:118131ms step_avg:134.24ms
step:891/5100 train_loss:4.1975 train_time:118261ms step_avg:134.24ms
step:892/5100 train_loss:4.2207 train_time:118397ms step_avg:134.24ms
step:893/5100 train_loss:4.2111 train_time:118529ms step_avg:134.23ms
step:894/5100 train_loss:4.1782 train_time:118661ms step_avg:134.23ms
step:895/5100 train_loss:4.3181 train_time:118799ms step_avg:134.24ms
step:896/5100 train_loss:4.2595 train_time:118931ms step_avg:134.23ms
step:897/5100 train_loss:4.1845 train_time:119066ms step_avg:134.23ms
step:898/5100 train_loss:4.1402 train_time:119199ms step_avg:134.23ms
step:899/5100 train_loss:4.2417 train_time:119333ms step_avg:134.23ms
step:900/5100 train_loss:4.1539 train_time:119466ms step_avg:134.23ms
step:901/5100 train_loss:4.0983 train_time:119600ms step_avg:134.23ms
step:902/5100 train_loss:4.1009 train_time:119731ms step_avg:134.23ms
step:903/5100 train_loss:4.1357 train_time:119861ms step_avg:134.22ms
step:904/5100 train_loss:4.0797 train_time:119996ms step_avg:134.22ms
step:904/5100 val_loss:4.1622 train_time:120002ms step_avg:134.23ms
step:905/5100 train_loss:4.2117 train_time:120131ms step_avg:134.22ms
step:906/5100 train_loss:4.1128 train_time:120271ms step_avg:134.23ms
step:907/5100 train_loss:4.1754 train_time:120403ms step_avg:134.23ms
step:908/5100 train_loss:4.0989 train_time:120535ms step_avg:134.23ms
step:909/5100 train_loss:4.1460 train_time:120672ms step_avg:134.23ms
step:910/5100 train_loss:4.0943 train_time:120802ms step_avg:134.22ms
step:911/5100 train_loss:4.2352 train_time:120935ms step_avg:134.22ms
step:912/5100 train_loss:4.2204 train_time:121068ms step_avg:134.22ms
step:913/5100 train_loss:4.1947 train_time:121199ms step_avg:134.22ms
step:914/5100 train_loss:4.2492 train_time:121334ms step_avg:134.22ms
step:915/5100 train_loss:4.1623 train_time:121470ms step_avg:134.22ms
step:916/5100 train_loss:4.1346 train_time:121600ms step_avg:134.22ms
step:917/5100 train_loss:4.1386 train_time:121734ms step_avg:134.22ms
step:918/5100 train_loss:4.2256 train_time:121866ms step_avg:134.21ms
step:919/5100 train_loss:4.2553 train_time:121998ms step_avg:134.21ms
step:920/5100 train_loss:4.1669 train_time:122134ms step_avg:134.21ms
step:921/5100 train_loss:4.1892 train_time:122268ms step_avg:134.21ms
step:922/5100 train_loss:4.0980 train_time:122403ms step_avg:134.21ms
step:923/5100 train_loss:4.0362 train_time:122534ms step_avg:134.21ms
step:924/5100 train_loss:4.0816 train_time:122666ms step_avg:134.21ms
step:925/5100 train_loss:4.1684 train_time:122797ms step_avg:134.20ms
step:926/5100 train_loss:4.1748 train_time:122929ms step_avg:134.20ms
step:927/5100 train_loss:4.1605 train_time:123065ms step_avg:134.20ms
step:928/5100 train_loss:4.1464 train_time:123201ms step_avg:134.21ms
step:929/5100 train_loss:4.1762 train_time:123334ms step_avg:134.20ms
step:930/5100 train_loss:4.1000 train_time:123468ms step_avg:134.20ms
step:931/5100 train_loss:4.0872 train_time:123603ms step_avg:134.20ms
step:932/5100 train_loss:4.1841 train_time:123739ms step_avg:134.21ms
step:933/5100 train_loss:4.2134 train_time:123870ms step_avg:134.20ms
step:934/5100 train_loss:4.1286 train_time:124006ms step_avg:134.21ms
step:935/5100 train_loss:4.1741 train_time:124137ms step_avg:134.20ms
step:936/5100 train_loss:4.1397 train_time:124268ms step_avg:134.20ms
step:937/5100 train_loss:4.1615 train_time:124403ms step_avg:134.20ms
step:938/5100 train_loss:4.2333 train_time:124535ms step_avg:134.20ms
step:939/5100 train_loss:4.1786 train_time:124668ms step_avg:134.20ms
step:940/5100 train_loss:4.0719 train_time:124807ms step_avg:134.20ms
step:941/5100 train_loss:4.2416 train_time:124936ms step_avg:134.20ms
step:942/5100 train_loss:4.1980 train_time:125071ms step_avg:134.20ms
step:943/5100 train_loss:4.3169 train_time:125208ms step_avg:134.20ms
step:944/5100 train_loss:4.2077 train_time:125337ms step_avg:134.19ms
step:945/5100 train_loss:4.1272 train_time:125464ms step_avg:134.19ms
step:946/5100 train_loss:4.2304 train_time:125598ms step_avg:134.19ms
step:947/5100 train_loss:4.2634 train_time:125729ms step_avg:134.18ms
step:948/5100 train_loss:4.0965 train_time:125864ms step_avg:134.18ms
step:949/5100 train_loss:4.4233 train_time:125998ms step_avg:134.18ms
step:950/5100 train_loss:4.2688 train_time:126134ms step_avg:134.18ms
step:951/5100 train_loss:4.1437 train_time:126267ms step_avg:134.18ms
step:952/5100 train_loss:4.1586 train_time:126405ms step_avg:134.19ms
step:953/5100 train_loss:4.2021 train_time:126535ms step_avg:134.18ms
step:954/5100 train_loss:4.2405 train_time:126672ms step_avg:134.19ms
step:955/5100 train_loss:4.1182 train_time:126804ms step_avg:134.18ms
step:956/5100 train_loss:4.1668 train_time:126937ms step_avg:134.18ms
step:957/5100 train_loss:4.1386 train_time:127073ms step_avg:134.18ms
step:958/5100 train_loss:4.1268 train_time:127210ms step_avg:134.19ms
step:959/5100 train_loss:4.0440 train_time:127341ms step_avg:134.18ms
step:960/5100 train_loss:4.1244 train_time:127475ms step_avg:134.18ms
step:961/5100 train_loss:4.0649 train_time:127609ms step_avg:134.18ms
step:962/5100 train_loss:4.3295 train_time:127741ms step_avg:134.18ms
step:963/5100 train_loss:4.0712 train_time:127874ms step_avg:134.18ms
step:964/5100 train_loss:4.1862 train_time:128011ms step_avg:134.18ms
step:965/5100 train_loss:4.2054 train_time:128140ms step_avg:134.18ms
step:966/5100 train_loss:4.5596 train_time:128269ms step_avg:134.17ms
step:967/5100 train_loss:4.2032 train_time:128404ms step_avg:134.17ms
step:968/5100 train_loss:4.1288 train_time:128534ms step_avg:134.17ms
step:969/5100 train_loss:4.1679 train_time:128675ms step_avg:134.18ms
step:970/5100 train_loss:4.4083 train_time:128805ms step_avg:134.17ms
step:971/5100 train_loss:4.2418 train_time:128939ms step_avg:134.17ms
step:972/5100 train_loss:4.1611 train_time:129074ms step_avg:134.17ms
step:973/5100 train_loss:4.1028 train_time:129210ms step_avg:134.17ms
step:974/5100 train_loss:4.1566 train_time:129346ms step_avg:134.18ms
step:975/5100 train_loss:4.0613 train_time:129478ms step_avg:134.17ms
step:976/5100 train_loss:4.2313 train_time:129614ms step_avg:134.18ms
step:977/5100 train_loss:4.1899 train_time:129746ms step_avg:134.17ms
step:978/5100 train_loss:4.1581 train_time:129878ms step_avg:134.17ms
step:979/5100 train_loss:4.2090 train_time:130011ms step_avg:134.17ms
step:980/5100 train_loss:4.1517 train_time:130146ms step_avg:134.17ms
step:981/5100 train_loss:4.1737 train_time:130276ms step_avg:134.17ms
step:982/5100 train_loss:4.0573 train_time:130415ms step_avg:134.17ms
step:983/5100 train_loss:4.0460 train_time:130545ms step_avg:134.17ms
step:984/5100 train_loss:4.1239 train_time:130676ms step_avg:134.16ms
step:985/5100 train_loss:4.0790 train_time:130812ms step_avg:134.17ms
step:986/5100 train_loss:4.2189 train_time:130946ms step_avg:134.17ms
step:987/5100 train_loss:4.1431 train_time:131077ms step_avg:134.16ms
step:988/5100 train_loss:4.1254 train_time:131208ms step_avg:134.16ms
step:989/5100 train_loss:4.0111 train_time:131340ms step_avg:134.16ms
step:990/5100 train_loss:4.1096 train_time:131475ms step_avg:134.16ms
step:991/5100 train_loss:4.0848 train_time:131605ms step_avg:134.15ms
step:992/5100 train_loss:4.2395 train_time:131740ms step_avg:134.16ms
step:993/5100 train_loss:4.1356 train_time:131872ms step_avg:134.15ms
step:994/5100 train_loss:4.0234 train_time:132005ms step_avg:134.15ms
step:995/5100 train_loss:4.1588 train_time:132139ms step_avg:134.15ms
step:996/5100 train_loss:3.9885 train_time:132273ms step_avg:134.15ms
step:997/5100 train_loss:4.2027 train_time:132404ms step_avg:134.15ms
step:998/5100 train_loss:4.1646 train_time:132538ms step_avg:134.15ms
step:999/5100 train_loss:4.2082 train_time:132670ms step_avg:134.15ms
step:1000/5100 train_loss:4.1422 train_time:132807ms step_avg:134.15ms
step:1001/5100 train_loss:4.1242 train_time:132939ms step_avg:134.15ms
step:1002/5100 train_loss:4.1149 train_time:133073ms step_avg:134.15ms
step:1003/5100 train_loss:4.0003 train_time:133203ms step_avg:134.14ms
step:1004/5100 train_loss:4.1537 train_time:133333ms step_avg:134.14ms
step:1005/5100 train_loss:4.1481 train_time:133470ms step_avg:134.14ms
step:1006/5100 train_loss:4.1326 train_time:133604ms step_avg:134.14ms
step:1007/5100 train_loss:4.2696 train_time:133734ms step_avg:134.14ms
step:1008/5100 train_loss:4.2552 train_time:133864ms step_avg:134.13ms
step:1009/5100 train_loss:4.1383 train_time:133994ms step_avg:134.13ms
step:1010/5100 train_loss:4.1255 train_time:134128ms step_avg:134.13ms
step:1011/5100 train_loss:4.1829 train_time:134263ms step_avg:134.13ms
step:1012/5100 train_loss:4.0864 train_time:134393ms step_avg:134.12ms
step:1013/5100 train_loss:4.1126 train_time:134528ms step_avg:134.13ms
step:1014/5100 train_loss:4.2537 train_time:134660ms step_avg:134.12ms
step:1015/5100 train_loss:4.0742 train_time:134789ms step_avg:134.12ms
step:1016/5100 train_loss:4.0645 train_time:134921ms step_avg:134.12ms
step:1017/5100 train_loss:4.1049 train_time:135059ms step_avg:134.12ms
step:1018/5100 train_loss:4.1124 train_time:135190ms step_avg:134.12ms
step:1019/5100 train_loss:4.0864 train_time:135330ms step_avg:134.12ms
step:1020/5100 train_loss:4.1617 train_time:135460ms step_avg:134.12ms
step:1021/5100 train_loss:4.1960 train_time:135595ms step_avg:134.12ms
step:1022/5100 train_loss:4.0904 train_time:135729ms step_avg:134.12ms
step:1023/5100 train_loss:4.2246 train_time:135861ms step_avg:134.12ms
step:1024/5100 train_loss:4.1450 train_time:135997ms step_avg:134.12ms
step:1025/5100 train_loss:4.1212 train_time:136129ms step_avg:134.12ms
step:1026/5100 train_loss:4.1137 train_time:136264ms step_avg:134.12ms
step:1027/5100 train_loss:4.0694 train_time:136393ms step_avg:134.11ms
step:1028/5100 train_loss:4.0796 train_time:136522ms step_avg:134.11ms
step:1029/5100 train_loss:4.1374 train_time:136657ms step_avg:134.11ms
step:1030/5100 train_loss:4.1710 train_time:136786ms step_avg:134.10ms
step:1031/5100 train_loss:4.1261 train_time:136917ms step_avg:134.10ms
step:1032/5100 train_loss:4.1978 train_time:137053ms step_avg:134.10ms
step:1033/5100 train_loss:4.3434 train_time:137184ms step_avg:134.10ms
step:1034/5100 train_loss:4.1320 train_time:137315ms step_avg:134.10ms
step:1035/5100 train_loss:4.1854 train_time:137452ms step_avg:134.10ms
step:1036/5100 train_loss:4.0990 train_time:137581ms step_avg:134.09ms
step:1037/5100 train_loss:4.1164 train_time:137714ms step_avg:134.09ms
step:1038/5100 train_loss:4.0730 train_time:137849ms step_avg:134.09ms
step:1039/5100 train_loss:4.1335 train_time:137984ms step_avg:134.10ms
step:1040/5100 train_loss:4.1187 train_time:138119ms step_avg:134.10ms
step:1041/5100 train_loss:4.1046 train_time:138251ms step_avg:134.09ms
step:1042/5100 train_loss:4.0980 train_time:138388ms step_avg:134.10ms
step:1043/5100 train_loss:4.0601 train_time:138520ms step_avg:134.09ms
step:1044/5100 train_loss:4.2474 train_time:138653ms step_avg:134.09ms
step:1045/5100 train_loss:4.0243 train_time:138789ms step_avg:134.10ms
step:1046/5100 train_loss:4.0856 train_time:138919ms step_avg:134.09ms
step:1047/5100 train_loss:3.9923 train_time:139058ms step_avg:134.10ms
step:1048/5100 train_loss:4.1276 train_time:139185ms step_avg:134.09ms
step:1049/5100 train_loss:4.1880 train_time:139318ms step_avg:134.09ms
step:1050/5100 train_loss:4.1928 train_time:139454ms step_avg:134.09ms
step:1051/5100 train_loss:4.1857 train_time:139585ms step_avg:134.09ms
step:1052/5100 train_loss:4.1017 train_time:139720ms step_avg:134.09ms
step:1053/5100 train_loss:4.0743 train_time:139851ms step_avg:134.09ms
step:1054/5100 train_loss:4.2122 train_time:139986ms step_avg:134.09ms
step:1055/5100 train_loss:4.1590 train_time:140120ms step_avg:134.09ms
step:1056/5100 train_loss:4.1280 train_time:140252ms step_avg:134.08ms
step:1057/5100 train_loss:4.1865 train_time:140387ms step_avg:134.08ms
step:1058/5100 train_loss:4.3773 train_time:140516ms step_avg:134.08ms
step:1059/5100 train_loss:4.0466 train_time:140651ms step_avg:134.08ms
step:1060/5100 train_loss:4.0192 train_time:140785ms step_avg:134.08ms
step:1061/5100 train_loss:4.0069 train_time:140920ms step_avg:134.08ms
step:1062/5100 train_loss:4.1073 train_time:141057ms step_avg:134.08ms
step:1063/5100 train_loss:4.0629 train_time:141191ms step_avg:134.08ms
step:1064/5100 train_loss:4.1392 train_time:141323ms step_avg:134.08ms
step:1065/5100 train_loss:4.1809 train_time:141462ms step_avg:134.09ms
step:1066/5100 train_loss:4.2006 train_time:141593ms step_avg:134.08ms
step:1067/5100 train_loss:4.1037 train_time:141728ms step_avg:134.08ms
step:1068/5100 train_loss:4.0588 train_time:141864ms step_avg:134.09ms
step:1069/5100 train_loss:4.0730 train_time:141993ms step_avg:134.08ms
step:1070/5100 train_loss:4.1563 train_time:142126ms step_avg:134.08ms
step:1071/5100 train_loss:4.0907 train_time:142257ms step_avg:134.08ms
step:1072/5100 train_loss:4.1112 train_time:142390ms step_avg:134.08ms
step:1073/5100 train_loss:4.0965 train_time:142528ms step_avg:134.08ms
step:1074/5100 train_loss:4.0556 train_time:142658ms step_avg:134.08ms
step:1075/5100 train_loss:4.0479 train_time:142793ms step_avg:134.08ms
step:1076/5100 train_loss:4.1204 train_time:142926ms step_avg:134.08ms
step:1077/5100 train_loss:4.0384 train_time:143057ms step_avg:134.07ms
step:1078/5100 train_loss:4.1417 train_time:143191ms step_avg:134.07ms
step:1079/5100 train_loss:4.2043 train_time:143327ms step_avg:134.08ms
step:1080/5100 train_loss:4.1712 train_time:143460ms step_avg:134.07ms
step:1081/5100 train_loss:4.0075 train_time:143594ms step_avg:134.07ms
step:1082/5100 train_loss:4.2128 train_time:143727ms step_avg:134.07ms
step:1083/5100 train_loss:4.1034 train_time:143865ms step_avg:134.08ms
step:1084/5100 train_loss:4.1079 train_time:144002ms step_avg:134.08ms
step:1085/5100 train_loss:4.2366 train_time:144134ms step_avg:134.08ms
step:1086/5100 train_loss:4.1493 train_time:144271ms step_avg:134.08ms
step:1087/5100 train_loss:4.1793 train_time:144401ms step_avg:134.08ms
step:1088/5100 train_loss:4.1590 train_time:144534ms step_avg:134.08ms
step:1089/5100 train_loss:4.0137 train_time:144670ms step_avg:134.08ms
step:1090/5100 train_loss:4.1014 train_time:144800ms step_avg:134.07ms
step:1091/5100 train_loss:4.1408 train_time:144934ms step_avg:134.07ms
step:1092/5100 train_loss:4.0866 train_time:145064ms step_avg:134.07ms
step:1093/5100 train_loss:4.1501 train_time:145195ms step_avg:134.07ms
step:1094/5100 train_loss:4.1476 train_time:145331ms step_avg:134.07ms
step:1095/5100 train_loss:4.1470 train_time:145464ms step_avg:134.07ms
step:1096/5100 train_loss:4.1094 train_time:145599ms step_avg:134.07ms
step:1097/5100 train_loss:4.1532 train_time:145731ms step_avg:134.07ms
step:1098/5100 train_loss:3.9523 train_time:145867ms step_avg:134.07ms
step:1099/5100 train_loss:4.0388 train_time:146000ms step_avg:134.07ms
step:1100/5100 train_loss:4.1638 train_time:146131ms step_avg:134.06ms
step:1101/5100 train_loss:4.0812 train_time:146264ms step_avg:134.06ms
step:1102/5100 train_loss:4.1334 train_time:146396ms step_avg:134.06ms
step:1103/5100 train_loss:4.1277 train_time:146529ms step_avg:134.06ms
step:1104/5100 train_loss:4.2964 train_time:146662ms step_avg:134.06ms
step:1105/5100 train_loss:4.0565 train_time:146796ms step_avg:134.06ms
step:1106/5100 train_loss:4.1717 train_time:146933ms step_avg:134.06ms
step:1107/5100 train_loss:4.1819 train_time:147065ms step_avg:134.06ms
step:1108/5100 train_loss:4.1083 train_time:147199ms step_avg:134.06ms
step:1109/5100 train_loss:4.1402 train_time:147335ms step_avg:134.06ms
step:1110/5100 train_loss:3.9965 train_time:147466ms step_avg:134.06ms
step:1111/5100 train_loss:4.0791 train_time:147597ms step_avg:134.06ms
step:1112/5100 train_loss:4.1438 train_time:147728ms step_avg:134.05ms
step:1113/5100 train_loss:4.0836 train_time:147865ms step_avg:134.06ms
step:1114/5100 train_loss:4.2024 train_time:147995ms step_avg:134.05ms
step:1115/5100 train_loss:4.0793 train_time:148131ms step_avg:134.05ms
step:1116/5100 train_loss:4.0748 train_time:148264ms step_avg:134.05ms
step:1117/5100 train_loss:3.9695 train_time:148396ms step_avg:134.05ms
step:1118/5100 train_loss:4.0363 train_time:148533ms step_avg:134.05ms
step:1119/5100 train_loss:4.1338 train_time:148665ms step_avg:134.05ms
step:1120/5100 train_loss:4.1939 train_time:148801ms step_avg:134.05ms
step:1121/5100 train_loss:4.2309 train_time:148931ms step_avg:134.05ms
step:1122/5100 train_loss:4.1429 train_time:149070ms step_avg:134.06ms
step:1123/5100 train_loss:4.1444 train_time:149203ms step_avg:134.05ms
step:1124/5100 train_loss:4.1893 train_time:149334ms step_avg:134.05ms
step:1125/5100 train_loss:4.0710 train_time:149470ms step_avg:134.05ms
step:1126/5100 train_loss:4.1106 train_time:149606ms step_avg:134.06ms
step:1127/5100 train_loss:4.1993 train_time:149740ms step_avg:134.06ms
step:1128/5100 train_loss:4.2039 train_time:149872ms step_avg:134.05ms
step:1129/5100 train_loss:4.1153 train_time:150010ms step_avg:134.06ms
step:1130/5100 train_loss:4.1387 train_time:150150ms step_avg:134.06ms
step:1131/5100 train_loss:4.0088 train_time:150285ms step_avg:134.06ms
step:1132/5100 train_loss:4.0685 train_time:150416ms step_avg:134.06ms
step:1133/5100 train_loss:4.1174 train_time:150551ms step_avg:134.06ms
step:1134/5100 train_loss:4.1464 train_time:150683ms step_avg:134.06ms
step:1135/5100 train_loss:4.1734 train_time:150814ms step_avg:134.06ms
step:1136/5100 train_loss:4.0965 train_time:150947ms step_avg:134.06ms
step:1137/5100 train_loss:4.0241 train_time:151080ms step_avg:134.05ms
step:1138/5100 train_loss:4.0196 train_time:151212ms step_avg:134.05ms
step:1139/5100 train_loss:4.1193 train_time:151348ms step_avg:134.05ms
step:1140/5100 train_loss:4.1536 train_time:151482ms step_avg:134.05ms
step:1141/5100 train_loss:4.1962 train_time:151614ms step_avg:134.05ms
step:1142/5100 train_loss:4.1281 train_time:151749ms step_avg:134.05ms
step:1143/5100 train_loss:4.1329 train_time:151881ms step_avg:134.05ms
step:1144/5100 train_loss:4.2462 train_time:152016ms step_avg:134.05ms
step:1145/5100 train_loss:4.0650 train_time:152154ms step_avg:134.06ms
step:1146/5100 train_loss:4.0724 train_time:152287ms step_avg:134.06ms
step:1147/5100 train_loss:4.1052 train_time:152420ms step_avg:134.05ms
step:1148/5100 train_loss:4.0855 train_time:152560ms step_avg:134.06ms
step:1149/5100 train_loss:4.0951 train_time:152691ms step_avg:134.06ms
step:1150/5100 train_loss:4.1392 train_time:152823ms step_avg:134.06ms
step:1151/5100 train_loss:4.0345 train_time:152959ms step_avg:134.06ms
step:1152/5100 train_loss:4.1369 train_time:153093ms step_avg:134.06ms
step:1153/5100 train_loss:4.0164 train_time:153227ms step_avg:134.06ms
step:1154/5100 train_loss:4.1712 train_time:153362ms step_avg:134.06ms
step:1155/5100 train_loss:4.1155 train_time:153496ms step_avg:134.06ms
step:1156/5100 train_loss:4.0372 train_time:153629ms step_avg:134.06ms
step:1157/5100 train_loss:4.1239 train_time:153765ms step_avg:134.06ms
step:1158/5100 train_loss:4.1822 train_time:153892ms step_avg:134.05ms
step:1159/5100 train_loss:4.0809 train_time:154026ms step_avg:134.05ms
step:1160/5100 train_loss:3.9663 train_time:154163ms step_avg:134.05ms
step:1161/5100 train_loss:4.1940 train_time:154296ms step_avg:134.05ms
step:1162/5100 train_loss:4.0642 train_time:154432ms step_avg:134.06ms
step:1163/5100 train_loss:4.0802 train_time:154564ms step_avg:134.05ms
step:1164/5100 train_loss:4.1390 train_time:154699ms step_avg:134.05ms
step:1165/5100 train_loss:4.1260 train_time:154829ms step_avg:134.05ms
step:1166/5100 train_loss:4.0011 train_time:154965ms step_avg:134.05ms
step:1167/5100 train_loss:4.0692 train_time:155098ms step_avg:134.05ms
step:1168/5100 train_loss:4.0989 train_time:155231ms step_avg:134.05ms
step:1169/5100 train_loss:4.1194 train_time:155368ms step_avg:134.05ms
step:1170/5100 train_loss:4.1876 train_time:155500ms step_avg:134.05ms
step:1171/5100 train_loss:4.1393 train_time:155633ms step_avg:134.05ms
step:1172/5100 train_loss:4.0895 train_time:155768ms step_avg:134.05ms
step:1173/5100 train_loss:4.1022 train_time:155902ms step_avg:134.05ms
step:1174/5100 train_loss:4.0315 train_time:156037ms step_avg:134.05ms
step:1175/5100 train_loss:4.0543 train_time:156170ms step_avg:134.05ms
step:1176/5100 train_loss:4.0558 train_time:156305ms step_avg:134.05ms
step:1177/5100 train_loss:4.4057 train_time:156435ms step_avg:134.05ms
step:1178/5100 train_loss:4.3149 train_time:156570ms step_avg:134.05ms
step:1179/5100 train_loss:4.2168 train_time:156702ms step_avg:134.05ms
step:1180/5100 train_loss:4.0394 train_time:156835ms step_avg:134.05ms
step:1181/5100 train_loss:3.8109 train_time:156967ms step_avg:134.05ms
step:1182/5100 train_loss:4.2390 train_time:157101ms step_avg:134.04ms
step:1183/5100 train_loss:4.2160 train_time:157237ms step_avg:134.05ms
step:1184/5100 train_loss:4.1242 train_time:157369ms step_avg:134.05ms
step:1185/5100 train_loss:4.0771 train_time:157507ms step_avg:134.05ms
step:1186/5100 train_loss:4.0083 train_time:157637ms step_avg:134.05ms
step:1187/5100 train_loss:4.0935 train_time:157773ms step_avg:134.05ms
step:1188/5100 train_loss:4.1088 train_time:157908ms step_avg:134.05ms
step:1189/5100 train_loss:4.0426 train_time:158036ms step_avg:134.04ms
step:1190/5100 train_loss:4.1066 train_time:158173ms step_avg:134.04ms
step:1191/5100 train_loss:4.1251 train_time:158304ms step_avg:134.04ms
step:1192/5100 train_loss:4.1449 train_time:158437ms step_avg:134.04ms
step:1193/5100 train_loss:4.1395 train_time:158573ms step_avg:134.04ms
step:1194/5100 train_loss:4.0131 train_time:158709ms step_avg:134.04ms
step:1195/5100 train_loss:4.0858 train_time:158847ms step_avg:134.05ms
step:1196/5100 train_loss:4.0148 train_time:158982ms step_avg:134.05ms
step:1197/5100 train_loss:4.0036 train_time:159117ms step_avg:134.05ms
step:1198/5100 train_loss:4.2097 train_time:159252ms step_avg:134.05ms
step:1199/5100 train_loss:4.0449 train_time:159387ms step_avg:134.05ms
step:1200/5100 train_loss:4.0971 train_time:159519ms step_avg:134.05ms
step:1201/5100 train_loss:4.0698 train_time:159651ms step_avg:134.05ms
step:1202/5100 train_loss:4.0128 train_time:159782ms step_avg:134.05ms
step:1203/5100 train_loss:4.1138 train_time:159915ms step_avg:134.04ms
step:1204/5100 train_loss:4.1489 train_time:160048ms step_avg:134.04ms
step:1205/5100 train_loss:4.0373 train_time:160178ms step_avg:134.04ms
step:1206/5100 train_loss:4.1549 train_time:160312ms step_avg:134.04ms
step:1207/5100 train_loss:4.1841 train_time:160446ms step_avg:134.04ms
step:1208/5100 train_loss:4.0666 train_time:160578ms step_avg:134.04ms
step:1209/5100 train_loss:4.0292 train_time:160714ms step_avg:134.04ms
step:1210/5100 train_loss:4.0818 train_time:160846ms step_avg:134.04ms
step:1211/5100 train_loss:4.0493 train_time:160980ms step_avg:134.04ms
step:1212/5100 train_loss:4.0958 train_time:161112ms step_avg:134.04ms
step:1213/5100 train_loss:4.1785 train_time:161243ms step_avg:134.03ms
step:1214/5100 train_loss:4.1048 train_time:161378ms step_avg:134.03ms
step:1215/5100 train_loss:4.0262 train_time:161513ms step_avg:134.04ms
step:1216/5100 train_loss:4.0630 train_time:161643ms step_avg:134.03ms
step:1217/5100 train_loss:4.0477 train_time:161776ms step_avg:134.03ms
step:1218/5100 train_loss:4.0325 train_time:161912ms step_avg:134.03ms
step:1219/5100 train_loss:4.1997 train_time:162050ms step_avg:134.04ms
step:1220/5100 train_loss:4.2653 train_time:162182ms step_avg:134.04ms
step:1221/5100 train_loss:4.0035 train_time:162315ms step_avg:134.03ms
step:1222/5100 train_loss:4.1391 train_time:162446ms step_avg:134.03ms
step:1223/5100 train_loss:4.0081 train_time:162577ms step_avg:134.03ms
step:1224/5100 train_loss:4.0854 train_time:162711ms step_avg:134.03ms
step:1225/5100 train_loss:4.0662 train_time:162846ms step_avg:134.03ms
step:1226/5100 train_loss:4.0326 train_time:162976ms step_avg:134.03ms
step:1227/5100 train_loss:4.0494 train_time:163112ms step_avg:134.03ms
step:1228/5100 train_loss:4.1482 train_time:163246ms step_avg:134.03ms
step:1229/5100 train_loss:4.0900 train_time:163376ms step_avg:134.02ms
step:1230/5100 train_loss:4.0263 train_time:163511ms step_avg:134.03ms
step:1231/5100 train_loss:4.1154 train_time:163645ms step_avg:134.03ms
step:1232/5100 train_loss:4.1837 train_time:163776ms step_avg:134.02ms
step:1233/5100 train_loss:4.1088 train_time:163911ms step_avg:134.02ms
step:1234/5100 train_loss:4.0869 train_time:164049ms step_avg:134.03ms
step:1235/5100 train_loss:3.9375 train_time:164179ms step_avg:134.02ms
step:1236/5100 train_loss:4.0188 train_time:164313ms step_avg:134.02ms
step:1237/5100 train_loss:4.0711 train_time:164444ms step_avg:134.02ms
step:1238/5100 train_loss:4.0684 train_time:164578ms step_avg:134.02ms
step:1239/5100 train_loss:4.2325 train_time:164714ms step_avg:134.02ms
step:1240/5100 train_loss:4.1655 train_time:164842ms step_avg:134.02ms
step:1241/5100 train_loss:4.1356 train_time:164977ms step_avg:134.02ms
step:1242/5100 train_loss:4.2169 train_time:165114ms step_avg:134.02ms
step:1243/5100 train_loss:4.0860 train_time:165247ms step_avg:134.02ms
step:1244/5100 train_loss:4.0550 train_time:165379ms step_avg:134.02ms
step:1245/5100 train_loss:4.2020 train_time:165508ms step_avg:134.01ms
step:1246/5100 train_loss:4.1225 train_time:165642ms step_avg:134.01ms
step:1247/5100 train_loss:4.1433 train_time:165776ms step_avg:134.01ms
step:1248/5100 train_loss:4.0391 train_time:165911ms step_avg:134.02ms
step:1249/5100 train_loss:4.0562 train_time:166043ms step_avg:134.01ms
step:1250/5100 train_loss:4.1076 train_time:166177ms step_avg:134.01ms
step:1251/5100 train_loss:4.0271 train_time:166309ms step_avg:134.01ms
step:1252/5100 train_loss:4.0993 train_time:166444ms step_avg:134.01ms
step:1253/5100 train_loss:4.1263 train_time:166575ms step_avg:134.01ms
step:1254/5100 train_loss:4.0996 train_time:166707ms step_avg:134.01ms
step:1255/5100 train_loss:4.1489 train_time:166842ms step_avg:134.01ms
step:1256/5100 train_loss:4.1375 train_time:166975ms step_avg:134.01ms
step:1257/5100 train_loss:3.9713 train_time:167109ms step_avg:134.01ms
step:1258/5100 train_loss:4.0535 train_time:167242ms step_avg:134.01ms
step:1259/5100 train_loss:4.0894 train_time:167373ms step_avg:134.01ms
step:1260/5100 train_loss:4.0860 train_time:167508ms step_avg:134.01ms
step:1261/5100 train_loss:4.0392 train_time:167639ms step_avg:134.00ms
step:1262/5100 train_loss:3.9909 train_time:167771ms step_avg:134.00ms
step:1263/5100 train_loss:4.0295 train_time:167905ms step_avg:134.00ms
step:1264/5100 train_loss:3.9300 train_time:168042ms step_avg:134.00ms
step:1265/5100 train_loss:4.0715 train_time:168170ms step_avg:134.00ms
step:1266/5100 train_loss:4.0882 train_time:168299ms step_avg:134.00ms
step:1267/5100 train_loss:4.0868 train_time:168435ms step_avg:134.00ms
step:1268/5100 train_loss:4.0311 train_time:168566ms step_avg:134.00ms
step:1269/5100 train_loss:4.0626 train_time:168697ms step_avg:133.99ms
step:1270/5100 train_loss:4.0449 train_time:168837ms step_avg:134.00ms
step:1271/5100 train_loss:4.0407 train_time:168972ms step_avg:134.00ms
step:1272/5100 train_loss:4.0481 train_time:169110ms step_avg:134.00ms
step:1273/5100 train_loss:3.9908 train_time:169243ms step_avg:134.00ms
step:1274/5100 train_loss:4.0501 train_time:169375ms step_avg:134.00ms
step:1275/5100 train_loss:4.0805 train_time:169507ms step_avg:134.00ms
step:1276/5100 train_loss:4.0397 train_time:169638ms step_avg:134.00ms
step:1277/5100 train_loss:4.1041 train_time:169773ms step_avg:134.00ms
step:1278/5100 train_loss:4.0570 train_time:169904ms step_avg:133.99ms
step:1279/5100 train_loss:4.2037 train_time:170035ms step_avg:133.99ms
step:1280/5100 train_loss:4.1727 train_time:170172ms step_avg:133.99ms
step:1281/5100 train_loss:4.0156 train_time:170304ms step_avg:133.99ms
step:1282/5100 train_loss:4.0383 train_time:170438ms step_avg:133.99ms
step:1283/5100 train_loss:4.0789 train_time:170573ms step_avg:133.99ms
step:1284/5100 train_loss:4.0841 train_time:170704ms step_avg:133.99ms
step:1285/5100 train_loss:4.0231 train_time:170838ms step_avg:133.99ms
step:1286/5100 train_loss:4.1393 train_time:170969ms step_avg:133.99ms
step:1287/5100 train_loss:4.1545 train_time:171100ms step_avg:133.99ms
step:1288/5100 train_loss:4.0566 train_time:171235ms step_avg:133.99ms
step:1289/5100 train_loss:4.0830 train_time:171371ms step_avg:133.99ms
step:1290/5100 train_loss:4.0304 train_time:171501ms step_avg:133.99ms
step:1291/5100 train_loss:4.0842 train_time:171632ms step_avg:133.98ms
step:1292/5100 train_loss:4.1279 train_time:171770ms step_avg:133.99ms
step:1293/5100 train_loss:4.0779 train_time:171900ms step_avg:133.98ms
step:1294/5100 train_loss:4.1092 train_time:172034ms step_avg:133.98ms
step:1295/5100 train_loss:4.1083 train_time:172168ms step_avg:133.98ms
step:1296/5100 train_loss:4.2000 train_time:172297ms step_avg:133.98ms
step:1297/5100 train_loss:4.0156 train_time:172433ms step_avg:133.98ms
step:1298/5100 train_loss:3.9872 train_time:172568ms step_avg:133.98ms
step:1299/5100 train_loss:3.9741 train_time:172701ms step_avg:133.98ms
step:1300/5100 train_loss:4.1611 train_time:172831ms step_avg:133.98ms
step:1301/5100 train_loss:4.1921 train_time:172968ms step_avg:133.98ms
step:1302/5100 train_loss:4.1238 train_time:173096ms step_avg:133.98ms
step:1303/5100 train_loss:4.1003 train_time:173232ms step_avg:133.98ms
step:1304/5100 train_loss:4.0644 train_time:173366ms step_avg:133.98ms
step:1305/5100 train_loss:4.0544 train_time:173499ms step_avg:133.98ms
step:1306/5100 train_loss:4.0241 train_time:173634ms step_avg:133.98ms
step:1307/5100 train_loss:4.1620 train_time:173766ms step_avg:133.98ms
step:1308/5100 train_loss:4.3159 train_time:173901ms step_avg:133.98ms
step:1309/5100 train_loss:4.0142 train_time:174034ms step_avg:133.98ms
step:1310/5100 train_loss:4.3174 train_time:174172ms step_avg:133.98ms
step:1311/5100 train_loss:4.1594 train_time:174303ms step_avg:133.98ms
step:1312/5100 train_loss:4.2008 train_time:174439ms step_avg:133.98ms
step:1313/5100 train_loss:4.0439 train_time:174574ms step_avg:133.98ms
step:1314/5100 train_loss:4.1555 train_time:174706ms step_avg:133.98ms
step:1315/5100 train_loss:4.1139 train_time:174842ms step_avg:133.98ms
step:1316/5100 train_loss:3.9963 train_time:174976ms step_avg:133.98ms
step:1317/5100 train_loss:4.1264 train_time:175111ms step_avg:133.98ms
step:1318/5100 train_loss:4.0985 train_time:175245ms step_avg:133.98ms
step:1319/5100 train_loss:4.1762 train_time:175377ms step_avg:133.98ms
step:1320/5100 train_loss:4.0380 train_time:175511ms step_avg:133.98ms
step:1321/5100 train_loss:4.0124 train_time:175643ms step_avg:133.98ms
step:1322/5100 train_loss:4.0414 train_time:175778ms step_avg:133.98ms
step:1323/5100 train_loss:4.0057 train_time:175910ms step_avg:133.98ms
step:1324/5100 train_loss:4.1321 train_time:176041ms step_avg:133.97ms
step:1325/5100 train_loss:4.0426 train_time:176176ms step_avg:133.97ms
step:1326/5100 train_loss:4.2944 train_time:176307ms step_avg:133.97ms
step:1327/5100 train_loss:4.0208 train_time:176442ms step_avg:133.97ms
step:1328/5100 train_loss:4.0475 train_time:176570ms step_avg:133.97ms
step:1329/5100 train_loss:4.0343 train_time:176705ms step_avg:133.97ms
step:1330/5100 train_loss:4.0021 train_time:176838ms step_avg:133.97ms
step:1331/5100 train_loss:4.0774 train_time:176972ms step_avg:133.97ms
step:1332/5100 train_loss:4.0498 train_time:177107ms step_avg:133.97ms
step:1333/5100 train_loss:3.9472 train_time:177244ms step_avg:133.97ms
step:1334/5100 train_loss:4.0546 train_time:177374ms step_avg:133.97ms
step:1335/5100 train_loss:3.9768 train_time:177510ms step_avg:133.97ms
step:1336/5100 train_loss:4.0100 train_time:177641ms step_avg:133.97ms
step:1337/5100 train_loss:4.0251 train_time:177776ms step_avg:133.97ms
step:1338/5100 train_loss:4.0470 train_time:177908ms step_avg:133.97ms
step:1339/5100 train_loss:4.1189 train_time:178041ms step_avg:133.97ms
step:1340/5100 train_loss:4.0796 train_time:178174ms step_avg:133.97ms
step:1341/5100 train_loss:4.0398 train_time:178309ms step_avg:133.97ms
step:1342/5100 train_loss:4.0861 train_time:178443ms step_avg:133.97ms
step:1343/5100 train_loss:4.3248 train_time:178575ms step_avg:133.96ms
step:1344/5100 train_loss:4.1677 train_time:178709ms step_avg:133.96ms
step:1345/5100 train_loss:4.1303 train_time:178840ms step_avg:133.96ms
step:1346/5100 train_loss:4.1046 train_time:178975ms step_avg:133.96ms
step:1347/5100 train_loss:3.9628 train_time:179107ms step_avg:133.96ms
step:1348/5100 train_loss:4.5537 train_time:179242ms step_avg:133.96ms
step:1349/5100 train_loss:4.6044 train_time:179375ms step_avg:133.96ms
step:1350/5100 train_loss:4.1196 train_time:179509ms step_avg:133.96ms
step:1351/5100 train_loss:4.1330 train_time:179640ms step_avg:133.96ms
step:1352/5100 train_loss:4.1154 train_time:179773ms step_avg:133.96ms
step:1353/5100 train_loss:4.0637 train_time:179911ms step_avg:133.96ms
step:1354/5100 train_loss:3.9765 train_time:180040ms step_avg:133.96ms
step:1354/5100 val_loss:4.0508 train_time:180046ms step_avg:133.96ms
step:1355/5100 train_loss:4.0987 train_time:180174ms step_avg:133.96ms
step:1356/5100 train_loss:4.0944 train_time:180307ms step_avg:133.96ms
step:1357/5100 train_loss:4.0184 train_time:180437ms step_avg:133.95ms
step:1358/5100 train_loss:3.9855 train_time:180568ms step_avg:133.95ms
step:1359/5100 train_loss:4.0308 train_time:180704ms step_avg:133.95ms
step:1360/5100 train_loss:4.0909 train_time:180835ms step_avg:133.95ms
step:1361/5100 train_loss:4.0895 train_time:180965ms step_avg:133.95ms
step:1362/5100 train_loss:3.9694 train_time:181099ms step_avg:133.95ms
step:1363/5100 train_loss:3.9961 train_time:181228ms step_avg:133.95ms
step:1364/5100 train_loss:4.1001 train_time:181359ms step_avg:133.94ms
step:1365/5100 train_loss:4.0638 train_time:181495ms step_avg:133.94ms
step:1366/5100 train_loss:3.9794 train_time:181626ms step_avg:133.94ms
step:1367/5100 train_loss:4.1295 train_time:181762ms step_avg:133.94ms
step:1368/5100 train_loss:4.0127 train_time:181893ms step_avg:133.94ms
step:1369/5100 train_loss:4.0246 train_time:182026ms step_avg:133.94ms
step:1370/5100 train_loss:4.0569 train_time:182160ms step_avg:133.94ms
step:1371/5100 train_loss:4.1060 train_time:182298ms step_avg:133.94ms
step:1372/5100 train_loss:4.2357 train_time:182427ms step_avg:133.94ms
step:1373/5100 train_loss:4.0822 train_time:182561ms step_avg:133.94ms
step:1374/5100 train_loss:4.1206 train_time:182697ms step_avg:133.94ms
step:1375/5100 train_loss:4.0410 train_time:182835ms step_avg:133.95ms
step:1376/5100 train_loss:4.1383 train_time:182964ms step_avg:133.94ms
step:1377/5100 train_loss:3.9130 train_time:183101ms step_avg:133.94ms
step:1378/5100 train_loss:4.0927 train_time:183231ms step_avg:133.94ms
step:1379/5100 train_loss:4.1064 train_time:183366ms step_avg:133.94ms
step:1380/5100 train_loss:3.9904 train_time:183496ms step_avg:133.94ms
step:1381/5100 train_loss:4.2165 train_time:183631ms step_avg:133.94ms
step:1382/5100 train_loss:4.0141 train_time:183762ms step_avg:133.94ms
step:1383/5100 train_loss:3.8746 train_time:183896ms step_avg:133.94ms
step:1384/5100 train_loss:3.9233 train_time:184026ms step_avg:133.93ms
step:1385/5100 train_loss:4.0802 train_time:184157ms step_avg:133.93ms
step:1386/5100 train_loss:4.0867 train_time:184289ms step_avg:133.93ms
step:1387/5100 train_loss:4.0294 train_time:184423ms step_avg:133.93ms
step:1388/5100 train_loss:4.0296 train_time:184557ms step_avg:133.93ms
step:1389/5100 train_loss:4.0783 train_time:184693ms step_avg:133.93ms
step:1390/5100 train_loss:3.9987 train_time:184825ms step_avg:133.93ms
step:1391/5100 train_loss:4.0259 train_time:184961ms step_avg:133.93ms
step:1392/5100 train_loss:4.0526 train_time:185097ms step_avg:133.93ms
step:1393/5100 train_loss:4.0755 train_time:185231ms step_avg:133.93ms
step:1394/5100 train_loss:4.0334 train_time:185363ms step_avg:133.93ms
step:1395/5100 train_loss:4.1169 train_time:185492ms step_avg:133.93ms
step:1396/5100 train_loss:4.0330 train_time:185627ms step_avg:133.93ms
step:1397/5100 train_loss:3.9023 train_time:185762ms step_avg:133.93ms
step:1398/5100 train_loss:4.0570 train_time:185897ms step_avg:133.93ms
step:1399/5100 train_loss:3.9960 train_time:186029ms step_avg:133.93ms
step:1400/5100 train_loss:3.8679 train_time:186163ms step_avg:133.93ms
step:1401/5100 train_loss:3.9443 train_time:186293ms step_avg:133.93ms
step:1402/5100 train_loss:4.1691 train_time:186425ms step_avg:133.93ms
step:1403/5100 train_loss:3.9703 train_time:186559ms step_avg:133.93ms
step:1404/5100 train_loss:3.9599 train_time:186690ms step_avg:133.92ms
step:1405/5100 train_loss:3.9867 train_time:186821ms step_avg:133.92ms
step:1406/5100 train_loss:3.9816 train_time:186954ms step_avg:133.92ms
step:1407/5100 train_loss:4.0141 train_time:187087ms step_avg:133.92ms
step:1408/5100 train_loss:4.2893 train_time:187223ms step_avg:133.92ms
step:1409/5100 train_loss:4.0435 train_time:187352ms step_avg:133.92ms
step:1410/5100 train_loss:3.9781 train_time:187486ms step_avg:133.92ms
step:1411/5100 train_loss:4.0772 train_time:187624ms step_avg:133.92ms
step:1412/5100 train_loss:3.8707 train_time:187757ms step_avg:133.92ms
step:1413/5100 train_loss:4.0113 train_time:187889ms step_avg:133.92ms
step:1414/5100 train_loss:4.0816 train_time:188022ms step_avg:133.92ms
step:1415/5100 train_loss:4.0563 train_time:188154ms step_avg:133.92ms
step:1416/5100 train_loss:4.1338 train_time:188285ms step_avg:133.92ms
step:1417/5100 train_loss:3.9907 train_time:188423ms step_avg:133.92ms
step:1418/5100 train_loss:3.8882 train_time:188558ms step_avg:133.92ms
step:1419/5100 train_loss:3.9590 train_time:188688ms step_avg:133.92ms
step:1420/5100 train_loss:4.0769 train_time:188824ms step_avg:133.92ms
step:1421/5100 train_loss:4.0822 train_time:188954ms step_avg:133.92ms
step:1422/5100 train_loss:4.0585 train_time:189091ms step_avg:133.92ms
step:1423/5100 train_loss:4.0992 train_time:189223ms step_avg:133.92ms
step:1424/5100 train_loss:4.0246 train_time:189359ms step_avg:133.92ms
step:1425/5100 train_loss:4.0121 train_time:189489ms step_avg:133.91ms
step:1426/5100 train_loss:3.9585 train_time:189620ms step_avg:133.91ms
step:1427/5100 train_loss:3.9794 train_time:189756ms step_avg:133.91ms
step:1428/5100 train_loss:3.9977 train_time:189887ms step_avg:133.91ms
step:1429/5100 train_loss:4.0351 train_time:190024ms step_avg:133.91ms
step:1430/5100 train_loss:4.1162 train_time:190156ms step_avg:133.91ms
step:1431/5100 train_loss:4.1585 train_time:190290ms step_avg:133.91ms
step:1432/5100 train_loss:4.1041 train_time:190422ms step_avg:133.91ms
step:1433/5100 train_loss:3.9421 train_time:190557ms step_avg:133.91ms
step:1434/5100 train_loss:4.0769 train_time:190693ms step_avg:133.91ms
step:1435/5100 train_loss:4.1389 train_time:190829ms step_avg:133.92ms
step:1436/5100 train_loss:3.9949 train_time:190965ms step_avg:133.92ms
step:1437/5100 train_loss:4.0278 train_time:191096ms step_avg:133.91ms
step:1438/5100 train_loss:4.0155 train_time:191230ms step_avg:133.91ms
step:1439/5100 train_loss:3.8734 train_time:191364ms step_avg:133.91ms
step:1440/5100 train_loss:3.8474 train_time:191493ms step_avg:133.91ms
step:1441/5100 train_loss:3.8746 train_time:191626ms step_avg:133.91ms
step:1442/5100 train_loss:4.1116 train_time:191765ms step_avg:133.91ms
step:1443/5100 train_loss:4.1245 train_time:191894ms step_avg:133.91ms
step:1444/5100 train_loss:4.1192 train_time:192027ms step_avg:133.91ms
step:1445/5100 train_loss:4.1531 train_time:192161ms step_avg:133.91ms
step:1446/5100 train_loss:4.0869 train_time:192294ms step_avg:133.91ms
step:1447/5100 train_loss:4.0708 train_time:192426ms step_avg:133.91ms
step:1448/5100 train_loss:4.0004 train_time:192555ms step_avg:133.90ms
step:1449/5100 train_loss:4.1225 train_time:192688ms step_avg:133.90ms
step:1450/5100 train_loss:4.0161 train_time:192822ms step_avg:133.90ms
step:1451/5100 train_loss:4.0578 train_time:192956ms step_avg:133.90ms
step:1452/5100 train_loss:4.0433 train_time:193093ms step_avg:133.91ms
step:1453/5100 train_loss:3.9936 train_time:193227ms step_avg:133.91ms
step:1454/5100 train_loss:4.0323 train_time:193370ms step_avg:133.91ms
step:1455/5100 train_loss:3.9948 train_time:193500ms step_avg:133.91ms
step:1456/5100 train_loss:3.9727 train_time:193629ms step_avg:133.91ms
step:1457/5100 train_loss:4.0335 train_time:193765ms step_avg:133.91ms
step:1458/5100 train_loss:4.1123 train_time:193896ms step_avg:133.91ms
step:1459/5100 train_loss:4.0699 train_time:194029ms step_avg:133.91ms
step:1460/5100 train_loss:4.0531 train_time:194164ms step_avg:133.91ms
step:1461/5100 train_loss:3.9947 train_time:194295ms step_avg:133.90ms
step:1462/5100 train_loss:4.0101 train_time:194425ms step_avg:133.90ms
step:1463/5100 train_loss:4.2690 train_time:194561ms step_avg:133.90ms
step:1464/5100 train_loss:4.0520 train_time:194695ms step_avg:133.90ms
step:1465/5100 train_loss:4.0585 train_time:194825ms step_avg:133.90ms
step:1466/5100 train_loss:4.0201 train_time:194956ms step_avg:133.90ms
step:1467/5100 train_loss:3.9776 train_time:195087ms step_avg:133.90ms
step:1468/5100 train_loss:3.9877 train_time:195219ms step_avg:133.89ms
step:1469/5100 train_loss:4.0870 train_time:195355ms step_avg:133.90ms
step:1470/5100 train_loss:4.1630 train_time:195487ms step_avg:133.90ms
step:1471/5100 train_loss:4.0188 train_time:195620ms step_avg:133.89ms
step:1472/5100 train_loss:4.0574 train_time:195756ms step_avg:133.90ms
step:1473/5100 train_loss:4.0244 train_time:195891ms step_avg:133.90ms
step:1474/5100 train_loss:4.0987 train_time:196022ms step_avg:133.89ms
step:1475/5100 train_loss:4.0074 train_time:196157ms step_avg:133.90ms
step:1476/5100 train_loss:3.9647 train_time:196293ms step_avg:133.90ms
step:1477/5100 train_loss:4.1458 train_time:196424ms step_avg:133.90ms
step:1478/5100 train_loss:4.0616 train_time:196558ms step_avg:133.90ms
step:1479/5100 train_loss:4.0007 train_time:196690ms step_avg:133.89ms
step:1480/5100 train_loss:3.9946 train_time:196825ms step_avg:133.89ms
step:1481/5100 train_loss:4.0104 train_time:196962ms step_avg:133.90ms
step:1482/5100 train_loss:3.9468 train_time:197098ms step_avg:133.90ms
step:1483/5100 train_loss:4.1048 train_time:197234ms step_avg:133.90ms
step:1484/5100 train_loss:4.0106 train_time:197365ms step_avg:133.90ms
step:1485/5100 train_loss:4.1185 train_time:197501ms step_avg:133.90ms
step:1486/5100 train_loss:4.0546 train_time:197629ms step_avg:133.90ms
step:1487/5100 train_loss:3.9922 train_time:197765ms step_avg:133.90ms
step:1488/5100 train_loss:3.9398 train_time:197896ms step_avg:133.89ms
step:1489/5100 train_loss:4.0642 train_time:198032ms step_avg:133.90ms
step:1490/5100 train_loss:4.0540 train_time:198162ms step_avg:133.89ms
step:1491/5100 train_loss:4.0571 train_time:198294ms step_avg:133.89ms
step:1492/5100 train_loss:4.1652 train_time:198425ms step_avg:133.89ms
step:1493/5100 train_loss:4.0975 train_time:198561ms step_avg:133.89ms
step:1494/5100 train_loss:4.0218 train_time:198691ms step_avg:133.89ms
step:1495/5100 train_loss:3.9280 train_time:198826ms step_avg:133.89ms
step:1496/5100 train_loss:4.0356 train_time:198961ms step_avg:133.89ms
step:1497/5100 train_loss:4.1469 train_time:199092ms step_avg:133.89ms
step:1498/5100 train_loss:4.0886 train_time:199227ms step_avg:133.89ms
step:1499/5100 train_loss:4.0316 train_time:199358ms step_avg:133.89ms
step:1500/5100 train_loss:4.0348 train_time:199497ms step_avg:133.89ms
step:1501/5100 train_loss:4.0288 train_time:199630ms step_avg:133.89ms
step:1502/5100 train_loss:4.0454 train_time:199762ms step_avg:133.89ms
step:1503/5100 train_loss:4.0694 train_time:199894ms step_avg:133.89ms
step:1504/5100 train_loss:4.1694 train_time:200029ms step_avg:133.89ms
step:1505/5100 train_loss:4.0313 train_time:200164ms step_avg:133.89ms
step:1506/5100 train_loss:4.1943 train_time:200301ms step_avg:133.89ms
step:1507/5100 train_loss:4.1636 train_time:200437ms step_avg:133.89ms
step:1508/5100 train_loss:3.9203 train_time:200565ms step_avg:133.89ms
step:1509/5100 train_loss:3.9610 train_time:200698ms step_avg:133.89ms
step:1510/5100 train_loss:3.7705 train_time:200834ms step_avg:133.89ms
step:1511/5100 train_loss:4.0635 train_time:200963ms step_avg:133.89ms
step:1512/5100 train_loss:4.0548 train_time:201094ms step_avg:133.88ms
step:1513/5100 train_loss:4.1061 train_time:201225ms step_avg:133.88ms
step:1514/5100 train_loss:4.0048 train_time:201361ms step_avg:133.88ms
step:1515/5100 train_loss:4.0139 train_time:201491ms step_avg:133.88ms
step:1516/5100 train_loss:4.0776 train_time:201625ms step_avg:133.88ms
step:1517/5100 train_loss:3.9944 train_time:201758ms step_avg:133.88ms
step:1518/5100 train_loss:3.9486 train_time:201887ms step_avg:133.88ms
step:1519/5100 train_loss:4.1556 train_time:202022ms step_avg:133.88ms
step:1520/5100 train_loss:4.0870 train_time:202151ms step_avg:133.87ms
step:1521/5100 train_loss:4.0200 train_time:202284ms step_avg:133.87ms
step:1522/5100 train_loss:3.9450 train_time:202420ms step_avg:133.88ms
step:1523/5100 train_loss:3.9720 train_time:202555ms step_avg:133.88ms
step:1524/5100 train_loss:3.9297 train_time:202884ms step_avg:134.01ms
step:1525/5100 train_loss:4.0671 train_time:203020ms step_avg:134.01ms
step:1526/5100 train_loss:4.0403 train_time:203156ms step_avg:134.01ms
step:1527/5100 train_loss:3.9855 train_time:203290ms step_avg:134.01ms
step:1528/5100 train_loss:4.1810 train_time:203424ms step_avg:134.01ms
step:1529/5100 train_loss:4.0888 train_time:203560ms step_avg:134.01ms
step:1530/5100 train_loss:3.9214 train_time:203692ms step_avg:134.01ms
step:1531/5100 train_loss:4.0462 train_time:203822ms step_avg:134.01ms
step:1532/5100 train_loss:4.0340 train_time:203959ms step_avg:134.01ms
step:1533/5100 train_loss:4.0402 train_time:204089ms step_avg:134.00ms
step:1534/5100 train_loss:3.9990 train_time:204225ms step_avg:134.01ms
step:1535/5100 train_loss:3.9666 train_time:204361ms step_avg:134.01ms
step:1536/5100 train_loss:3.9782 train_time:204493ms step_avg:134.01ms
step:1537/5100 train_loss:4.1726 train_time:204627ms step_avg:134.01ms
step:1538/5100 train_loss:4.0425 train_time:204760ms step_avg:134.01ms
step:1539/5100 train_loss:4.0645 train_time:204893ms step_avg:134.00ms
step:1540/5100 train_loss:3.9302 train_time:205022ms step_avg:134.00ms
step:1541/5100 train_loss:4.0091 train_time:205153ms step_avg:134.00ms
step:1542/5100 train_loss:3.9678 train_time:205287ms step_avg:134.00ms
step:1543/5100 train_loss:4.0758 train_time:205421ms step_avg:134.00ms
step:1544/5100 train_loss:4.0695 train_time:205552ms step_avg:134.00ms
step:1545/5100 train_loss:4.0908 train_time:205686ms step_avg:134.00ms
step:1546/5100 train_loss:4.0733 train_time:205822ms step_avg:134.00ms
step:1547/5100 train_loss:4.0678 train_time:205951ms step_avg:134.00ms
step:1548/5100 train_loss:3.9617 train_time:206085ms step_avg:134.00ms
step:1549/5100 train_loss:4.0566 train_time:206223ms step_avg:134.00ms
step:1550/5100 train_loss:4.1680 train_time:206359ms step_avg:134.00ms
step:1551/5100 train_loss:3.9186 train_time:206492ms step_avg:134.00ms
step:1552/5100 train_loss:4.1327 train_time:206624ms step_avg:134.00ms
step:1553/5100 train_loss:4.0096 train_time:206761ms step_avg:134.00ms
step:1554/5100 train_loss:3.9948 train_time:206892ms step_avg:134.00ms
step:1555/5100 train_loss:3.9577 train_time:207025ms step_avg:134.00ms
step:1556/5100 train_loss:4.1318 train_time:207157ms step_avg:134.00ms
step:1557/5100 train_loss:4.0775 train_time:207289ms step_avg:133.99ms
step:1558/5100 train_loss:3.9269 train_time:207424ms step_avg:133.99ms
step:1559/5100 train_loss:4.0496 train_time:207556ms step_avg:133.99ms
step:1560/5100 train_loss:4.0321 train_time:207688ms step_avg:133.99ms
step:1561/5100 train_loss:3.9583 train_time:207818ms step_avg:133.99ms
step:1562/5100 train_loss:3.9579 train_time:207952ms step_avg:133.99ms
step:1563/5100 train_loss:4.0733 train_time:208087ms step_avg:133.99ms
step:1564/5100 train_loss:3.9529 train_time:208219ms step_avg:133.99ms
step:1565/5100 train_loss:4.1889 train_time:208350ms step_avg:133.99ms
step:1566/5100 train_loss:3.9937 train_time:208485ms step_avg:133.99ms
step:1567/5100 train_loss:4.0385 train_time:208619ms step_avg:133.99ms
step:1568/5100 train_loss:3.8953 train_time:208750ms step_avg:133.99ms
step:1569/5100 train_loss:3.9832 train_time:208883ms step_avg:133.98ms
step:1570/5100 train_loss:4.0762 train_time:209016ms step_avg:133.98ms
step:1571/5100 train_loss:4.0299 train_time:209145ms step_avg:133.98ms
step:1572/5100 train_loss:4.0283 train_time:209286ms step_avg:133.99ms
step:1573/5100 train_loss:3.9434 train_time:209422ms step_avg:133.99ms
step:1574/5100 train_loss:3.9939 train_time:209557ms step_avg:133.99ms
step:1575/5100 train_loss:4.0751 train_time:209691ms step_avg:133.99ms
step:1576/5100 train_loss:4.0871 train_time:209824ms step_avg:133.99ms
step:1577/5100 train_loss:4.0695 train_time:209955ms step_avg:133.99ms
step:1578/5100 train_loss:4.0371 train_time:210088ms step_avg:133.98ms
step:1579/5100 train_loss:4.1117 train_time:210224ms step_avg:133.99ms
step:1580/5100 train_loss:4.0848 train_time:210356ms step_avg:133.99ms
step:1581/5100 train_loss:3.9558 train_time:210486ms step_avg:133.98ms
step:1582/5100 train_loss:3.8611 train_time:210618ms step_avg:133.98ms
step:1583/5100 train_loss:3.9675 train_time:210750ms step_avg:133.98ms
step:1584/5100 train_loss:3.9496 train_time:210882ms step_avg:133.98ms
step:1585/5100 train_loss:4.1122 train_time:211017ms step_avg:133.98ms
step:1586/5100 train_loss:4.0278 train_time:211148ms step_avg:133.98ms
step:1587/5100 train_loss:3.8588 train_time:211278ms step_avg:133.97ms
step:1588/5100 train_loss:3.8311 train_time:211409ms step_avg:133.97ms
step:1589/5100 train_loss:3.8470 train_time:211543ms step_avg:133.97ms
step:1590/5100 train_loss:3.9760 train_time:211671ms step_avg:133.97ms
step:1591/5100 train_loss:4.2318 train_time:211807ms step_avg:133.97ms
step:1592/5100 train_loss:4.0266 train_time:211940ms step_avg:133.97ms
step:1593/5100 train_loss:4.0985 train_time:212070ms step_avg:133.97ms
step:1594/5100 train_loss:4.0141 train_time:212201ms step_avg:133.97ms
step:1595/5100 train_loss:3.9793 train_time:212334ms step_avg:133.96ms
step:1596/5100 train_loss:4.0578 train_time:212468ms step_avg:133.96ms
step:1597/5100 train_loss:4.0123 train_time:212601ms step_avg:133.96ms
step:1598/5100 train_loss:4.0196 train_time:212738ms step_avg:133.97ms
step:1599/5100 train_loss:4.0275 train_time:212871ms step_avg:133.97ms
step:1600/5100 train_loss:3.9039 train_time:212999ms step_avg:133.96ms
step:1601/5100 train_loss:3.9259 train_time:213134ms step_avg:133.96ms
step:1602/5100 train_loss:3.9239 train_time:213265ms step_avg:133.96ms
step:1603/5100 train_loss:3.9644 train_time:213396ms step_avg:133.96ms
step:1604/5100 train_loss:4.3330 train_time:213526ms step_avg:133.96ms
step:1605/5100 train_loss:4.0186 train_time:213661ms step_avg:133.96ms
step:1606/5100 train_loss:4.1129 train_time:213795ms step_avg:133.96ms
step:1607/5100 train_loss:4.0408 train_time:213925ms step_avg:133.95ms
step:1608/5100 train_loss:3.8680 train_time:214060ms step_avg:133.96ms
step:1609/5100 train_loss:3.9830 train_time:214196ms step_avg:133.96ms
step:1610/5100 train_loss:3.9887 train_time:214327ms step_avg:133.95ms
step:1611/5100 train_loss:3.9949 train_time:214460ms step_avg:133.95ms
step:1612/5100 train_loss:4.1545 train_time:214594ms step_avg:133.95ms
step:1613/5100 train_loss:3.9389 train_time:214730ms step_avg:133.95ms
step:1614/5100 train_loss:4.0845 train_time:214862ms step_avg:133.95ms
step:1615/5100 train_loss:3.9148 train_time:214995ms step_avg:133.95ms
step:1616/5100 train_loss:4.0862 train_time:215130ms step_avg:133.95ms
step:1617/5100 train_loss:4.0005 train_time:215262ms step_avg:133.95ms
step:1618/5100 train_loss:3.9489 train_time:215398ms step_avg:133.95ms
step:1619/5100 train_loss:4.0314 train_time:215531ms step_avg:133.95ms
step:1620/5100 train_loss:4.0125 train_time:215663ms step_avg:133.95ms
step:1621/5100 train_loss:4.0231 train_time:215795ms step_avg:133.95ms
step:1622/5100 train_loss:3.9622 train_time:215932ms step_avg:133.95ms
step:1623/5100 train_loss:3.9570 train_time:216065ms step_avg:133.95ms
step:1624/5100 train_loss:3.9793 train_time:216199ms step_avg:133.95ms
step:1625/5100 train_loss:4.3417 train_time:216332ms step_avg:133.95ms
step:1626/5100 train_loss:4.1770 train_time:216464ms step_avg:133.95ms
step:1627/5100 train_loss:3.9520 train_time:216596ms step_avg:133.95ms
step:1628/5100 train_loss:3.9570 train_time:216726ms step_avg:133.95ms
step:1629/5100 train_loss:4.0331 train_time:216856ms step_avg:133.94ms
step:1630/5100 train_loss:4.0100 train_time:216989ms step_avg:133.94ms
step:1631/5100 train_loss:4.0454 train_time:217121ms step_avg:133.94ms
step:1632/5100 train_loss:4.3291 train_time:217252ms step_avg:133.94ms
step:1633/5100 train_loss:4.1396 train_time:217382ms step_avg:133.94ms
step:1634/5100 train_loss:4.0871 train_time:217519ms step_avg:133.94ms
step:1635/5100 train_loss:3.9881 train_time:217651ms step_avg:133.94ms
step:1636/5100 train_loss:4.0322 train_time:217782ms step_avg:133.94ms
step:1637/5100 train_loss:4.0745 train_time:217915ms step_avg:133.94ms
step:1638/5100 train_loss:4.0456 train_time:218050ms step_avg:133.94ms
step:1639/5100 train_loss:3.9447 train_time:218179ms step_avg:133.93ms
step:1640/5100 train_loss:4.0308 train_time:218310ms step_avg:133.93ms
step:1641/5100 train_loss:3.9661 train_time:218445ms step_avg:133.93ms
step:1642/5100 train_loss:3.9685 train_time:218574ms step_avg:133.93ms
step:1643/5100 train_loss:4.0277 train_time:218708ms step_avg:133.93ms
step:1644/5100 train_loss:4.0018 train_time:218842ms step_avg:133.93ms
step:1645/5100 train_loss:4.0260 train_time:218979ms step_avg:133.93ms
step:1646/5100 train_loss:3.9472 train_time:219115ms step_avg:133.93ms
step:1647/5100 train_loss:3.9687 train_time:219244ms step_avg:133.93ms
step:1648/5100 train_loss:3.9686 train_time:219380ms step_avg:133.93ms
step:1649/5100 train_loss:4.0405 train_time:219516ms step_avg:133.93ms
step:1650/5100 train_loss:4.2191 train_time:219652ms step_avg:133.93ms
step:1651/5100 train_loss:4.0738 train_time:219784ms step_avg:133.93ms
step:1652/5100 train_loss:3.9220 train_time:219918ms step_avg:133.93ms
step:1653/5100 train_loss:4.0676 train_time:220051ms step_avg:133.93ms
step:1654/5100 train_loss:3.8327 train_time:220182ms step_avg:133.93ms
step:1655/5100 train_loss:3.9894 train_time:220321ms step_avg:133.93ms
step:1656/5100 train_loss:4.0812 train_time:220450ms step_avg:133.93ms
step:1657/5100 train_loss:4.0637 train_time:220585ms step_avg:133.93ms
step:1658/5100 train_loss:4.0976 train_time:220721ms step_avg:133.93ms
step:1659/5100 train_loss:4.0811 train_time:220854ms step_avg:133.93ms
step:1660/5100 train_loss:3.9378 train_time:220987ms step_avg:133.93ms
step:1661/5100 train_loss:4.0173 train_time:221115ms step_avg:133.93ms
step:1662/5100 train_loss:4.0191 train_time:221252ms step_avg:133.93ms
step:1663/5100 train_loss:4.0329 train_time:221383ms step_avg:133.93ms
step:1664/5100 train_loss:4.1233 train_time:221518ms step_avg:133.93ms
step:1665/5100 train_loss:4.1309 train_time:221650ms step_avg:133.93ms
step:1666/5100 train_loss:3.9902 train_time:221786ms step_avg:133.93ms
step:1667/5100 train_loss:3.8490 train_time:221923ms step_avg:133.93ms
step:1668/5100 train_loss:4.0970 train_time:222060ms step_avg:133.93ms
step:1669/5100 train_loss:4.0426 train_time:222194ms step_avg:133.93ms
step:1670/5100 train_loss:4.1115 train_time:222323ms step_avg:133.93ms
step:1671/5100 train_loss:4.0903 train_time:222460ms step_avg:133.93ms
step:1672/5100 train_loss:3.9119 train_time:222595ms step_avg:133.93ms
step:1673/5100 train_loss:3.9404 train_time:222729ms step_avg:133.93ms
step:1674/5100 train_loss:3.9618 train_time:222865ms step_avg:133.93ms
step:1675/5100 train_loss:4.0525 train_time:222996ms step_avg:133.93ms
step:1676/5100 train_loss:4.0528 train_time:223127ms step_avg:133.93ms
step:1677/5100 train_loss:3.9528 train_time:223262ms step_avg:133.93ms
step:1678/5100 train_loss:4.0380 train_time:223395ms step_avg:133.93ms
step:1679/5100 train_loss:3.9472 train_time:223525ms step_avg:133.93ms
step:1680/5100 train_loss:4.0939 train_time:223662ms step_avg:133.93ms
step:1681/5100 train_loss:3.8399 train_time:223791ms step_avg:133.93ms
step:1682/5100 train_loss:3.9192 train_time:223925ms step_avg:133.93ms
step:1683/5100 train_loss:3.9980 train_time:224059ms step_avg:133.93ms
step:1684/5100 train_loss:3.9236 train_time:224192ms step_avg:133.93ms
step:1685/5100 train_loss:4.0463 train_time:224324ms step_avg:133.93ms
step:1686/5100 train_loss:3.8975 train_time:224458ms step_avg:133.92ms
step:1687/5100 train_loss:3.9952 train_time:224588ms step_avg:133.92ms
step:1688/5100 train_loss:4.0270 train_time:224723ms step_avg:133.92ms
step:1689/5100 train_loss:3.9817 train_time:224860ms step_avg:133.92ms
step:1690/5100 train_loss:3.9970 train_time:224999ms step_avg:133.93ms
step:1691/5100 train_loss:3.9548 train_time:225134ms step_avg:133.93ms
step:1692/5100 train_loss:3.8238 train_time:225267ms step_avg:133.93ms
step:1693/5100 train_loss:4.0383 train_time:225401ms step_avg:133.93ms
step:1694/5100 train_loss:4.0211 train_time:225530ms step_avg:133.93ms
step:1695/5100 train_loss:3.9973 train_time:225665ms step_avg:133.93ms
step:1696/5100 train_loss:3.9429 train_time:225803ms step_avg:133.93ms
step:1697/5100 train_loss:3.9852 train_time:225934ms step_avg:133.93ms
step:1698/5100 train_loss:3.9129 train_time:226064ms step_avg:133.92ms
step:1699/5100 train_loss:3.9910 train_time:226200ms step_avg:133.93ms
step:1700/5100 train_loss:3.9566 train_time:226332ms step_avg:133.92ms
step:1701/5100 train_loss:4.1714 train_time:226462ms step_avg:133.92ms
step:1702/5100 train_loss:4.0435 train_time:226599ms step_avg:133.92ms
step:1703/5100 train_loss:3.9292 train_time:226730ms step_avg:133.92ms
step:1704/5100 train_loss:4.1396 train_time:226863ms step_avg:133.92ms
step:1705/5100 train_loss:3.9670 train_time:226997ms step_avg:133.92ms
step:1706/5100 train_loss:3.8583 train_time:227128ms step_avg:133.92ms
step:1707/5100 train_loss:4.0324 train_time:227263ms step_avg:133.92ms
step:1708/5100 train_loss:3.9701 train_time:227396ms step_avg:133.92ms
step:1709/5100 train_loss:3.9287 train_time:227530ms step_avg:133.92ms
step:1710/5100 train_loss:4.0054 train_time:227662ms step_avg:133.92ms
step:1711/5100 train_loss:3.9454 train_time:227797ms step_avg:133.92ms
step:1712/5100 train_loss:4.0147 train_time:227930ms step_avg:133.92ms
step:1713/5100 train_loss:4.0220 train_time:228067ms step_avg:133.92ms
step:1714/5100 train_loss:3.9770 train_time:228202ms step_avg:133.92ms
step:1715/5100 train_loss:3.9407 train_time:228337ms step_avg:133.92ms
step:1716/5100 train_loss:3.9734 train_time:228466ms step_avg:133.92ms
step:1717/5100 train_loss:3.9036 train_time:228602ms step_avg:133.92ms
step:1718/5100 train_loss:3.9437 train_time:228737ms step_avg:133.92ms
step:1719/5100 train_loss:3.9241 train_time:228871ms step_avg:133.92ms
step:1720/5100 train_loss:3.9151 train_time:229006ms step_avg:133.92ms
step:1721/5100 train_loss:3.9395 train_time:229138ms step_avg:133.92ms
step:1722/5100 train_loss:3.9398 train_time:229272ms step_avg:133.92ms
step:1723/5100 train_loss:4.0953 train_time:229408ms step_avg:133.92ms
step:1724/5100 train_loss:3.8812 train_time:229537ms step_avg:133.92ms
step:1725/5100 train_loss:3.8841 train_time:229665ms step_avg:133.92ms
step:1726/5100 train_loss:3.8937 train_time:229797ms step_avg:133.91ms
step:1727/5100 train_loss:4.1454 train_time:229929ms step_avg:133.91ms
step:1728/5100 train_loss:4.0378 train_time:230061ms step_avg:133.91ms
step:1729/5100 train_loss:4.0456 train_time:230200ms step_avg:133.91ms
step:1730/5100 train_loss:3.9915 train_time:230331ms step_avg:133.91ms
step:1731/5100 train_loss:3.9817 train_time:230462ms step_avg:133.91ms
step:1732/5100 train_loss:4.0530 train_time:230597ms step_avg:133.91ms
step:1733/5100 train_loss:3.8413 train_time:230726ms step_avg:133.91ms
step:1734/5100 train_loss:4.0490 train_time:230857ms step_avg:133.91ms
step:1735/5100 train_loss:4.0596 train_time:230991ms step_avg:133.91ms
step:1736/5100 train_loss:4.0175 train_time:231125ms step_avg:133.91ms
step:1737/5100 train_loss:3.9864 train_time:231263ms step_avg:133.91ms
step:1738/5100 train_loss:3.9416 train_time:231395ms step_avg:133.91ms
step:1739/5100 train_loss:3.9381 train_time:231527ms step_avg:133.91ms
step:1740/5100 train_loss:3.9920 train_time:231662ms step_avg:133.91ms
step:1741/5100 train_loss:4.0159 train_time:231796ms step_avg:133.91ms
step:1742/5100 train_loss:4.0020 train_time:231926ms step_avg:133.91ms
step:1743/5100 train_loss:4.0250 train_time:232058ms step_avg:133.91ms
step:1744/5100 train_loss:3.9875 train_time:232191ms step_avg:133.91ms
step:1745/5100 train_loss:3.9544 train_time:232324ms step_avg:133.90ms
step:1746/5100 train_loss:4.0040 train_time:232457ms step_avg:133.90ms
step:1747/5100 train_loss:4.1282 train_time:232591ms step_avg:133.90ms
step:1748/5100 train_loss:4.0247 train_time:232724ms step_avg:133.90ms
step:1749/5100 train_loss:3.9667 train_time:232857ms step_avg:133.90ms
step:1750/5100 train_loss:3.8809 train_time:232992ms step_avg:133.90ms
step:1751/5100 train_loss:4.1399 train_time:233128ms step_avg:133.90ms
step:1752/5100 train_loss:3.9186 train_time:233259ms step_avg:133.90ms
step:1753/5100 train_loss:3.9804 train_time:233393ms step_avg:133.90ms
step:1754/5100 train_loss:3.9040 train_time:233527ms step_avg:133.90ms
step:1755/5100 train_loss:4.0762 train_time:233657ms step_avg:133.90ms
step:1756/5100 train_loss:4.0229 train_time:233789ms step_avg:133.90ms
step:1757/5100 train_loss:3.9554 train_time:233926ms step_avg:133.90ms
step:1758/5100 train_loss:3.9353 train_time:234063ms step_avg:133.90ms
step:1759/5100 train_loss:3.9401 train_time:234200ms step_avg:133.91ms
step:1760/5100 train_loss:3.9024 train_time:234329ms step_avg:133.90ms
step:1761/5100 train_loss:3.8713 train_time:234464ms step_avg:133.90ms
step:1762/5100 train_loss:4.1059 train_time:234600ms step_avg:133.90ms
step:1763/5100 train_loss:3.9933 train_time:234736ms step_avg:133.91ms
step:1764/5100 train_loss:3.9644 train_time:234868ms step_avg:133.90ms
step:1765/5100 train_loss:3.8046 train_time:235001ms step_avg:133.90ms
step:1766/5100 train_loss:3.9378 train_time:235135ms step_avg:133.90ms
step:1767/5100 train_loss:3.8859 train_time:235264ms step_avg:133.90ms
step:1768/5100 train_loss:3.8959 train_time:235395ms step_avg:133.90ms
step:1769/5100 train_loss:3.9352 train_time:235527ms step_avg:133.90ms
step:1770/5100 train_loss:3.9544 train_time:235660ms step_avg:133.90ms
step:1771/5100 train_loss:3.9461 train_time:235791ms step_avg:133.90ms
step:1772/5100 train_loss:3.8496 train_time:235926ms step_avg:133.90ms
step:1773/5100 train_loss:4.0550 train_time:236056ms step_avg:133.89ms
step:1774/5100 train_loss:3.8841 train_time:236188ms step_avg:133.89ms
step:1775/5100 train_loss:3.8898 train_time:236324ms step_avg:133.89ms
step:1776/5100 train_loss:3.9779 train_time:236456ms step_avg:133.89ms
step:1777/5100 train_loss:3.9113 train_time:236588ms step_avg:133.89ms
step:1778/5100 train_loss:4.0635 train_time:236725ms step_avg:133.89ms
step:1779/5100 train_loss:4.0035 train_time:236856ms step_avg:133.89ms
step:1780/5100 train_loss:4.0578 train_time:236988ms step_avg:133.89ms
step:1781/5100 train_loss:3.9438 train_time:237126ms step_avg:133.89ms
step:1782/5100 train_loss:3.9915 train_time:237261ms step_avg:133.89ms
step:1783/5100 train_loss:4.1258 train_time:237393ms step_avg:133.89ms
step:1784/5100 train_loss:3.8301 train_time:237529ms step_avg:133.89ms
step:1785/5100 train_loss:3.9672 train_time:237662ms step_avg:133.89ms
step:1786/5100 train_loss:4.0026 train_time:237794ms step_avg:133.89ms
step:1787/5100 train_loss:3.9447 train_time:237927ms step_avg:133.89ms
step:1788/5100 train_loss:4.0001 train_time:238057ms step_avg:133.89ms
step:1789/5100 train_loss:3.8905 train_time:238188ms step_avg:133.89ms
step:1790/5100 train_loss:3.8921 train_time:238319ms step_avg:133.89ms
step:1791/5100 train_loss:3.8862 train_time:238455ms step_avg:133.89ms
step:1792/5100 train_loss:3.9625 train_time:238586ms step_avg:133.89ms
step:1793/5100 train_loss:4.0454 train_time:238720ms step_avg:133.89ms
step:1794/5100 train_loss:4.0010 train_time:238853ms step_avg:133.89ms
step:1795/5100 train_loss:4.1562 train_time:238988ms step_avg:133.89ms
step:1796/5100 train_loss:3.9345 train_time:239123ms step_avg:133.89ms
step:1797/5100 train_loss:3.8917 train_time:239259ms step_avg:133.89ms
step:1798/5100 train_loss:3.9794 train_time:239389ms step_avg:133.89ms
step:1799/5100 train_loss:4.0231 train_time:239525ms step_avg:133.89ms
step:1800/5100 train_loss:3.8878 train_time:239659ms step_avg:133.89ms
step:1801/5100 train_loss:3.9718 train_time:239788ms step_avg:133.88ms
step:1802/5100 train_loss:3.9247 train_time:239926ms step_avg:133.89ms
step:1803/5100 train_loss:4.0539 train_time:240056ms step_avg:133.88ms
step:1803/5100 val_loss:3.9400 train_time:240066ms step_avg:133.89ms
step:1804/5100 train_loss:3.9415 train_time:240197ms step_avg:133.89ms
step:1805/5100 train_loss:3.9257 train_time:240332ms step_avg:133.89ms
step:1806/5100 train_loss:3.8649 train_time:240468ms step_avg:133.89ms
step:1807/5100 train_loss:3.9384 train_time:240601ms step_avg:133.89ms
step:1808/5100 train_loss:4.4489 train_time:240736ms step_avg:133.89ms
step:1809/5100 train_loss:4.0893 train_time:240870ms step_avg:133.89ms
step:1810/5100 train_loss:3.8998 train_time:241003ms step_avg:133.89ms
step:1811/5100 train_loss:3.9665 train_time:241139ms step_avg:133.89ms
step:1812/5100 train_loss:4.0925 train_time:241269ms step_avg:133.89ms
step:1813/5100 train_loss:3.9743 train_time:241402ms step_avg:133.89ms
step:1814/5100 train_loss:3.9641 train_time:241534ms step_avg:133.89ms
step:1815/5100 train_loss:4.0429 train_time:241667ms step_avg:133.89ms
step:1816/5100 train_loss:4.0914 train_time:241801ms step_avg:133.89ms
step:1817/5100 train_loss:4.0216 train_time:241935ms step_avg:133.89ms
step:1818/5100 train_loss:3.8238 train_time:242066ms step_avg:133.89ms
step:1819/5100 train_loss:3.7782 train_time:242203ms step_avg:133.89ms
step:1820/5100 train_loss:3.9299 train_time:242337ms step_avg:133.89ms
step:1821/5100 train_loss:3.9521 train_time:242471ms step_avg:133.89ms
step:1822/5100 train_loss:3.9814 train_time:242608ms step_avg:133.89ms
step:1823/5100 train_loss:3.8423 train_time:242736ms step_avg:133.89ms
step:1824/5100 train_loss:3.9333 train_time:242866ms step_avg:133.88ms
step:1825/5100 train_loss:3.9415 train_time:243002ms step_avg:133.89ms
step:1826/5100 train_loss:3.9017 train_time:243137ms step_avg:133.89ms
step:1827/5100 train_loss:3.9634 train_time:243266ms step_avg:133.88ms
step:1828/5100 train_loss:3.9428 train_time:243398ms step_avg:133.88ms
step:1829/5100 train_loss:3.9130 train_time:243533ms step_avg:133.88ms
step:1830/5100 train_loss:3.9948 train_time:243666ms step_avg:133.88ms
step:1831/5100 train_loss:3.8671 train_time:243798ms step_avg:133.88ms
step:1832/5100 train_loss:3.9214 train_time:243934ms step_avg:133.88ms
step:1833/5100 train_loss:3.8955 train_time:244069ms step_avg:133.88ms
step:1834/5100 train_loss:4.0699 train_time:244199ms step_avg:133.88ms
step:1835/5100 train_loss:3.8835 train_time:244329ms step_avg:133.88ms
step:1836/5100 train_loss:3.9526 train_time:244462ms step_avg:133.88ms
step:1837/5100 train_loss:3.9523 train_time:244601ms step_avg:133.88ms
step:1838/5100 train_loss:3.9817 train_time:244732ms step_avg:133.88ms
step:1839/5100 train_loss:3.8999 train_time:244867ms step_avg:133.88ms
step:1840/5100 train_loss:3.9417 train_time:244999ms step_avg:133.88ms
step:1841/5100 train_loss:3.9541 train_time:245131ms step_avg:133.88ms
step:1842/5100 train_loss:4.1002 train_time:245264ms step_avg:133.88ms
step:1843/5100 train_loss:4.0088 train_time:245401ms step_avg:133.88ms
step:1844/5100 train_loss:3.9362 train_time:245539ms step_avg:133.88ms
step:1845/5100 train_loss:3.9301 train_time:245672ms step_avg:133.88ms
step:1846/5100 train_loss:3.9013 train_time:245809ms step_avg:133.88ms
step:1847/5100 train_loss:4.0923 train_time:245939ms step_avg:133.88ms
step:1848/5100 train_loss:3.8482 train_time:246073ms step_avg:133.88ms
step:1849/5100 train_loss:4.0147 train_time:246209ms step_avg:133.88ms
step:1850/5100 train_loss:3.8303 train_time:246344ms step_avg:133.88ms
step:1851/5100 train_loss:3.8361 train_time:246479ms step_avg:133.88ms
step:1852/5100 train_loss:3.8676 train_time:246611ms step_avg:133.88ms
step:1853/5100 train_loss:3.8768 train_time:246745ms step_avg:133.88ms
step:1854/5100 train_loss:3.8956 train_time:246879ms step_avg:133.88ms
step:1855/5100 train_loss:3.8558 train_time:247011ms step_avg:133.88ms
step:1856/5100 train_loss:4.0582 train_time:247143ms step_avg:133.88ms
step:1857/5100 train_loss:3.9492 train_time:247275ms step_avg:133.88ms
step:1858/5100 train_loss:3.9100 train_time:247406ms step_avg:133.88ms
step:1859/5100 train_loss:3.9650 train_time:247540ms step_avg:133.88ms
step:1860/5100 train_loss:3.9746 train_time:247676ms step_avg:133.88ms
step:1861/5100 train_loss:3.9724 train_time:247807ms step_avg:133.88ms
step:1862/5100 train_loss:3.9267 train_time:247936ms step_avg:133.87ms
step:1863/5100 train_loss:3.9376 train_time:248066ms step_avg:133.87ms
step:1864/5100 train_loss:3.9134 train_time:248202ms step_avg:133.87ms
step:1865/5100 train_loss:3.9458 train_time:248334ms step_avg:133.87ms
step:1866/5100 train_loss:3.9882 train_time:248469ms step_avg:133.87ms
step:1867/5100 train_loss:3.9550 train_time:248606ms step_avg:133.87ms
step:1868/5100 train_loss:3.9256 train_time:248739ms step_avg:133.87ms
step:1869/5100 train_loss:3.9210 train_time:248875ms step_avg:133.88ms
step:1870/5100 train_loss:3.9926 train_time:249007ms step_avg:133.87ms
step:1871/5100 train_loss:3.7906 train_time:249140ms step_avg:133.87ms
step:1872/5100 train_loss:3.8892 train_time:249275ms step_avg:133.87ms
step:1873/5100 train_loss:3.9640 train_time:249410ms step_avg:133.88ms
step:1874/5100 train_loss:3.9526 train_time:249540ms step_avg:133.87ms
step:1875/5100 train_loss:3.9412 train_time:249674ms step_avg:133.87ms
step:1876/5100 train_loss:4.0089 train_time:249806ms step_avg:133.87ms
step:1877/5100 train_loss:3.9372 train_time:249938ms step_avg:133.87ms
step:1878/5100 train_loss:3.8814 train_time:250072ms step_avg:133.87ms
step:1879/5100 train_loss:3.9517 train_time:250204ms step_avg:133.87ms
step:1880/5100 train_loss:3.9391 train_time:250337ms step_avg:133.87ms
step:1881/5100 train_loss:3.9323 train_time:250468ms step_avg:133.87ms
step:1882/5100 train_loss:3.8710 train_time:250600ms step_avg:133.87ms
step:1883/5100 train_loss:3.9368 train_time:250736ms step_avg:133.87ms
step:1884/5100 train_loss:3.8036 train_time:250866ms step_avg:133.87ms
step:1885/5100 train_loss:3.8174 train_time:251000ms step_avg:133.87ms
step:1886/5100 train_loss:3.9304 train_time:251137ms step_avg:133.87ms
step:1887/5100 train_loss:4.1276 train_time:251267ms step_avg:133.87ms
step:1888/5100 train_loss:3.9724 train_time:251403ms step_avg:133.87ms
step:1889/5100 train_loss:3.9048 train_time:251533ms step_avg:133.87ms
step:1890/5100 train_loss:3.9006 train_time:251668ms step_avg:133.87ms
step:1891/5100 train_loss:3.8319 train_time:251803ms step_avg:133.87ms
step:1892/5100 train_loss:3.9030 train_time:251934ms step_avg:133.87ms
step:1893/5100 train_loss:3.9724 train_time:252068ms step_avg:133.86ms
step:1894/5100 train_loss:3.9918 train_time:252200ms step_avg:133.86ms
step:1895/5100 train_loss:3.9056 train_time:252332ms step_avg:133.86ms
step:1896/5100 train_loss:3.9151 train_time:252466ms step_avg:133.86ms
step:1897/5100 train_loss:3.8490 train_time:252599ms step_avg:133.86ms
step:1898/5100 train_loss:3.8361 train_time:252729ms step_avg:133.86ms
step:1899/5100 train_loss:3.9131 train_time:252863ms step_avg:133.86ms
step:1900/5100 train_loss:3.9969 train_time:253000ms step_avg:133.86ms
step:1901/5100 train_loss:3.9134 train_time:253131ms step_avg:133.86ms
step:1902/5100 train_loss:4.1441 train_time:253265ms step_avg:133.86ms
step:1903/5100 train_loss:3.8738 train_time:253401ms step_avg:133.86ms
step:1904/5100 train_loss:3.9917 train_time:253532ms step_avg:133.86ms
step:1905/5100 train_loss:3.9285 train_time:253670ms step_avg:133.86ms
step:1906/5100 train_loss:3.9975 train_time:253801ms step_avg:133.86ms
step:1907/5100 train_loss:3.9780 train_time:253936ms step_avg:133.86ms
step:1908/5100 train_loss:3.9355 train_time:254068ms step_avg:133.86ms
step:1909/5100 train_loss:3.8220 train_time:254200ms step_avg:133.86ms
step:1910/5100 train_loss:3.8165 train_time:254334ms step_avg:133.86ms
step:1911/5100 train_loss:3.8329 train_time:254469ms step_avg:133.86ms
step:1912/5100 train_loss:3.9863 train_time:254603ms step_avg:133.86ms
step:1913/5100 train_loss:3.9113 train_time:254737ms step_avg:133.86ms
step:1914/5100 train_loss:3.9530 train_time:254872ms step_avg:133.86ms
step:1915/5100 train_loss:3.8906 train_time:255010ms step_avg:133.86ms
step:1916/5100 train_loss:3.9306 train_time:255144ms step_avg:133.86ms
step:1917/5100 train_loss:3.9515 train_time:255281ms step_avg:133.87ms
step:1918/5100 train_loss:3.8607 train_time:255411ms step_avg:133.86ms
step:1919/5100 train_loss:3.8833 train_time:255541ms step_avg:133.86ms
step:1920/5100 train_loss:3.8206 train_time:255674ms step_avg:133.86ms
step:1921/5100 train_loss:3.9049 train_time:255811ms step_avg:133.86ms
step:1922/5100 train_loss:4.0754 train_time:255941ms step_avg:133.86ms
step:1923/5100 train_loss:3.8451 train_time:256076ms step_avg:133.86ms
step:1924/5100 train_loss:3.9939 train_time:256209ms step_avg:133.86ms
step:1925/5100 train_loss:4.0793 train_time:256341ms step_avg:133.86ms
step:1926/5100 train_loss:3.8981 train_time:256475ms step_avg:133.86ms
step:1927/5100 train_loss:3.8792 train_time:256608ms step_avg:133.86ms
step:1928/5100 train_loss:3.9715 train_time:256740ms step_avg:133.86ms
step:1929/5100 train_loss:3.8751 train_time:256876ms step_avg:133.86ms
step:1930/5100 train_loss:3.7406 train_time:257007ms step_avg:133.86ms
step:1931/5100 train_loss:3.8285 train_time:257143ms step_avg:133.86ms
step:1932/5100 train_loss:3.8843 train_time:257274ms step_avg:133.86ms
step:1933/5100 train_loss:3.8530 train_time:257410ms step_avg:133.86ms
step:1934/5100 train_loss:4.0458 train_time:257545ms step_avg:133.86ms
step:1935/5100 train_loss:3.9315 train_time:257675ms step_avg:133.86ms
step:1936/5100 train_loss:3.9751 train_time:257807ms step_avg:133.86ms
step:1937/5100 train_loss:3.8020 train_time:257942ms step_avg:133.86ms
step:1938/5100 train_loss:3.8185 train_time:258074ms step_avg:133.86ms
step:1939/5100 train_loss:4.0223 train_time:258210ms step_avg:133.86ms
step:1940/5100 train_loss:3.9233 train_time:258340ms step_avg:133.86ms
step:1941/5100 train_loss:3.9073 train_time:258469ms step_avg:133.85ms
step:1942/5100 train_loss:3.8132 train_time:258603ms step_avg:133.85ms
step:1943/5100 train_loss:3.8020 train_time:258738ms step_avg:133.85ms
step:1944/5100 train_loss:3.8403 train_time:258869ms step_avg:133.85ms
step:1945/5100 train_loss:3.8019 train_time:259004ms step_avg:133.85ms
step:1946/5100 train_loss:3.8819 train_time:259142ms step_avg:133.85ms
step:1947/5100 train_loss:3.9355 train_time:259270ms step_avg:133.85ms
step:1948/5100 train_loss:3.9253 train_time:259403ms step_avg:133.85ms
step:1949/5100 train_loss:3.9347 train_time:259540ms step_avg:133.85ms
step:1950/5100 train_loss:3.8205 train_time:259674ms step_avg:133.85ms
step:1951/5100 train_loss:3.9033 train_time:259805ms step_avg:133.85ms
step:1952/5100 train_loss:3.9501 train_time:259935ms step_avg:133.85ms
step:1953/5100 train_loss:3.8476 train_time:260071ms step_avg:133.85ms
step:1954/5100 train_loss:3.9852 train_time:260202ms step_avg:133.85ms
step:1955/5100 train_loss:3.8611 train_time:260333ms step_avg:133.85ms
step:1956/5100 train_loss:3.8737 train_time:260468ms step_avg:133.85ms
step:1957/5100 train_loss:3.8118 train_time:260600ms step_avg:133.85ms
step:1958/5100 train_loss:3.8841 train_time:260732ms step_avg:133.85ms
step:1959/5100 train_loss:3.9187 train_time:260863ms step_avg:133.84ms
step:1960/5100 train_loss:3.9953 train_time:260998ms step_avg:133.85ms
step:1961/5100 train_loss:3.8094 train_time:261129ms step_avg:133.84ms
step:1962/5100 train_loss:3.8725 train_time:261264ms step_avg:133.84ms
step:1963/5100 train_loss:3.7919 train_time:261400ms step_avg:133.85ms
step:1964/5100 train_loss:3.8594 train_time:261530ms step_avg:133.84ms
step:1965/5100 train_loss:3.9015 train_time:261661ms step_avg:133.84ms
step:1966/5100 train_loss:3.8708 train_time:261792ms step_avg:133.84ms
step:1967/5100 train_loss:4.0079 train_time:261926ms step_avg:133.84ms
step:1968/5100 train_loss:3.8699 train_time:262057ms step_avg:133.84ms
step:1969/5100 train_loss:3.7977 train_time:262190ms step_avg:133.84ms
step:1970/5100 train_loss:3.9121 train_time:262324ms step_avg:133.84ms
step:1971/5100 train_loss:3.9086 train_time:262459ms step_avg:133.84ms
step:1972/5100 train_loss:3.9574 train_time:262593ms step_avg:133.84ms
step:1973/5100 train_loss:3.9498 train_time:262725ms step_avg:133.84ms
step:1974/5100 train_loss:3.9775 train_time:262861ms step_avg:133.84ms
step:1975/5100 train_loss:3.7568 train_time:262990ms step_avg:133.84ms
step:1976/5100 train_loss:3.7969 train_time:263123ms step_avg:133.84ms
step:1977/5100 train_loss:3.9072 train_time:263260ms step_avg:133.84ms
step:1978/5100 train_loss:3.9136 train_time:263389ms step_avg:133.84ms
step:1979/5100 train_loss:3.9129 train_time:263520ms step_avg:133.83ms
step:1980/5100 train_loss:3.8574 train_time:263655ms step_avg:133.83ms
step:1981/5100 train_loss:3.7687 train_time:263787ms step_avg:133.83ms
step:1982/5100 train_loss:3.8163 train_time:263922ms step_avg:133.83ms
step:1983/5100 train_loss:3.8321 train_time:264058ms step_avg:133.84ms
step:1984/5100 train_loss:4.0970 train_time:264192ms step_avg:133.84ms
step:1985/5100 train_loss:3.9187 train_time:264325ms step_avg:133.84ms
step:1986/5100 train_loss:3.7822 train_time:264454ms step_avg:133.83ms
step:1987/5100 train_loss:3.9003 train_time:264588ms step_avg:133.83ms
step:1988/5100 train_loss:3.8381 train_time:264724ms step_avg:133.83ms
step:1989/5100 train_loss:3.8038 train_time:264860ms step_avg:133.84ms
step:1990/5100 train_loss:3.8139 train_time:264990ms step_avg:133.83ms
step:1991/5100 train_loss:3.8520 train_time:265129ms step_avg:133.84ms
step:1992/5100 train_loss:3.8960 train_time:265261ms step_avg:133.84ms
step:1993/5100 train_loss:4.0488 train_time:265396ms step_avg:133.84ms
step:1994/5100 train_loss:3.9131 train_time:265533ms step_avg:133.84ms
step:1995/5100 train_loss:3.8320 train_time:265663ms step_avg:133.84ms
step:1996/5100 train_loss:3.8201 train_time:265801ms step_avg:133.84ms
step:1997/5100 train_loss:3.9094 train_time:265932ms step_avg:133.84ms
step:1998/5100 train_loss:3.9043 train_time:266066ms step_avg:133.84ms
step:1999/5100 train_loss:3.9650 train_time:266200ms step_avg:133.84ms
step:2000/5100 train_loss:3.9642 train_time:266336ms step_avg:133.84ms
step:2001/5100 train_loss:3.9209 train_time:266468ms step_avg:133.84ms
step:2002/5100 train_loss:3.8579 train_time:266600ms step_avg:133.84ms
step:2003/5100 train_loss:3.9174 train_time:266734ms step_avg:133.84ms
step:2004/5100 train_loss:3.8166 train_time:266869ms step_avg:133.84ms
step:2005/5100 train_loss:3.9041 train_time:267005ms step_avg:133.84ms
step:2006/5100 train_loss:4.0485 train_time:267134ms step_avg:133.83ms
step:2007/5100 train_loss:3.7577 train_time:267268ms step_avg:133.83ms
step:2008/5100 train_loss:3.8035 train_time:267403ms step_avg:133.84ms
step:2009/5100 train_loss:4.1354 train_time:267535ms step_avg:133.83ms
step:2010/5100 train_loss:3.8726 train_time:267665ms step_avg:133.83ms
step:2011/5100 train_loss:3.8794 train_time:267801ms step_avg:133.83ms
step:2012/5100 train_loss:3.8788 train_time:267934ms step_avg:133.83ms
step:2013/5100 train_loss:3.9421 train_time:268065ms step_avg:133.83ms
step:2014/5100 train_loss:3.8678 train_time:268201ms step_avg:133.83ms
step:2015/5100 train_loss:3.8469 train_time:268334ms step_avg:133.83ms
step:2016/5100 train_loss:3.7647 train_time:268465ms step_avg:133.83ms
step:2017/5100 train_loss:3.8495 train_time:268602ms step_avg:133.83ms
step:2018/5100 train_loss:3.8683 train_time:268732ms step_avg:133.83ms
step:2019/5100 train_loss:3.9687 train_time:268865ms step_avg:133.83ms
step:2020/5100 train_loss:3.9461 train_time:269000ms step_avg:133.83ms
step:2021/5100 train_loss:3.8881 train_time:269133ms step_avg:133.83ms
step:2022/5100 train_loss:3.9879 train_time:269267ms step_avg:133.83ms
step:2023/5100 train_loss:3.8119 train_time:269394ms step_avg:133.83ms
step:2024/5100 train_loss:3.8397 train_time:269528ms step_avg:133.83ms
step:2025/5100 train_loss:3.8545 train_time:269661ms step_avg:133.83ms
step:2026/5100 train_loss:3.8839 train_time:269794ms step_avg:133.83ms
step:2027/5100 train_loss:3.8087 train_time:269927ms step_avg:133.83ms
step:2028/5100 train_loss:3.8477 train_time:270061ms step_avg:133.83ms
step:2029/5100 train_loss:3.7377 train_time:270204ms step_avg:133.83ms
step:2030/5100 train_loss:3.8882 train_time:270332ms step_avg:133.83ms
step:2031/5100 train_loss:3.9000 train_time:270470ms step_avg:133.83ms
step:2032/5100 train_loss:4.0295 train_time:270602ms step_avg:133.83ms
step:2033/5100 train_loss:3.9707 train_time:270737ms step_avg:133.83ms
step:2034/5100 train_loss:3.9537 train_time:270869ms step_avg:133.83ms
step:2035/5100 train_loss:3.8208 train_time:271004ms step_avg:133.83ms
step:2036/5100 train_loss:3.7570 train_time:271141ms step_avg:133.83ms
step:2037/5100 train_loss:3.8392 train_time:271270ms step_avg:133.83ms
step:2038/5100 train_loss:3.8980 train_time:271402ms step_avg:133.83ms
step:2039/5100 train_loss:3.9500 train_time:271536ms step_avg:133.83ms
step:2040/5100 train_loss:3.8812 train_time:271675ms step_avg:133.83ms
step:2041/5100 train_loss:3.7696 train_time:271808ms step_avg:133.83ms
step:2042/5100 train_loss:3.7343 train_time:271940ms step_avg:133.83ms
step:2043/5100 train_loss:3.8477 train_time:272069ms step_avg:133.83ms
step:2044/5100 train_loss:3.8178 train_time:272203ms step_avg:133.83ms
step:2045/5100 train_loss:3.9269 train_time:272335ms step_avg:133.83ms
step:2046/5100 train_loss:3.8718 train_time:272465ms step_avg:133.82ms
step:2047/5100 train_loss:3.8495 train_time:272597ms step_avg:133.82ms
step:2048/5100 train_loss:3.7563 train_time:272733ms step_avg:133.82ms
step:2049/5100 train_loss:3.7972 train_time:272865ms step_avg:133.82ms
step:2050/5100 train_loss:3.8887 train_time:273002ms step_avg:133.82ms
step:2051/5100 train_loss:3.8448 train_time:273137ms step_avg:133.83ms
step:2052/5100 train_loss:3.8341 train_time:273277ms step_avg:133.83ms
step:2053/5100 train_loss:3.8997 train_time:273409ms step_avg:133.83ms
step:2054/5100 train_loss:3.8054 train_time:273545ms step_avg:133.83ms
step:2055/5100 train_loss:3.7630 train_time:273678ms step_avg:133.83ms
step:2056/5100 train_loss:3.9174 train_time:273812ms step_avg:133.83ms
step:2057/5100 train_loss:3.9800 train_time:273949ms step_avg:133.83ms
step:2058/5100 train_loss:3.9325 train_time:274083ms step_avg:133.83ms
step:2059/5100 train_loss:3.8572 train_time:274219ms step_avg:133.83ms
step:2060/5100 train_loss:4.0896 train_time:274351ms step_avg:133.83ms
step:2061/5100 train_loss:3.9378 train_time:274486ms step_avg:133.83ms
step:2062/5100 train_loss:3.7793 train_time:274623ms step_avg:133.83ms
step:2063/5100 train_loss:3.7214 train_time:274754ms step_avg:133.83ms
step:2064/5100 train_loss:3.8635 train_time:274887ms step_avg:133.83ms
step:2065/5100 train_loss:3.9458 train_time:275023ms step_avg:133.83ms
step:2066/5100 train_loss:4.0422 train_time:275153ms step_avg:133.83ms
step:2067/5100 train_loss:3.9787 train_time:275288ms step_avg:133.83ms
step:2068/5100 train_loss:3.7882 train_time:275420ms step_avg:133.83ms
step:2069/5100 train_loss:3.8250 train_time:275557ms step_avg:133.83ms
step:2070/5100 train_loss:3.8008 train_time:275687ms step_avg:133.83ms
step:2071/5100 train_loss:3.8683 train_time:275822ms step_avg:133.83ms
step:2072/5100 train_loss:3.9091 train_time:275958ms step_avg:133.83ms
step:2073/5100 train_loss:3.9329 train_time:276096ms step_avg:133.83ms
step:2074/5100 train_loss:3.8884 train_time:276234ms step_avg:133.83ms
step:2075/5100 train_loss:3.7873 train_time:276365ms step_avg:133.83ms
step:2076/5100 train_loss:3.7088 train_time:276496ms step_avg:133.83ms
step:2077/5100 train_loss:3.9226 train_time:276628ms step_avg:133.83ms
step:2078/5100 train_loss:3.9002 train_time:276765ms step_avg:133.83ms
step:2079/5100 train_loss:3.8540 train_time:276896ms step_avg:133.83ms
step:2080/5100 train_loss:4.0185 train_time:277029ms step_avg:133.83ms
step:2081/5100 train_loss:3.8517 train_time:277161ms step_avg:133.83ms
step:2082/5100 train_loss:3.8153 train_time:277298ms step_avg:133.83ms
step:2083/5100 train_loss:3.8030 train_time:277428ms step_avg:133.83ms
step:2084/5100 train_loss:3.8042 train_time:277563ms step_avg:133.83ms
step:2085/5100 train_loss:3.9246 train_time:277699ms step_avg:133.83ms
step:2086/5100 train_loss:3.8219 train_time:277833ms step_avg:133.83ms
step:2087/5100 train_loss:3.8836 train_time:277963ms step_avg:133.83ms
step:2088/5100 train_loss:3.7238 train_time:278099ms step_avg:133.83ms
step:2089/5100 train_loss:3.8559 train_time:278231ms step_avg:133.83ms
step:2090/5100 train_loss:3.8337 train_time:278366ms step_avg:133.83ms
step:2091/5100 train_loss:3.8940 train_time:278495ms step_avg:133.83ms
step:2092/5100 train_loss:3.8843 train_time:278629ms step_avg:133.83ms
step:2093/5100 train_loss:3.8986 train_time:278763ms step_avg:133.83ms
step:2094/5100 train_loss:4.1063 train_time:278899ms step_avg:133.83ms
step:2095/5100 train_loss:3.7806 train_time:279034ms step_avg:133.83ms
step:2096/5100 train_loss:3.8087 train_time:279168ms step_avg:133.83ms
step:2097/5100 train_loss:3.7038 train_time:279306ms step_avg:133.83ms
step:2098/5100 train_loss:3.8015 train_time:279440ms step_avg:133.83ms
step:2099/5100 train_loss:3.8464 train_time:279576ms step_avg:133.83ms
step:2100/5100 train_loss:3.8519 train_time:279706ms step_avg:133.83ms
step:2101/5100 train_loss:3.7750 train_time:279840ms step_avg:133.83ms
step:2102/5100 train_loss:3.8003 train_time:279976ms step_avg:133.83ms
step:2103/5100 train_loss:3.7651 train_time:280106ms step_avg:133.83ms
step:2104/5100 train_loss:3.8310 train_time:280240ms step_avg:133.83ms
step:2105/5100 train_loss:3.7638 train_time:280376ms step_avg:133.83ms
step:2106/5100 train_loss:3.9059 train_time:280507ms step_avg:133.83ms
step:2107/5100 train_loss:3.9025 train_time:280641ms step_avg:133.83ms
step:2108/5100 train_loss:4.0134 train_time:280771ms step_avg:133.83ms
step:2109/5100 train_loss:3.7934 train_time:280907ms step_avg:133.83ms
step:2110/5100 train_loss:3.8508 train_time:281036ms step_avg:133.83ms
step:2111/5100 train_loss:3.8218 train_time:281168ms step_avg:133.83ms
step:2112/5100 train_loss:3.8170 train_time:281300ms step_avg:133.83ms
step:2113/5100 train_loss:3.8412 train_time:281434ms step_avg:133.82ms
step:2114/5100 train_loss:3.8637 train_time:281566ms step_avg:133.82ms
step:2115/5100 train_loss:3.8635 train_time:281705ms step_avg:133.83ms
step:2116/5100 train_loss:3.8278 train_time:281834ms step_avg:133.82ms
step:2117/5100 train_loss:3.8278 train_time:281966ms step_avg:133.82ms
step:2118/5100 train_loss:3.9295 train_time:282102ms step_avg:133.82ms
step:2119/5100 train_loss:3.9540 train_time:282238ms step_avg:133.83ms
step:2120/5100 train_loss:3.8185 train_time:282374ms step_avg:133.83ms
step:2121/5100 train_loss:3.8059 train_time:282508ms step_avg:133.83ms
step:2122/5100 train_loss:3.8101 train_time:282641ms step_avg:133.83ms
step:2123/5100 train_loss:3.8439 train_time:282774ms step_avg:133.83ms
step:2124/5100 train_loss:3.9033 train_time:282906ms step_avg:133.83ms
step:2125/5100 train_loss:3.8099 train_time:283037ms step_avg:133.82ms
step:2126/5100 train_loss:3.9378 train_time:283172ms step_avg:133.82ms
step:2127/5100 train_loss:3.7970 train_time:283305ms step_avg:133.82ms
step:2128/5100 train_loss:3.8352 train_time:283438ms step_avg:133.82ms
step:2129/5100 train_loss:3.6185 train_time:283570ms step_avg:133.82ms
step:2130/5100 train_loss:3.8569 train_time:283701ms step_avg:133.82ms
step:2131/5100 train_loss:3.9237 train_time:283839ms step_avg:133.82ms
step:2132/5100 train_loss:3.9106 train_time:283970ms step_avg:133.82ms
step:2133/5100 train_loss:3.7889 train_time:284099ms step_avg:133.82ms
step:2134/5100 train_loss:3.7913 train_time:284231ms step_avg:133.82ms
step:2135/5100 train_loss:3.8208 train_time:284363ms step_avg:133.82ms
step:2136/5100 train_loss:3.8807 train_time:284500ms step_avg:133.82ms
step:2137/5100 train_loss:3.8280 train_time:284631ms step_avg:133.82ms
step:2138/5100 train_loss:3.8628 train_time:284766ms step_avg:133.82ms
step:2139/5100 train_loss:3.8438 train_time:284901ms step_avg:133.82ms
step:2140/5100 train_loss:3.8545 train_time:285037ms step_avg:133.82ms
step:2141/5100 train_loss:3.8479 train_time:285170ms step_avg:133.82ms
step:2142/5100 train_loss:3.8538 train_time:285306ms step_avg:133.82ms
step:2143/5100 train_loss:4.0279 train_time:285443ms step_avg:133.82ms
step:2144/5100 train_loss:3.8076 train_time:285571ms step_avg:133.82ms
step:2145/5100 train_loss:4.0967 train_time:285703ms step_avg:133.82ms
step:2146/5100 train_loss:3.9034 train_time:285837ms step_avg:133.82ms
step:2147/5100 train_loss:3.8044 train_time:285967ms step_avg:133.82ms
step:2148/5100 train_loss:3.7898 train_time:286100ms step_avg:133.82ms
step:2149/5100 train_loss:3.7413 train_time:286233ms step_avg:133.82ms
step:2150/5100 train_loss:3.8716 train_time:286368ms step_avg:133.82ms
step:2151/5100 train_loss:3.6879 train_time:286506ms step_avg:133.82ms
step:2152/5100 train_loss:3.8061 train_time:286635ms step_avg:133.82ms
step:2153/5100 train_loss:3.7682 train_time:286768ms step_avg:133.82ms
step:2154/5100 train_loss:3.7903 train_time:286898ms step_avg:133.81ms
step:2155/5100 train_loss:3.7223 train_time:287027ms step_avg:133.81ms
step:2156/5100 train_loss:3.7648 train_time:287163ms step_avg:133.81ms
step:2157/5100 train_loss:3.9136 train_time:287294ms step_avg:133.81ms
step:2158/5100 train_loss:4.0490 train_time:287425ms step_avg:133.81ms
step:2159/5100 train_loss:3.8554 train_time:287560ms step_avg:133.81ms
step:2160/5100 train_loss:3.7992 train_time:287690ms step_avg:133.81ms
step:2161/5100 train_loss:4.2478 train_time:287825ms step_avg:133.81ms
step:2162/5100 train_loss:3.7750 train_time:287957ms step_avg:133.81ms
step:2163/5100 train_loss:3.9514 train_time:288091ms step_avg:133.81ms
step:2164/5100 train_loss:3.7918 train_time:288222ms step_avg:133.81ms
step:2165/5100 train_loss:3.6205 train_time:288358ms step_avg:133.81ms
step:2166/5100 train_loss:3.8604 train_time:288492ms step_avg:133.81ms
step:2167/5100 train_loss:4.0688 train_time:288626ms step_avg:133.81ms
step:2168/5100 train_loss:3.7482 train_time:288755ms step_avg:133.81ms
step:2169/5100 train_loss:3.8346 train_time:288891ms step_avg:133.81ms
step:2170/5100 train_loss:3.7639 train_time:289022ms step_avg:133.81ms
step:2171/5100 train_loss:3.7243 train_time:289159ms step_avg:133.81ms
step:2172/5100 train_loss:3.8266 train_time:289290ms step_avg:133.81ms
step:2173/5100 train_loss:3.9177 train_time:289421ms step_avg:133.81ms
step:2174/5100 train_loss:3.6937 train_time:289550ms step_avg:133.80ms
step:2175/5100 train_loss:3.8752 train_time:289686ms step_avg:133.80ms
step:2176/5100 train_loss:3.7959 train_time:289816ms step_avg:133.80ms
step:2177/5100 train_loss:3.8675 train_time:289953ms step_avg:133.80ms
step:2178/5100 train_loss:3.8105 train_time:290085ms step_avg:133.80ms
step:2179/5100 train_loss:3.8241 train_time:290218ms step_avg:133.80ms
step:2180/5100 train_loss:3.8243 train_time:290349ms step_avg:133.80ms
step:2181/5100 train_loss:3.9063 train_time:290484ms step_avg:133.80ms
step:2182/5100 train_loss:3.7688 train_time:290622ms step_avg:133.80ms
step:2183/5100 train_loss:3.7761 train_time:290758ms step_avg:133.80ms
step:2184/5100 train_loss:3.8075 train_time:290890ms step_avg:133.80ms
step:2185/5100 train_loss:3.8429 train_time:291024ms step_avg:133.80ms
step:2186/5100 train_loss:3.8776 train_time:291160ms step_avg:133.81ms
step:2187/5100 train_loss:3.7834 train_time:291296ms step_avg:133.81ms
step:2188/5100 train_loss:3.7244 train_time:291429ms step_avg:133.81ms
step:2189/5100 train_loss:3.7404 train_time:291564ms step_avg:133.81ms
step:2190/5100 train_loss:3.8739 train_time:291700ms step_avg:133.81ms
step:2191/5100 train_loss:3.8982 train_time:291834ms step_avg:133.81ms
step:2192/5100 train_loss:3.8409 train_time:291967ms step_avg:133.81ms
step:2193/5100 train_loss:3.6973 train_time:292102ms step_avg:133.81ms
step:2194/5100 train_loss:3.7790 train_time:292237ms step_avg:133.81ms
step:2195/5100 train_loss:3.6697 train_time:292372ms step_avg:133.81ms
step:2196/5100 train_loss:3.7077 train_time:292506ms step_avg:133.81ms
step:2197/5100 train_loss:3.8118 train_time:292639ms step_avg:133.81ms
step:2198/5100 train_loss:3.8108 train_time:292771ms step_avg:133.81ms
step:2199/5100 train_loss:3.7115 train_time:292907ms step_avg:133.81ms
step:2200/5100 train_loss:3.9817 train_time:293042ms step_avg:133.81ms
step:2201/5100 train_loss:3.6880 train_time:293175ms step_avg:133.81ms
step:2202/5100 train_loss:3.7913 train_time:293310ms step_avg:133.81ms
step:2203/5100 train_loss:3.7877 train_time:293445ms step_avg:133.81ms
step:2204/5100 train_loss:3.8160 train_time:293578ms step_avg:133.81ms
step:2205/5100 train_loss:3.9280 train_time:293716ms step_avg:133.81ms
step:2206/5100 train_loss:3.8274 train_time:293849ms step_avg:133.81ms
step:2207/5100 train_loss:3.7473 train_time:293982ms step_avg:133.81ms
step:2208/5100 train_loss:3.8129 train_time:294118ms step_avg:133.81ms
step:2209/5100 train_loss:3.7793 train_time:294251ms step_avg:133.81ms
step:2210/5100 train_loss:3.9380 train_time:294385ms step_avg:133.81ms
step:2211/5100 train_loss:3.9624 train_time:294520ms step_avg:133.81ms
step:2212/5100 train_loss:4.0277 train_time:294655ms step_avg:133.81ms
step:2213/5100 train_loss:3.7878 train_time:294789ms step_avg:133.81ms
step:2214/5100 train_loss:3.8289 train_time:294923ms step_avg:133.81ms
step:2215/5100 train_loss:3.8397 train_time:295057ms step_avg:133.81ms
step:2216/5100 train_loss:3.8312 train_time:295190ms step_avg:133.81ms
step:2217/5100 train_loss:3.7887 train_time:295325ms step_avg:133.81ms
step:2218/5100 train_loss:3.8729 train_time:295460ms step_avg:133.81ms
step:2219/5100 train_loss:3.8076 train_time:295595ms step_avg:133.81ms
step:2220/5100 train_loss:3.8151 train_time:295732ms step_avg:133.82ms
step:2221/5100 train_loss:3.7374 train_time:295868ms step_avg:133.82ms
step:2222/5100 train_loss:3.7628 train_time:296001ms step_avg:133.82ms
step:2223/5100 train_loss:3.9744 train_time:296136ms step_avg:133.82ms
step:2224/5100 train_loss:3.9139 train_time:296269ms step_avg:133.82ms
step:2225/5100 train_loss:3.8011 train_time:296404ms step_avg:133.82ms
step:2226/5100 train_loss:3.8810 train_time:296538ms step_avg:133.82ms
step:2227/5100 train_loss:3.7297 train_time:296672ms step_avg:133.82ms
step:2228/5100 train_loss:3.7970 train_time:296807ms step_avg:133.82ms
step:2229/5100 train_loss:3.8001 train_time:296941ms step_avg:133.82ms
step:2230/5100 train_loss:3.6076 train_time:297078ms step_avg:133.82ms
step:2231/5100 train_loss:3.9012 train_time:297213ms step_avg:133.82ms
step:2232/5100 train_loss:3.7936 train_time:297346ms step_avg:133.82ms
step:2233/5100 train_loss:3.7124 train_time:297481ms step_avg:133.82ms
step:2234/5100 train_loss:3.7801 train_time:297614ms step_avg:133.82ms
step:2235/5100 train_loss:3.7518 train_time:297752ms step_avg:133.82ms
step:2236/5100 train_loss:3.8482 train_time:297881ms step_avg:133.82ms
step:2237/5100 train_loss:3.8400 train_time:298020ms step_avg:133.82ms
step:2238/5100 train_loss:3.8548 train_time:298158ms step_avg:133.82ms
step:2239/5100 train_loss:3.7934 train_time:298293ms step_avg:133.82ms
step:2240/5100 train_loss:3.8116 train_time:298430ms step_avg:133.83ms
step:2241/5100 train_loss:4.0481 train_time:298565ms step_avg:133.83ms
step:2242/5100 train_loss:3.8315 train_time:298704ms step_avg:133.83ms
step:2243/5100 train_loss:3.8926 train_time:298833ms step_avg:133.83ms
step:2244/5100 train_loss:3.8159 train_time:298968ms step_avg:133.83ms
step:2245/5100 train_loss:3.7315 train_time:299103ms step_avg:133.83ms
step:2246/5100 train_loss:3.7118 train_time:299238ms step_avg:133.83ms
step:2247/5100 train_loss:3.8238 train_time:299374ms step_avg:133.83ms
step:2248/5100 train_loss:3.8068 train_time:299508ms step_avg:133.83ms
step:2249/5100 train_loss:3.8220 train_time:299641ms step_avg:133.83ms
step:2250/5100 train_loss:3.7845 train_time:299775ms step_avg:133.83ms
step:2251/5100 train_loss:3.7585 train_time:299910ms step_avg:133.83ms
step:2252/5100 train_loss:3.7849 train_time:300045ms step_avg:133.83ms
step:2252/5100 val_loss:3.8080 train_time:300056ms step_avg:133.83ms
peak memory consumption: 31230 MiB
