/workspace/modded-nanogpt/exp/b_wd40.py:27: SyntaxWarning: invalid escape sequence '\s'
  """
using device: cuda:0
Training DataLoader: total number of tokens: 2600000000 across 26 files
Validation DataLoader: total number of tokens: 100000000 across 1 files
training time budget: 300.0s (5.0 single-GPU min / 1 GPUs)
step:1/5100 train_loss:14.6086 train_time:39131ms step_avg:nanms
step:2/5100 train_loss:8.8217 train_time:66543ms step_avg:nanms
step:3/5100 train_loss:8.6018 train_time:66682ms step_avg:nanms
step:4/5100 train_loss:8.1417 train_time:66824ms step_avg:nanms
step:5/5100 train_loss:7.8197 train_time:66965ms step_avg:nanms
step:6/5100 train_loss:7.5058 train_time:67106ms step_avg:nanms
step:7/5100 train_loss:7.2889 train_time:67250ms step_avg:nanms
step:8/5100 train_loss:7.1454 train_time:67386ms step_avg:nanms
step:9/5100 train_loss:7.2472 train_time:67534ms step_avg:nanms
step:10/5100 train_loss:7.0519 train_time:67672ms step_avg:nanms
step:11/5100 train_loss:6.8705 train_time:135ms step_avg:nanms
step:12/5100 train_loss:6.8710 train_time:275ms step_avg:nanms
step:13/5100 train_loss:6.8638 train_time:415ms step_avg:138.31ms
step:14/5100 train_loss:6.6245 train_time:556ms step_avg:138.93ms
step:15/5100 train_loss:6.6857 train_time:695ms step_avg:139.01ms
step:16/5100 train_loss:6.5217 train_time:837ms step_avg:139.49ms
step:17/5100 train_loss:6.8091 train_time:977ms step_avg:139.57ms
step:18/5100 train_loss:6.6733 train_time:1118ms step_avg:139.75ms
step:19/5100 train_loss:6.6281 train_time:1262ms step_avg:140.24ms
step:20/5100 train_loss:6.4555 train_time:1405ms step_avg:140.46ms
step:21/5100 train_loss:6.4955 train_time:1547ms step_avg:140.60ms
step:22/5100 train_loss:6.4060 train_time:1692ms step_avg:141.01ms
step:23/5100 train_loss:6.3602 train_time:1832ms step_avg:140.92ms
step:24/5100 train_loss:6.3354 train_time:1973ms step_avg:140.94ms
step:25/5100 train_loss:6.4861 train_time:2114ms step_avg:140.93ms
step:26/5100 train_loss:6.5056 train_time:2257ms step_avg:141.06ms
step:27/5100 train_loss:6.4912 train_time:2403ms step_avg:141.34ms
step:28/5100 train_loss:6.4143 train_time:2545ms step_avg:141.38ms
step:29/5100 train_loss:6.3346 train_time:2692ms step_avg:141.67ms
step:30/5100 train_loss:6.3624 train_time:2835ms step_avg:141.74ms
step:31/5100 train_loss:6.2305 train_time:2976ms step_avg:141.71ms
step:32/5100 train_loss:6.1412 train_time:3118ms step_avg:141.73ms
step:33/5100 train_loss:6.2738 train_time:3261ms step_avg:141.80ms
step:34/5100 train_loss:6.2795 train_time:3400ms step_avg:141.67ms
step:35/5100 train_loss:6.3210 train_time:3545ms step_avg:141.78ms
step:36/5100 train_loss:6.2966 train_time:3684ms step_avg:141.70ms
step:37/5100 train_loss:6.4080 train_time:3830ms step_avg:141.83ms
step:38/5100 train_loss:6.1538 train_time:3972ms step_avg:141.84ms
step:39/5100 train_loss:6.1197 train_time:4114ms step_avg:141.87ms
step:40/5100 train_loss:6.1615 train_time:4256ms step_avg:141.87ms
step:41/5100 train_loss:6.1353 train_time:4396ms step_avg:141.82ms
step:42/5100 train_loss:6.1507 train_time:4539ms step_avg:141.85ms
step:43/5100 train_loss:6.1109 train_time:4679ms step_avg:141.78ms
step:44/5100 train_loss:6.1276 train_time:4824ms step_avg:141.88ms
step:45/5100 train_loss:6.1144 train_time:4967ms step_avg:141.90ms
step:46/5100 train_loss:6.0725 train_time:5110ms step_avg:141.94ms
step:47/5100 train_loss:6.0508 train_time:5253ms step_avg:141.98ms
step:48/5100 train_loss:6.1298 train_time:5398ms step_avg:142.04ms
step:49/5100 train_loss:6.0468 train_time:5543ms step_avg:142.12ms
step:50/5100 train_loss:6.0217 train_time:5689ms step_avg:142.23ms
step:51/5100 train_loss:6.1092 train_time:5834ms step_avg:142.28ms
step:52/5100 train_loss:5.9613 train_time:5974ms step_avg:142.24ms
step:53/5100 train_loss:6.0265 train_time:6116ms step_avg:142.23ms
step:54/5100 train_loss:5.9720 train_time:6260ms step_avg:142.28ms
step:55/5100 train_loss:5.9313 train_time:6403ms step_avg:142.29ms
step:56/5100 train_loss:5.8419 train_time:6543ms step_avg:142.24ms
step:57/5100 train_loss:5.9364 train_time:6685ms step_avg:142.24ms
step:58/5100 train_loss:5.9359 train_time:6832ms step_avg:142.34ms
step:59/5100 train_loss:5.9254 train_time:6977ms step_avg:142.39ms
step:60/5100 train_loss:5.9019 train_time:7117ms step_avg:142.34ms
step:61/5100 train_loss:5.9704 train_time:7262ms step_avg:142.40ms
step:62/5100 train_loss:5.9203 train_time:7404ms step_avg:142.38ms
step:63/5100 train_loss:5.7724 train_time:7547ms step_avg:142.40ms
step:64/5100 train_loss:5.7581 train_time:7685ms step_avg:142.31ms
step:65/5100 train_loss:5.8871 train_time:7828ms step_avg:142.33ms
step:66/5100 train_loss:5.8714 train_time:7970ms step_avg:142.32ms
step:67/5100 train_loss:5.7430 train_time:8108ms step_avg:142.25ms
step:68/5100 train_loss:5.8792 train_time:8252ms step_avg:142.28ms
step:69/5100 train_loss:5.8367 train_time:8403ms step_avg:142.42ms
step:70/5100 train_loss:5.7648 train_time:8548ms step_avg:142.47ms
step:71/5100 train_loss:5.9030 train_time:8693ms step_avg:142.51ms
step:72/5100 train_loss:5.9759 train_time:8837ms step_avg:142.52ms
step:73/5100 train_loss:5.8262 train_time:8976ms step_avg:142.48ms
step:74/5100 train_loss:5.8089 train_time:9115ms step_avg:142.42ms
step:75/5100 train_loss:6.0395 train_time:9257ms step_avg:142.42ms
step:76/5100 train_loss:5.7887 train_time:9398ms step_avg:142.39ms
step:77/5100 train_loss:5.7526 train_time:9539ms step_avg:142.37ms
step:78/5100 train_loss:5.5279 train_time:9678ms step_avg:142.32ms
step:79/5100 train_loss:5.7131 train_time:9823ms step_avg:142.36ms
step:80/5100 train_loss:5.7607 train_time:9966ms step_avg:142.37ms
step:81/5100 train_loss:5.7135 train_time:10111ms step_avg:142.41ms
step:82/5100 train_loss:5.7413 train_time:10253ms step_avg:142.41ms
step:83/5100 train_loss:5.6032 train_time:10397ms step_avg:142.42ms
step:84/5100 train_loss:5.7018 train_time:10536ms step_avg:142.38ms
step:85/5100 train_loss:5.7591 train_time:10679ms step_avg:142.39ms
step:86/5100 train_loss:5.8616 train_time:10824ms step_avg:142.42ms
step:87/5100 train_loss:5.7664 train_time:10968ms step_avg:142.45ms
step:88/5100 train_loss:5.5589 train_time:11113ms step_avg:142.48ms
step:89/5100 train_loss:5.6931 train_time:11251ms step_avg:142.42ms
step:90/5100 train_loss:5.6863 train_time:11395ms step_avg:142.44ms
step:91/5100 train_loss:5.5985 train_time:11539ms step_avg:142.45ms
step:92/5100 train_loss:5.6160 train_time:11682ms step_avg:142.47ms
step:93/5100 train_loss:5.4032 train_time:11823ms step_avg:142.45ms
step:94/5100 train_loss:5.6977 train_time:11966ms step_avg:142.45ms
step:95/5100 train_loss:5.5678 train_time:12109ms step_avg:142.46ms
step:96/5100 train_loss:5.5969 train_time:12249ms step_avg:142.43ms
step:97/5100 train_loss:5.5320 train_time:12391ms step_avg:142.43ms
step:98/5100 train_loss:5.5357 train_time:12536ms step_avg:142.46ms
step:99/5100 train_loss:5.4559 train_time:12675ms step_avg:142.42ms
step:100/5100 train_loss:5.4349 train_time:12821ms step_avg:142.46ms
step:101/5100 train_loss:5.5971 train_time:12964ms step_avg:142.46ms
step:102/5100 train_loss:5.5858 train_time:13108ms step_avg:142.47ms
step:103/5100 train_loss:5.4954 train_time:13250ms step_avg:142.47ms
step:104/5100 train_loss:5.4461 train_time:13388ms step_avg:142.43ms
step:105/5100 train_loss:5.5694 train_time:13533ms step_avg:142.45ms
step:106/5100 train_loss:5.4701 train_time:13675ms step_avg:142.45ms
step:107/5100 train_loss:5.5568 train_time:13820ms step_avg:142.48ms
step:108/5100 train_loss:5.4567 train_time:13960ms step_avg:142.45ms
step:109/5100 train_loss:5.5033 train_time:14099ms step_avg:142.41ms
step:110/5100 train_loss:5.3249 train_time:14243ms step_avg:142.43ms
step:111/5100 train_loss:5.2863 train_time:14384ms step_avg:142.41ms
step:112/5100 train_loss:5.4586 train_time:14529ms step_avg:142.44ms
step:113/5100 train_loss:5.4102 train_time:14672ms step_avg:142.44ms
step:114/5100 train_loss:5.4350 train_time:14816ms step_avg:142.46ms
step:115/5100 train_loss:5.4865 train_time:14962ms step_avg:142.50ms
step:116/5100 train_loss:5.5505 train_time:15108ms step_avg:142.53ms
step:117/5100 train_loss:5.3764 train_time:15248ms step_avg:142.50ms
step:118/5100 train_loss:5.2856 train_time:15390ms step_avg:142.50ms
step:119/5100 train_loss:5.3374 train_time:15529ms step_avg:142.47ms
step:120/5100 train_loss:5.4628 train_time:15670ms step_avg:142.46ms
step:121/5100 train_loss:5.3800 train_time:15813ms step_avg:142.46ms
step:122/5100 train_loss:5.3494 train_time:15952ms step_avg:142.43ms
step:123/5100 train_loss:5.3275 train_time:16101ms step_avg:142.49ms
step:124/5100 train_loss:5.6697 train_time:16243ms step_avg:142.48ms
step:125/5100 train_loss:5.2927 train_time:16386ms step_avg:142.49ms
step:126/5100 train_loss:5.1404 train_time:16530ms step_avg:142.50ms
step:127/5100 train_loss:5.2751 train_time:16672ms step_avg:142.50ms
step:128/5100 train_loss:5.3344 train_time:16815ms step_avg:142.50ms
step:129/5100 train_loss:5.3902 train_time:16960ms step_avg:142.52ms
step:130/5100 train_loss:5.3705 train_time:17101ms step_avg:142.51ms
step:131/5100 train_loss:5.2768 train_time:17244ms step_avg:142.51ms
step:132/5100 train_loss:5.2568 train_time:17383ms step_avg:142.48ms
step:133/5100 train_loss:5.2895 train_time:17528ms step_avg:142.51ms
step:134/5100 train_loss:5.2999 train_time:17671ms step_avg:142.51ms
step:135/5100 train_loss:5.2643 train_time:17816ms step_avg:142.53ms
step:136/5100 train_loss:5.3015 train_time:17957ms step_avg:142.51ms
step:137/5100 train_loss:5.2711 train_time:18103ms step_avg:142.55ms
step:138/5100 train_loss:5.4386 train_time:18245ms step_avg:142.54ms
step:139/5100 train_loss:5.3311 train_time:18385ms step_avg:142.52ms
step:140/5100 train_loss:5.4003 train_time:18531ms step_avg:142.55ms
step:141/5100 train_loss:5.1810 train_time:18671ms step_avg:142.53ms
step:142/5100 train_loss:5.2849 train_time:18814ms step_avg:142.53ms
step:143/5100 train_loss:5.1395 train_time:18956ms step_avg:142.53ms
step:144/5100 train_loss:5.2851 train_time:19097ms step_avg:142.52ms
step:145/5100 train_loss:5.2329 train_time:19239ms step_avg:142.51ms
step:146/5100 train_loss:5.3804 train_time:19379ms step_avg:142.49ms
step:147/5100 train_loss:5.3950 train_time:19522ms step_avg:142.49ms
step:148/5100 train_loss:5.2470 train_time:19661ms step_avg:142.47ms
step:149/5100 train_loss:5.0724 train_time:19804ms step_avg:142.47ms
step:150/5100 train_loss:5.1804 train_time:19943ms step_avg:142.45ms
step:151/5100 train_loss:5.1515 train_time:20088ms step_avg:142.47ms
step:152/5100 train_loss:5.2267 train_time:20232ms step_avg:142.48ms
step:153/5100 train_loss:5.3139 train_time:20372ms step_avg:142.46ms
step:154/5100 train_loss:5.2002 train_time:20518ms step_avg:142.49ms
step:155/5100 train_loss:5.1252 train_time:20656ms step_avg:142.46ms
step:156/5100 train_loss:5.2792 train_time:20800ms step_avg:142.46ms
step:157/5100 train_loss:5.3508 train_time:20944ms step_avg:142.47ms
step:158/5100 train_loss:5.1204 train_time:21089ms step_avg:142.49ms
step:159/5100 train_loss:5.0803 train_time:21234ms step_avg:142.51ms
step:160/5100 train_loss:5.1144 train_time:21377ms step_avg:142.51ms
step:161/5100 train_loss:5.2143 train_time:21516ms step_avg:142.49ms
step:162/5100 train_loss:5.1315 train_time:21660ms step_avg:142.50ms
step:163/5100 train_loss:5.1697 train_time:21798ms step_avg:142.47ms
step:164/5100 train_loss:5.2381 train_time:21945ms step_avg:142.50ms
step:165/5100 train_loss:5.1640 train_time:22090ms step_avg:142.52ms
step:166/5100 train_loss:5.0535 train_time:22233ms step_avg:142.52ms
step:167/5100 train_loss:5.0854 train_time:22375ms step_avg:142.51ms
step:168/5100 train_loss:5.1412 train_time:22517ms step_avg:142.51ms
step:169/5100 train_loss:5.1771 train_time:22658ms step_avg:142.51ms
step:170/5100 train_loss:5.1879 train_time:22799ms step_avg:142.50ms
step:171/5100 train_loss:5.3691 train_time:22942ms step_avg:142.50ms
step:172/5100 train_loss:5.0625 train_time:23086ms step_avg:142.51ms
step:173/5100 train_loss:5.1113 train_time:23227ms step_avg:142.49ms
step:174/5100 train_loss:5.1138 train_time:23370ms step_avg:142.50ms
step:175/5100 train_loss:5.0733 train_time:23509ms step_avg:142.48ms
step:176/5100 train_loss:5.0794 train_time:23658ms step_avg:142.52ms
step:177/5100 train_loss:5.0236 train_time:23807ms step_avg:142.55ms
step:178/5100 train_loss:5.1615 train_time:23948ms step_avg:142.55ms
step:179/5100 train_loss:5.1044 train_time:24093ms step_avg:142.56ms
step:180/5100 train_loss:5.0066 train_time:24238ms step_avg:142.58ms
step:181/5100 train_loss:5.0039 train_time:24384ms step_avg:142.60ms
step:182/5100 train_loss:5.0818 train_time:24528ms step_avg:142.61ms
step:183/5100 train_loss:5.1021 train_time:24670ms step_avg:142.60ms
step:184/5100 train_loss:5.0737 train_time:24814ms step_avg:142.61ms
step:185/5100 train_loss:5.1028 train_time:24952ms step_avg:142.58ms
step:186/5100 train_loss:5.0157 train_time:25094ms step_avg:142.58ms
step:187/5100 train_loss:5.0759 train_time:25234ms step_avg:142.56ms
step:188/5100 train_loss:5.0492 train_time:25376ms step_avg:142.56ms
step:189/5100 train_loss:5.1222 train_time:25518ms step_avg:142.56ms
step:190/5100 train_loss:5.0905 train_time:25657ms step_avg:142.54ms
step:191/5100 train_loss:5.1074 train_time:25801ms step_avg:142.55ms
step:192/5100 train_loss:5.1023 train_time:25940ms step_avg:142.53ms
step:193/5100 train_loss:5.0058 train_time:26085ms step_avg:142.54ms
step:194/5100 train_loss:5.0352 train_time:26229ms step_avg:142.55ms
step:195/5100 train_loss:5.0570 train_time:26373ms step_avg:142.55ms
step:196/5100 train_loss:5.0060 train_time:26514ms step_avg:142.55ms
step:197/5100 train_loss:4.9565 train_time:26652ms step_avg:142.52ms
step:198/5100 train_loss:5.0786 train_time:26793ms step_avg:142.52ms
step:199/5100 train_loss:5.0566 train_time:26935ms step_avg:142.52ms
step:200/5100 train_loss:5.0060 train_time:27079ms step_avg:142.52ms
step:201/5100 train_loss:5.0087 train_time:27224ms step_avg:142.53ms
step:202/5100 train_loss:5.1002 train_time:27365ms step_avg:142.53ms
step:203/5100 train_loss:4.8646 train_time:27505ms step_avg:142.51ms
step:204/5100 train_loss:4.9175 train_time:27651ms step_avg:142.53ms
step:205/5100 train_loss:4.9503 train_time:27791ms step_avg:142.52ms
step:206/5100 train_loss:5.0013 train_time:27933ms step_avg:142.52ms
step:207/5100 train_loss:5.0222 train_time:28073ms step_avg:142.50ms
step:208/5100 train_loss:5.1810 train_time:28216ms step_avg:142.51ms
step:209/5100 train_loss:4.9823 train_time:28354ms step_avg:142.48ms
step:210/5100 train_loss:5.0396 train_time:28496ms step_avg:142.48ms
step:211/5100 train_loss:5.0139 train_time:28639ms step_avg:142.48ms
step:212/5100 train_loss:4.9485 train_time:28780ms step_avg:142.47ms
step:213/5100 train_loss:4.9943 train_time:28919ms step_avg:142.46ms
step:214/5100 train_loss:4.9654 train_time:29062ms step_avg:142.46ms
step:215/5100 train_loss:5.0111 train_time:29208ms step_avg:142.48ms
step:216/5100 train_loss:5.0202 train_time:29348ms step_avg:142.47ms
step:217/5100 train_loss:4.9516 train_time:29492ms step_avg:142.47ms
step:218/5100 train_loss:5.1092 train_time:29636ms step_avg:142.48ms
step:219/5100 train_loss:4.8910 train_time:29781ms step_avg:142.49ms
step:220/5100 train_loss:4.9439 train_time:29927ms step_avg:142.51ms
step:221/5100 train_loss:4.8760 train_time:30070ms step_avg:142.51ms
step:222/5100 train_loss:4.9608 train_time:30214ms step_avg:142.52ms
step:223/5100 train_loss:4.9576 train_time:30358ms step_avg:142.53ms
step:224/5100 train_loss:4.8989 train_time:30497ms step_avg:142.51ms
step:225/5100 train_loss:4.9380 train_time:30637ms step_avg:142.50ms
step:226/5100 train_loss:4.8019 train_time:30776ms step_avg:142.48ms
step:227/5100 train_loss:4.9267 train_time:30919ms step_avg:142.48ms
step:228/5100 train_loss:4.8722 train_time:31065ms step_avg:142.50ms
step:229/5100 train_loss:4.9873 train_time:31208ms step_avg:142.50ms
step:230/5100 train_loss:4.9050 train_time:31351ms step_avg:142.51ms
step:231/5100 train_loss:4.9734 train_time:31491ms step_avg:142.49ms
step:232/5100 train_loss:5.0086 train_time:31636ms step_avg:142.50ms
step:233/5100 train_loss:4.7643 train_time:31776ms step_avg:142.49ms
step:234/5100 train_loss:4.8988 train_time:31920ms step_avg:142.50ms
step:235/5100 train_loss:4.8483 train_time:32065ms step_avg:142.51ms
step:236/5100 train_loss:4.8378 train_time:32208ms step_avg:142.52ms
step:237/5100 train_loss:4.8882 train_time:32347ms step_avg:142.50ms
step:238/5100 train_loss:4.9603 train_time:32492ms step_avg:142.51ms
step:239/5100 train_loss:4.8978 train_time:32632ms step_avg:142.50ms
step:240/5100 train_loss:4.8734 train_time:32775ms step_avg:142.50ms
step:241/5100 train_loss:4.7935 train_time:32916ms step_avg:142.49ms
step:242/5100 train_loss:4.7847 train_time:33062ms step_avg:142.51ms
step:243/5100 train_loss:4.8436 train_time:33208ms step_avg:142.52ms
step:244/5100 train_loss:4.9783 train_time:33353ms step_avg:142.53ms
step:245/5100 train_loss:4.8184 train_time:33497ms step_avg:142.54ms
step:246/5100 train_loss:4.8701 train_time:33643ms step_avg:142.56ms
step:247/5100 train_loss:4.8083 train_time:33783ms step_avg:142.54ms
step:248/5100 train_loss:4.8143 train_time:33928ms step_avg:142.55ms
step:249/5100 train_loss:4.9589 train_time:34073ms step_avg:142.56ms
step:250/5100 train_loss:4.7569 train_time:34217ms step_avg:142.57ms
step:251/5100 train_loss:4.8324 train_time:34356ms step_avg:142.56ms
step:252/5100 train_loss:4.8978 train_time:34499ms step_avg:142.56ms
step:253/5100 train_loss:4.7971 train_time:34638ms step_avg:142.54ms
step:254/5100 train_loss:4.7065 train_time:34781ms step_avg:142.54ms
step:255/5100 train_loss:4.7445 train_time:34923ms step_avg:142.54ms
step:256/5100 train_loss:4.9086 train_time:35063ms step_avg:142.53ms
step:257/5100 train_loss:4.9570 train_time:35201ms step_avg:142.52ms
step:258/5100 train_loss:4.7066 train_time:35341ms step_avg:142.51ms
step:259/5100 train_loss:4.8494 train_time:35480ms step_avg:142.49ms
step:260/5100 train_loss:4.6695 train_time:35625ms step_avg:142.50ms
step:261/5100 train_loss:4.8339 train_time:35766ms step_avg:142.50ms
step:262/5100 train_loss:4.8284 train_time:35908ms step_avg:142.49ms
step:263/5100 train_loss:4.7906 train_time:36048ms step_avg:142.48ms
step:264/5100 train_loss:4.7207 train_time:36192ms step_avg:142.49ms
step:265/5100 train_loss:4.9422 train_time:36336ms step_avg:142.49ms
step:266/5100 train_loss:4.7186 train_time:36478ms step_avg:142.49ms
step:267/5100 train_loss:4.7492 train_time:36617ms step_avg:142.48ms
step:268/5100 train_loss:4.7085 train_time:36757ms step_avg:142.47ms
step:269/5100 train_loss:4.8680 train_time:36896ms step_avg:142.46ms
step:270/5100 train_loss:4.8968 train_time:37035ms step_avg:142.44ms
step:271/5100 train_loss:4.8488 train_time:37182ms step_avg:142.46ms
step:272/5100 train_loss:4.8138 train_time:37320ms step_avg:142.44ms
step:273/5100 train_loss:4.8853 train_time:37462ms step_avg:142.44ms
step:274/5100 train_loss:4.6408 train_time:37602ms step_avg:142.43ms
step:275/5100 train_loss:4.7214 train_time:37742ms step_avg:142.42ms
step:276/5100 train_loss:4.7579 train_time:37886ms step_avg:142.43ms
step:277/5100 train_loss:4.7543 train_time:38029ms step_avg:142.43ms
step:278/5100 train_loss:4.6975 train_time:38178ms step_avg:142.45ms
step:279/5100 train_loss:4.7622 train_time:38317ms step_avg:142.44ms
step:280/5100 train_loss:4.7040 train_time:38461ms step_avg:142.45ms
step:281/5100 train_loss:4.7113 train_time:38604ms step_avg:142.45ms
step:282/5100 train_loss:4.7296 train_time:38748ms step_avg:142.45ms
step:283/5100 train_loss:4.6272 train_time:38891ms step_avg:142.46ms
step:284/5100 train_loss:4.7048 train_time:39033ms step_avg:142.46ms
step:285/5100 train_loss:4.7514 train_time:39174ms step_avg:142.45ms
step:286/5100 train_loss:4.7052 train_time:39318ms step_avg:142.46ms
step:287/5100 train_loss:4.7209 train_time:39461ms step_avg:142.46ms
step:288/5100 train_loss:4.7149 train_time:39605ms step_avg:142.46ms
step:289/5100 train_loss:4.7758 train_time:39747ms step_avg:142.46ms
step:290/5100 train_loss:4.5792 train_time:39888ms step_avg:142.46ms
step:291/5100 train_loss:4.7640 train_time:40028ms step_avg:142.45ms
step:292/5100 train_loss:4.6198 train_time:40171ms step_avg:142.45ms
step:293/5100 train_loss:4.7447 train_time:40318ms step_avg:142.47ms
step:294/5100 train_loss:4.7201 train_time:40468ms step_avg:142.49ms
step:295/5100 train_loss:4.6392 train_time:40612ms step_avg:142.50ms
step:296/5100 train_loss:4.7462 train_time:40755ms step_avg:142.50ms
step:297/5100 train_loss:4.7836 train_time:40895ms step_avg:142.49ms
step:298/5100 train_loss:4.6597 train_time:41037ms step_avg:142.49ms
step:299/5100 train_loss:4.6441 train_time:41177ms step_avg:142.48ms
step:300/5100 train_loss:4.5660 train_time:41319ms step_avg:142.48ms
step:301/5100 train_loss:4.7105 train_time:41463ms step_avg:142.48ms
step:302/5100 train_loss:4.6611 train_time:41604ms step_avg:142.48ms
step:303/5100 train_loss:4.5401 train_time:41753ms step_avg:142.50ms
step:304/5100 train_loss:4.5584 train_time:41897ms step_avg:142.51ms
step:305/5100 train_loss:4.7269 train_time:42040ms step_avg:142.51ms
step:306/5100 train_loss:4.6961 train_time:42182ms step_avg:142.51ms
step:307/5100 train_loss:4.5433 train_time:42329ms step_avg:142.52ms
step:308/5100 train_loss:4.6904 train_time:42470ms step_avg:142.52ms
step:309/5100 train_loss:4.6749 train_time:42615ms step_avg:142.52ms
step:310/5100 train_loss:4.8506 train_time:42758ms step_avg:142.53ms
step:311/5100 train_loss:4.6552 train_time:42905ms step_avg:142.54ms
step:312/5100 train_loss:4.5564 train_time:43051ms step_avg:142.55ms
step:313/5100 train_loss:4.7716 train_time:43193ms step_avg:142.55ms
step:314/5100 train_loss:4.5558 train_time:43340ms step_avg:142.57ms
step:315/5100 train_loss:4.6591 train_time:43480ms step_avg:142.56ms
step:316/5100 train_loss:4.2820 train_time:43625ms step_avg:142.57ms
step:317/5100 train_loss:4.5827 train_time:43771ms step_avg:142.58ms
step:318/5100 train_loss:4.6314 train_time:43914ms step_avg:142.58ms
step:319/5100 train_loss:4.5981 train_time:44058ms step_avg:142.58ms
step:320/5100 train_loss:4.6099 train_time:44199ms step_avg:142.58ms
step:321/5100 train_loss:4.6444 train_time:44340ms step_avg:142.57ms
step:322/5100 train_loss:4.5615 train_time:44485ms step_avg:142.58ms
step:323/5100 train_loss:4.5255 train_time:44631ms step_avg:142.59ms
step:324/5100 train_loss:4.5875 train_time:44774ms step_avg:142.59ms
step:325/5100 train_loss:4.6109 train_time:44915ms step_avg:142.59ms
step:326/5100 train_loss:4.6451 train_time:45058ms step_avg:142.59ms
step:327/5100 train_loss:4.6397 train_time:45201ms step_avg:142.59ms
step:328/5100 train_loss:4.6583 train_time:45341ms step_avg:142.58ms
step:329/5100 train_loss:5.1093 train_time:45485ms step_avg:142.59ms
step:330/5100 train_loss:4.6560 train_time:45630ms step_avg:142.60ms
step:331/5100 train_loss:4.6228 train_time:45773ms step_avg:142.60ms
step:332/5100 train_loss:4.5654 train_time:45919ms step_avg:142.60ms
step:333/5100 train_loss:4.5952 train_time:46061ms step_avg:142.60ms
step:334/5100 train_loss:4.5330 train_time:46205ms step_avg:142.61ms
step:335/5100 train_loss:4.5224 train_time:46345ms step_avg:142.60ms
step:336/5100 train_loss:4.6044 train_time:46490ms step_avg:142.61ms
step:337/5100 train_loss:4.5928 train_time:46634ms step_avg:142.61ms
step:338/5100 train_loss:4.5554 train_time:46775ms step_avg:142.61ms
step:339/5100 train_loss:4.5657 train_time:46919ms step_avg:142.61ms
step:340/5100 train_loss:4.5027 train_time:47063ms step_avg:142.62ms
step:341/5100 train_loss:4.6284 train_time:47209ms step_avg:142.62ms
step:342/5100 train_loss:4.6305 train_time:47347ms step_avg:142.61ms
step:343/5100 train_loss:4.5709 train_time:47492ms step_avg:142.62ms
step:344/5100 train_loss:4.7198 train_time:47634ms step_avg:142.62ms
step:345/5100 train_loss:4.5948 train_time:47777ms step_avg:142.62ms
step:346/5100 train_loss:4.5640 train_time:47920ms step_avg:142.62ms
step:347/5100 train_loss:4.5311 train_time:48063ms step_avg:142.62ms
step:348/5100 train_loss:4.6111 train_time:48205ms step_avg:142.62ms
step:349/5100 train_loss:4.6779 train_time:48349ms step_avg:142.62ms
step:350/5100 train_loss:4.5456 train_time:48490ms step_avg:142.62ms
step:351/5100 train_loss:4.5906 train_time:48636ms step_avg:142.63ms
step:352/5100 train_loss:4.4658 train_time:48780ms step_avg:142.63ms
step:353/5100 train_loss:4.7664 train_time:48924ms step_avg:142.64ms
step:354/5100 train_loss:4.5091 train_time:49066ms step_avg:142.63ms
step:355/5100 train_loss:4.5958 train_time:49209ms step_avg:142.64ms
step:356/5100 train_loss:4.7389 train_time:49351ms step_avg:142.63ms
step:357/5100 train_loss:4.4892 train_time:49492ms step_avg:142.63ms
step:358/5100 train_loss:4.5269 train_time:49637ms step_avg:142.63ms
step:359/5100 train_loss:4.5109 train_time:49777ms step_avg:142.63ms
step:360/5100 train_loss:4.4252 train_time:49927ms step_avg:142.65ms
step:361/5100 train_loss:4.5267 train_time:50068ms step_avg:142.64ms
step:362/5100 train_loss:4.5132 train_time:50212ms step_avg:142.65ms
step:363/5100 train_loss:4.5296 train_time:50351ms step_avg:142.64ms
step:364/5100 train_loss:4.5724 train_time:50496ms step_avg:142.64ms
step:365/5100 train_loss:4.5952 train_time:50637ms step_avg:142.64ms
step:366/5100 train_loss:4.5590 train_time:50781ms step_avg:142.64ms
step:367/5100 train_loss:4.5039 train_time:50922ms step_avg:142.64ms
step:368/5100 train_loss:4.5253 train_time:51069ms step_avg:142.65ms
step:369/5100 train_loss:4.4934 train_time:51211ms step_avg:142.65ms
step:370/5100 train_loss:4.4567 train_time:51354ms step_avg:142.65ms
step:371/5100 train_loss:4.4888 train_time:51493ms step_avg:142.64ms
step:372/5100 train_loss:4.5551 train_time:51636ms step_avg:142.64ms
step:373/5100 train_loss:4.4989 train_time:51778ms step_avg:142.64ms
step:374/5100 train_loss:4.5575 train_time:51921ms step_avg:142.64ms
step:375/5100 train_loss:4.5036 train_time:52065ms step_avg:142.64ms
step:376/5100 train_loss:4.6094 train_time:52211ms step_avg:142.65ms
step:377/5100 train_loss:4.5376 train_time:52350ms step_avg:142.64ms
step:378/5100 train_loss:4.5141 train_time:52489ms step_avg:142.63ms
step:379/5100 train_loss:4.5778 train_time:52635ms step_avg:142.64ms
step:380/5100 train_loss:4.4665 train_time:52783ms step_avg:142.66ms
step:381/5100 train_loss:4.5279 train_time:52927ms step_avg:142.66ms
step:382/5100 train_loss:4.3922 train_time:53072ms step_avg:142.67ms
step:383/5100 train_loss:4.5096 train_time:53212ms step_avg:142.66ms
step:384/5100 train_loss:4.4621 train_time:53358ms step_avg:142.67ms
step:385/5100 train_loss:4.4383 train_time:53497ms step_avg:142.66ms
step:386/5100 train_loss:4.4954 train_time:53642ms step_avg:142.67ms
step:387/5100 train_loss:4.4367 train_time:53782ms step_avg:142.66ms
step:388/5100 train_loss:4.6297 train_time:53927ms step_avg:142.66ms
step:389/5100 train_loss:4.6408 train_time:54073ms step_avg:142.67ms
step:390/5100 train_loss:4.5396 train_time:54213ms step_avg:142.67ms
step:391/5100 train_loss:4.5177 train_time:54357ms step_avg:142.67ms
step:392/5100 train_loss:4.4793 train_time:54496ms step_avg:142.66ms
step:393/5100 train_loss:4.4693 train_time:54641ms step_avg:142.67ms
step:394/5100 train_loss:4.5382 train_time:54782ms step_avg:142.66ms
step:395/5100 train_loss:4.4198 train_time:54930ms step_avg:142.68ms
step:396/5100 train_loss:4.5225 train_time:55074ms step_avg:142.68ms
step:397/5100 train_loss:4.4824 train_time:55219ms step_avg:142.68ms
step:398/5100 train_loss:4.5127 train_time:55365ms step_avg:142.69ms
step:399/5100 train_loss:4.4768 train_time:55503ms step_avg:142.68ms
step:400/5100 train_loss:4.4076 train_time:55643ms step_avg:142.67ms
step:401/5100 train_loss:4.4134 train_time:55782ms step_avg:142.67ms
step:402/5100 train_loss:4.4154 train_time:55926ms step_avg:142.67ms
step:403/5100 train_loss:4.2424 train_time:56067ms step_avg:142.66ms
step:404/5100 train_loss:4.3406 train_time:56214ms step_avg:142.67ms
step:405/5100 train_loss:4.5568 train_time:56354ms step_avg:142.67ms
step:406/5100 train_loss:4.4924 train_time:56493ms step_avg:142.66ms
step:407/5100 train_loss:4.4881 train_time:56636ms step_avg:142.66ms
step:408/5100 train_loss:4.3989 train_time:56776ms step_avg:142.65ms
step:409/5100 train_loss:4.5585 train_time:56920ms step_avg:142.66ms
step:410/5100 train_loss:4.4794 train_time:57065ms step_avg:142.66ms
step:411/5100 train_loss:4.4513 train_time:57207ms step_avg:142.66ms
step:412/5100 train_loss:4.4494 train_time:57352ms step_avg:142.67ms
step:413/5100 train_loss:4.5314 train_time:57492ms step_avg:142.66ms
step:414/5100 train_loss:4.4744 train_time:57637ms step_avg:142.66ms
step:415/5100 train_loss:4.9548 train_time:57775ms step_avg:142.66ms
step:416/5100 train_loss:4.3914 train_time:57924ms step_avg:142.67ms
step:417/5100 train_loss:4.4479 train_time:58068ms step_avg:142.67ms
step:418/5100 train_loss:4.4846 train_time:58213ms step_avg:142.68ms
step:419/5100 train_loss:4.5043 train_time:58358ms step_avg:142.68ms
step:420/5100 train_loss:4.5466 train_time:58499ms step_avg:142.68ms
step:421/5100 train_loss:4.4625 train_time:58638ms step_avg:142.67ms
step:422/5100 train_loss:4.4117 train_time:58777ms step_avg:142.66ms
step:423/5100 train_loss:4.4794 train_time:58918ms step_avg:142.66ms
step:424/5100 train_loss:4.5290 train_time:59063ms step_avg:142.66ms
step:425/5100 train_loss:4.4800 train_time:59205ms step_avg:142.66ms
step:426/5100 train_loss:4.4019 train_time:59346ms step_avg:142.66ms
step:427/5100 train_loss:4.5741 train_time:59489ms step_avg:142.66ms
step:428/5100 train_loss:4.5428 train_time:59631ms step_avg:142.66ms
step:429/5100 train_loss:4.4248 train_time:59771ms step_avg:142.65ms
step:430/5100 train_loss:4.4167 train_time:59913ms step_avg:142.65ms
step:431/5100 train_loss:4.3692 train_time:60058ms step_avg:142.66ms
step:431/5100 val_loss:4.4479 train_time:60065ms step_avg:142.67ms
step:432/5100 train_loss:4.3129 train_time:60201ms step_avg:142.66ms
step:433/5100 train_loss:4.4904 train_time:60346ms step_avg:142.66ms
step:434/5100 train_loss:4.4210 train_time:60487ms step_avg:142.66ms
step:435/5100 train_loss:4.4802 train_time:60628ms step_avg:142.65ms
step:436/5100 train_loss:4.5416 train_time:60773ms step_avg:142.66ms
step:437/5100 train_loss:4.4588 train_time:60917ms step_avg:142.66ms
step:438/5100 train_loss:4.4855 train_time:61060ms step_avg:142.66ms
step:439/5100 train_loss:4.4137 train_time:61200ms step_avg:142.66ms
step:440/5100 train_loss:4.4795 train_time:61344ms step_avg:142.66ms
step:441/5100 train_loss:4.6109 train_time:61484ms step_avg:142.65ms
step:442/5100 train_loss:4.4001 train_time:61628ms step_avg:142.66ms
step:443/5100 train_loss:4.4594 train_time:61768ms step_avg:142.65ms
step:444/5100 train_loss:4.4308 train_time:61915ms step_avg:142.66ms
step:445/5100 train_loss:4.3929 train_time:62058ms step_avg:142.66ms
step:446/5100 train_loss:4.4376 train_time:62200ms step_avg:142.66ms
step:447/5100 train_loss:4.4628 train_time:62345ms step_avg:142.67ms
step:448/5100 train_loss:4.5740 train_time:62484ms step_avg:142.66ms
step:449/5100 train_loss:4.4218 train_time:62627ms step_avg:142.66ms
step:450/5100 train_loss:4.4397 train_time:62770ms step_avg:142.66ms
step:451/5100 train_loss:4.5718 train_time:62916ms step_avg:142.67ms
step:452/5100 train_loss:4.3158 train_time:63060ms step_avg:142.67ms
step:453/5100 train_loss:4.6331 train_time:63204ms step_avg:142.67ms
step:454/5100 train_loss:4.3760 train_time:63349ms step_avg:142.68ms
step:455/5100 train_loss:4.4969 train_time:63492ms step_avg:142.68ms
step:456/5100 train_loss:4.4556 train_time:63633ms step_avg:142.67ms
step:457/5100 train_loss:4.4563 train_time:63774ms step_avg:142.67ms
step:458/5100 train_loss:4.3850 train_time:63918ms step_avg:142.67ms
step:459/5100 train_loss:4.5011 train_time:64058ms step_avg:142.67ms
step:460/5100 train_loss:4.4024 train_time:64200ms step_avg:142.67ms
step:461/5100 train_loss:4.6061 train_time:64337ms step_avg:142.65ms
step:462/5100 train_loss:4.4201 train_time:64481ms step_avg:142.66ms
step:463/5100 train_loss:4.5053 train_time:64623ms step_avg:142.66ms
step:464/5100 train_loss:4.4240 train_time:64764ms step_avg:142.65ms
step:465/5100 train_loss:4.4518 train_time:64906ms step_avg:142.65ms
step:466/5100 train_loss:4.3776 train_time:65052ms step_avg:142.66ms
step:467/5100 train_loss:4.4363 train_time:65197ms step_avg:142.66ms
step:468/5100 train_loss:4.3518 train_time:65336ms step_avg:142.66ms
step:469/5100 train_loss:4.4101 train_time:65479ms step_avg:142.66ms
step:470/5100 train_loss:4.5092 train_time:65619ms step_avg:142.65ms
step:471/5100 train_loss:4.4303 train_time:65761ms step_avg:142.65ms
step:472/5100 train_loss:4.4505 train_time:65904ms step_avg:142.65ms
step:473/5100 train_loss:4.3488 train_time:66046ms step_avg:142.65ms
step:474/5100 train_loss:4.3707 train_time:66190ms step_avg:142.65ms
step:475/5100 train_loss:4.4100 train_time:66335ms step_avg:142.66ms
step:476/5100 train_loss:4.3901 train_time:66478ms step_avg:142.66ms
step:477/5100 train_loss:4.4073 train_time:66620ms step_avg:142.66ms
step:478/5100 train_loss:4.3249 train_time:66764ms step_avg:142.66ms
step:479/5100 train_loss:4.3869 train_time:66902ms step_avg:142.65ms
step:480/5100 train_loss:4.4146 train_time:67044ms step_avg:142.65ms
step:481/5100 train_loss:4.3936 train_time:67184ms step_avg:142.64ms
step:482/5100 train_loss:4.2714 train_time:67327ms step_avg:142.64ms
step:483/5100 train_loss:4.3856 train_time:67471ms step_avg:142.65ms
step:484/5100 train_loss:4.4124 train_time:67616ms step_avg:142.65ms
step:485/5100 train_loss:4.4582 train_time:67760ms step_avg:142.65ms
step:486/5100 train_loss:4.4329 train_time:67902ms step_avg:142.65ms
step:487/5100 train_loss:4.3422 train_time:68046ms step_avg:142.65ms
step:488/5100 train_loss:4.3186 train_time:68184ms step_avg:142.64ms
step:489/5100 train_loss:4.2447 train_time:68327ms step_avg:142.65ms
step:490/5100 train_loss:4.3354 train_time:68466ms step_avg:142.64ms
step:491/5100 train_loss:4.4129 train_time:68610ms step_avg:142.64ms
step:492/5100 train_loss:4.4254 train_time:68751ms step_avg:142.64ms
step:493/5100 train_loss:4.3211 train_time:68897ms step_avg:142.64ms
step:494/5100 train_loss:4.5147 train_time:69040ms step_avg:142.64ms
step:495/5100 train_loss:4.3364 train_time:69183ms step_avg:142.65ms
step:496/5100 train_loss:4.2642 train_time:69327ms step_avg:142.65ms
step:497/5100 train_loss:4.3710 train_time:69475ms step_avg:142.66ms
step:498/5100 train_loss:4.4183 train_time:69619ms step_avg:142.66ms
step:499/5100 train_loss:4.4250 train_time:69759ms step_avg:142.66ms
step:500/5100 train_loss:4.3337 train_time:69899ms step_avg:142.65ms
step:501/5100 train_loss:4.4099 train_time:70041ms step_avg:142.65ms
step:502/5100 train_loss:4.3634 train_time:70191ms step_avg:142.66ms
step:503/5100 train_loss:4.4137 train_time:70335ms step_avg:142.67ms
step:504/5100 train_loss:4.2995 train_time:70475ms step_avg:142.66ms
step:505/5100 train_loss:4.3461 train_time:70620ms step_avg:142.67ms
step:506/5100 train_loss:4.3939 train_time:70759ms step_avg:142.66ms
step:507/5100 train_loss:4.4131 train_time:70903ms step_avg:142.66ms
step:508/5100 train_loss:4.5036 train_time:71042ms step_avg:142.65ms
step:509/5100 train_loss:4.4357 train_time:71185ms step_avg:142.66ms
step:510/5100 train_loss:4.3689 train_time:71324ms step_avg:142.65ms
step:511/5100 train_loss:4.2653 train_time:71466ms step_avg:142.65ms
step:512/5100 train_loss:4.4695 train_time:71607ms step_avg:142.64ms
step:513/5100 train_loss:4.3831 train_time:71750ms step_avg:142.64ms
step:514/5100 train_loss:4.5120 train_time:71889ms step_avg:142.64ms
step:515/5100 train_loss:4.4434 train_time:72031ms step_avg:142.64ms
step:516/5100 train_loss:4.4216 train_time:72173ms step_avg:142.64ms
step:517/5100 train_loss:4.3784 train_time:72316ms step_avg:142.63ms
step:518/5100 train_loss:4.3039 train_time:72458ms step_avg:142.63ms
step:519/5100 train_loss:4.1014 train_time:72607ms step_avg:142.65ms
step:520/5100 train_loss:4.3820 train_time:72750ms step_avg:142.65ms
step:521/5100 train_loss:4.2575 train_time:72891ms step_avg:142.64ms
step:522/5100 train_loss:4.3823 train_time:73029ms step_avg:142.64ms
step:523/5100 train_loss:4.3733 train_time:73173ms step_avg:142.64ms
step:524/5100 train_loss:4.4198 train_time:73316ms step_avg:142.64ms
step:525/5100 train_loss:4.3548 train_time:73459ms step_avg:142.64ms
step:526/5100 train_loss:4.3240 train_time:73601ms step_avg:142.64ms
step:527/5100 train_loss:4.2880 train_time:73739ms step_avg:142.63ms
step:528/5100 train_loss:4.3725 train_time:73881ms step_avg:142.63ms
step:529/5100 train_loss:4.4061 train_time:74020ms step_avg:142.62ms
step:530/5100 train_loss:4.4301 train_time:74161ms step_avg:142.62ms
step:531/5100 train_loss:4.3258 train_time:74303ms step_avg:142.62ms
step:532/5100 train_loss:4.2568 train_time:74446ms step_avg:142.62ms
step:533/5100 train_loss:4.3229 train_time:74586ms step_avg:142.61ms
step:534/5100 train_loss:4.3550 train_time:74726ms step_avg:142.61ms
step:535/5100 train_loss:4.3667 train_time:74867ms step_avg:142.60ms
step:536/5100 train_loss:4.3415 train_time:75013ms step_avg:142.61ms
step:537/5100 train_loss:4.2763 train_time:75157ms step_avg:142.61ms
step:538/5100 train_loss:4.5750 train_time:75300ms step_avg:142.61ms
step:539/5100 train_loss:4.3723 train_time:75444ms step_avg:142.62ms
step:540/5100 train_loss:4.2995 train_time:75589ms step_avg:142.62ms
step:541/5100 train_loss:4.2803 train_time:75730ms step_avg:142.62ms
step:542/5100 train_loss:4.2191 train_time:75871ms step_avg:142.61ms
step:543/5100 train_loss:4.4058 train_time:76013ms step_avg:142.61ms
step:544/5100 train_loss:4.2580 train_time:76155ms step_avg:142.61ms
step:545/5100 train_loss:4.3804 train_time:76299ms step_avg:142.62ms
step:546/5100 train_loss:4.4321 train_time:76441ms step_avg:142.61ms
step:547/5100 train_loss:4.2683 train_time:76583ms step_avg:142.61ms
step:548/5100 train_loss:4.3809 train_time:76725ms step_avg:142.61ms
step:549/5100 train_loss:4.2665 train_time:76866ms step_avg:142.61ms
step:550/5100 train_loss:4.3367 train_time:77008ms step_avg:142.61ms
step:551/5100 train_loss:4.3120 train_time:77149ms step_avg:142.61ms
step:552/5100 train_loss:4.3493 train_time:77287ms step_avg:142.60ms
step:553/5100 train_loss:4.4712 train_time:77432ms step_avg:142.60ms
step:554/5100 train_loss:4.3301 train_time:77571ms step_avg:142.59ms
step:555/5100 train_loss:4.2415 train_time:77717ms step_avg:142.60ms
step:556/5100 train_loss:4.4006 train_time:77861ms step_avg:142.60ms
step:557/5100 train_loss:4.3826 train_time:78004ms step_avg:142.60ms
step:558/5100 train_loss:4.4258 train_time:78147ms step_avg:142.60ms
step:559/5100 train_loss:4.2872 train_time:78291ms step_avg:142.61ms
step:560/5100 train_loss:4.4356 train_time:78434ms step_avg:142.61ms
step:561/5100 train_loss:4.3882 train_time:78579ms step_avg:142.61ms
step:562/5100 train_loss:4.3231 train_time:78720ms step_avg:142.61ms
step:563/5100 train_loss:4.1458 train_time:78859ms step_avg:142.60ms
step:564/5100 train_loss:4.3387 train_time:78999ms step_avg:142.60ms
step:565/5100 train_loss:4.3606 train_time:79138ms step_avg:142.59ms
step:566/5100 train_loss:4.2988 train_time:79281ms step_avg:142.59ms
step:567/5100 train_loss:4.5263 train_time:79420ms step_avg:142.59ms
step:568/5100 train_loss:4.4831 train_time:79563ms step_avg:142.59ms
step:569/5100 train_loss:4.3356 train_time:79703ms step_avg:142.58ms
step:570/5100 train_loss:4.2909 train_time:79846ms step_avg:142.58ms
step:571/5100 train_loss:4.2810 train_time:79986ms step_avg:142.58ms
step:572/5100 train_loss:4.3522 train_time:80128ms step_avg:142.58ms
step:573/5100 train_loss:4.3261 train_time:80274ms step_avg:142.58ms
step:574/5100 train_loss:4.3361 train_time:80419ms step_avg:142.59ms
step:575/5100 train_loss:4.3002 train_time:80560ms step_avg:142.58ms
step:576/5100 train_loss:4.4213 train_time:80704ms step_avg:142.59ms
step:577/5100 train_loss:4.2118 train_time:80847ms step_avg:142.59ms
step:578/5100 train_loss:4.3239 train_time:80985ms step_avg:142.58ms
step:579/5100 train_loss:4.2799 train_time:81125ms step_avg:142.58ms
step:580/5100 train_loss:4.2830 train_time:81269ms step_avg:142.58ms
step:581/5100 train_loss:4.4030 train_time:81413ms step_avg:142.58ms
step:582/5100 train_loss:4.2134 train_time:81556ms step_avg:142.58ms
step:583/5100 train_loss:4.2648 train_time:81699ms step_avg:142.58ms
step:584/5100 train_loss:4.2991 train_time:81836ms step_avg:142.57ms
step:585/5100 train_loss:4.2440 train_time:81976ms step_avg:142.57ms
step:586/5100 train_loss:4.3002 train_time:82117ms step_avg:142.56ms
step:587/5100 train_loss:4.2726 train_time:82259ms step_avg:142.56ms
step:588/5100 train_loss:4.3560 train_time:82407ms step_avg:142.57ms
step:589/5100 train_loss:4.2767 train_time:82550ms step_avg:142.57ms
step:590/5100 train_loss:4.3920 train_time:82690ms step_avg:142.57ms
step:591/5100 train_loss:4.2898 train_time:82832ms step_avg:142.57ms
step:592/5100 train_loss:4.1967 train_time:82975ms step_avg:142.57ms
step:593/5100 train_loss:4.3534 train_time:83117ms step_avg:142.57ms
step:594/5100 train_loss:4.3338 train_time:83261ms step_avg:142.57ms
step:595/5100 train_loss:4.2318 train_time:83400ms step_avg:142.56ms
step:596/5100 train_loss:4.3239 train_time:83543ms step_avg:142.56ms
step:597/5100 train_loss:4.4339 train_time:83682ms step_avg:142.56ms
step:598/5100 train_loss:4.4024 train_time:83821ms step_avg:142.55ms
step:599/5100 train_loss:4.3646 train_time:83963ms step_avg:142.55ms
step:600/5100 train_loss:4.2095 train_time:84106ms step_avg:142.55ms
step:601/5100 train_loss:4.3065 train_time:84245ms step_avg:142.55ms
step:602/5100 train_loss:4.2946 train_time:84388ms step_avg:142.55ms
step:603/5100 train_loss:4.3472 train_time:84532ms step_avg:142.55ms
step:604/5100 train_loss:4.2796 train_time:84677ms step_avg:142.55ms
step:605/5100 train_loss:4.3094 train_time:84820ms step_avg:142.56ms
step:606/5100 train_loss:4.2366 train_time:84961ms step_avg:142.55ms
step:607/5100 train_loss:4.2313 train_time:85102ms step_avg:142.55ms
step:608/5100 train_loss:4.1710 train_time:85242ms step_avg:142.55ms
step:609/5100 train_loss:4.1871 train_time:85381ms step_avg:142.54ms
step:610/5100 train_loss:4.2895 train_time:85523ms step_avg:142.54ms
step:611/5100 train_loss:4.2087 train_time:85664ms step_avg:142.54ms
step:612/5100 train_loss:4.3217 train_time:85809ms step_avg:142.54ms
step:613/5100 train_loss:4.2442 train_time:85948ms step_avg:142.53ms
step:614/5100 train_loss:4.2577 train_time:86093ms step_avg:142.54ms
step:615/5100 train_loss:4.3577 train_time:86232ms step_avg:142.53ms
step:616/5100 train_loss:4.2085 train_time:86374ms step_avg:142.53ms
step:617/5100 train_loss:4.3236 train_time:86518ms step_avg:142.53ms
step:618/5100 train_loss:4.2549 train_time:86659ms step_avg:142.53ms
step:619/5100 train_loss:4.3771 train_time:86800ms step_avg:142.53ms
step:620/5100 train_loss:4.3976 train_time:86939ms step_avg:142.52ms
step:621/5100 train_loss:4.3212 train_time:87082ms step_avg:142.52ms
step:622/5100 train_loss:4.3160 train_time:87223ms step_avg:142.52ms
step:623/5100 train_loss:4.2468 train_time:87362ms step_avg:142.51ms
step:624/5100 train_loss:4.3520 train_time:87505ms step_avg:142.52ms
step:625/5100 train_loss:4.3523 train_time:87646ms step_avg:142.51ms
step:626/5100 train_loss:4.3011 train_time:87788ms step_avg:142.51ms
step:627/5100 train_loss:4.3125 train_time:87931ms step_avg:142.51ms
step:628/5100 train_loss:4.3367 train_time:88075ms step_avg:142.52ms
step:629/5100 train_loss:4.2723 train_time:88217ms step_avg:142.52ms
step:630/5100 train_loss:4.1884 train_time:88361ms step_avg:142.52ms
step:631/5100 train_loss:4.2486 train_time:88507ms step_avg:142.52ms
step:632/5100 train_loss:4.3247 train_time:88644ms step_avg:142.51ms
step:633/5100 train_loss:4.2406 train_time:88789ms step_avg:142.52ms
step:634/5100 train_loss:4.3106 train_time:88927ms step_avg:142.51ms
step:635/5100 train_loss:4.3759 train_time:89072ms step_avg:142.51ms
step:636/5100 train_loss:4.2433 train_time:89214ms step_avg:142.51ms
step:637/5100 train_loss:4.2166 train_time:89357ms step_avg:142.51ms
step:638/5100 train_loss:4.1823 train_time:89497ms step_avg:142.51ms
step:639/5100 train_loss:4.4001 train_time:89642ms step_avg:142.52ms
step:640/5100 train_loss:4.2456 train_time:89782ms step_avg:142.51ms
step:641/5100 train_loss:4.2986 train_time:89928ms step_avg:142.52ms
step:642/5100 train_loss:4.3759 train_time:90069ms step_avg:142.51ms
step:643/5100 train_loss:4.3345 train_time:90217ms step_avg:142.52ms
step:644/5100 train_loss:4.2841 train_time:90358ms step_avg:142.52ms
step:645/5100 train_loss:4.1857 train_time:90503ms step_avg:142.52ms
step:646/5100 train_loss:4.3313 train_time:90648ms step_avg:142.53ms
step:647/5100 train_loss:4.3089 train_time:90788ms step_avg:142.52ms
step:648/5100 train_loss:4.2756 train_time:90931ms step_avg:142.53ms
step:649/5100 train_loss:4.2423 train_time:91069ms step_avg:142.52ms
step:650/5100 train_loss:4.2709 train_time:91209ms step_avg:142.51ms
step:651/5100 train_loss:4.3289 train_time:91348ms step_avg:142.51ms
step:652/5100 train_loss:4.2000 train_time:91490ms step_avg:142.51ms
step:653/5100 train_loss:4.1867 train_time:91632ms step_avg:142.51ms
step:654/5100 train_loss:4.3097 train_time:91775ms step_avg:142.51ms
step:655/5100 train_loss:4.4121 train_time:91914ms step_avg:142.50ms
step:656/5100 train_loss:4.2613 train_time:92054ms step_avg:142.50ms
step:657/5100 train_loss:4.2181 train_time:92194ms step_avg:142.49ms
step:658/5100 train_loss:4.2733 train_time:92338ms step_avg:142.50ms
step:659/5100 train_loss:4.1312 train_time:92483ms step_avg:142.50ms
step:660/5100 train_loss:4.2855 train_time:92625ms step_avg:142.50ms
step:661/5100 train_loss:4.2943 train_time:92767ms step_avg:142.50ms
step:662/5100 train_loss:4.3461 train_time:92913ms step_avg:142.50ms
step:663/5100 train_loss:4.2318 train_time:93056ms step_avg:142.51ms
step:664/5100 train_loss:4.3466 train_time:93200ms step_avg:142.51ms
step:665/5100 train_loss:4.2348 train_time:93339ms step_avg:142.50ms
step:666/5100 train_loss:4.2235 train_time:93484ms step_avg:142.51ms
step:667/5100 train_loss:4.1473 train_time:93628ms step_avg:142.51ms
step:668/5100 train_loss:4.2799 train_time:93773ms step_avg:142.51ms
step:669/5100 train_loss:4.1739 train_time:93922ms step_avg:142.52ms
step:670/5100 train_loss:4.2336 train_time:94063ms step_avg:142.52ms
step:671/5100 train_loss:4.3149 train_time:94205ms step_avg:142.52ms
step:672/5100 train_loss:4.2297 train_time:94344ms step_avg:142.51ms
step:673/5100 train_loss:4.1670 train_time:94485ms step_avg:142.51ms
step:674/5100 train_loss:4.1941 train_time:94626ms step_avg:142.51ms
step:675/5100 train_loss:4.1765 train_time:94771ms step_avg:142.51ms
step:676/5100 train_loss:4.3059 train_time:94916ms step_avg:142.52ms
step:677/5100 train_loss:4.2144 train_time:95059ms step_avg:142.52ms
step:678/5100 train_loss:4.1815 train_time:95202ms step_avg:142.52ms
step:679/5100 train_loss:4.2858 train_time:95342ms step_avg:142.51ms
step:680/5100 train_loss:4.2206 train_time:95487ms step_avg:142.52ms
step:681/5100 train_loss:4.1081 train_time:95628ms step_avg:142.52ms
step:682/5100 train_loss:4.2701 train_time:95771ms step_avg:142.52ms
step:683/5100 train_loss:4.2570 train_time:95913ms step_avg:142.52ms
step:684/5100 train_loss:3.9907 train_time:96058ms step_avg:142.52ms
step:685/5100 train_loss:4.3341 train_time:96199ms step_avg:142.52ms
step:686/5100 train_loss:4.2739 train_time:96343ms step_avg:142.52ms
step:687/5100 train_loss:4.2831 train_time:96485ms step_avg:142.52ms
step:688/5100 train_loss:4.1969 train_time:96629ms step_avg:142.52ms
step:689/5100 train_loss:4.4103 train_time:96775ms step_avg:142.53ms
step:690/5100 train_loss:4.2700 train_time:96919ms step_avg:142.53ms
step:691/5100 train_loss:4.3397 train_time:97063ms step_avg:142.53ms
step:692/5100 train_loss:4.1927 train_time:97209ms step_avg:142.53ms
step:693/5100 train_loss:4.1259 train_time:97351ms step_avg:142.53ms
step:694/5100 train_loss:4.3281 train_time:97491ms step_avg:142.53ms
step:695/5100 train_loss:4.2062 train_time:97632ms step_avg:142.53ms
step:696/5100 train_loss:4.3188 train_time:97777ms step_avg:142.53ms
step:697/5100 train_loss:4.2130 train_time:97918ms step_avg:142.53ms
step:698/5100 train_loss:4.2403 train_time:98058ms step_avg:142.53ms
step:699/5100 train_loss:4.2309 train_time:98203ms step_avg:142.53ms
step:700/5100 train_loss:4.2937 train_time:98343ms step_avg:142.53ms
step:701/5100 train_loss:4.2622 train_time:98486ms step_avg:142.53ms
step:702/5100 train_loss:4.1785 train_time:98626ms step_avg:142.52ms
step:703/5100 train_loss:4.2293 train_time:98771ms step_avg:142.53ms
step:704/5100 train_loss:4.2462 train_time:98922ms step_avg:142.54ms
step:705/5100 train_loss:4.2416 train_time:99061ms step_avg:142.53ms
step:706/5100 train_loss:4.1491 train_time:99207ms step_avg:142.54ms
step:707/5100 train_loss:4.2324 train_time:99347ms step_avg:142.53ms
step:708/5100 train_loss:4.2954 train_time:99491ms step_avg:142.54ms
step:709/5100 train_loss:4.2324 train_time:99632ms step_avg:142.54ms
step:710/5100 train_loss:4.1816 train_time:99778ms step_avg:142.54ms
step:711/5100 train_loss:4.1627 train_time:99922ms step_avg:142.54ms
step:712/5100 train_loss:4.3120 train_time:100064ms step_avg:142.54ms
step:713/5100 train_loss:4.3178 train_time:100210ms step_avg:142.55ms
step:714/5100 train_loss:4.2022 train_time:100351ms step_avg:142.54ms
step:715/5100 train_loss:4.3660 train_time:100492ms step_avg:142.54ms
step:716/5100 train_loss:4.2343 train_time:100634ms step_avg:142.54ms
step:717/5100 train_loss:4.1749 train_time:100779ms step_avg:142.54ms
step:718/5100 train_loss:4.1646 train_time:100920ms step_avg:142.54ms
step:719/5100 train_loss:4.2909 train_time:101063ms step_avg:142.54ms
step:720/5100 train_loss:4.2015 train_time:101203ms step_avg:142.54ms
step:721/5100 train_loss:4.2221 train_time:101346ms step_avg:142.54ms
step:722/5100 train_loss:4.2526 train_time:101488ms step_avg:142.54ms
step:723/5100 train_loss:4.1891 train_time:101632ms step_avg:142.54ms
step:724/5100 train_loss:4.1099 train_time:101776ms step_avg:142.54ms
step:725/5100 train_loss:4.2342 train_time:101918ms step_avg:142.54ms
step:726/5100 train_loss:4.2018 train_time:102061ms step_avg:142.54ms
step:727/5100 train_loss:4.1843 train_time:102206ms step_avg:142.55ms
step:728/5100 train_loss:4.2517 train_time:102347ms step_avg:142.55ms
step:729/5100 train_loss:4.2770 train_time:102491ms step_avg:142.55ms
step:730/5100 train_loss:4.2040 train_time:102629ms step_avg:142.54ms
step:731/5100 train_loss:4.1393 train_time:102770ms step_avg:142.54ms
step:732/5100 train_loss:4.1829 train_time:102913ms step_avg:142.54ms
step:733/5100 train_loss:4.1697 train_time:103058ms step_avg:142.54ms
step:734/5100 train_loss:4.2054 train_time:103201ms step_avg:142.54ms
step:735/5100 train_loss:4.2525 train_time:103344ms step_avg:142.54ms
step:736/5100 train_loss:4.3763 train_time:103491ms step_avg:142.55ms
step:737/5100 train_loss:4.1267 train_time:103632ms step_avg:142.55ms
step:738/5100 train_loss:4.2026 train_time:103774ms step_avg:142.55ms
step:739/5100 train_loss:4.1075 train_time:103915ms step_avg:142.54ms
step:740/5100 train_loss:4.1993 train_time:104060ms step_avg:142.55ms
step:741/5100 train_loss:4.2655 train_time:104204ms step_avg:142.55ms
step:742/5100 train_loss:4.1810 train_time:104343ms step_avg:142.55ms
step:743/5100 train_loss:4.2412 train_time:104485ms step_avg:142.54ms
step:744/5100 train_loss:4.2072 train_time:104626ms step_avg:142.54ms
step:745/5100 train_loss:4.1346 train_time:104770ms step_avg:142.54ms
step:746/5100 train_loss:4.2174 train_time:104913ms step_avg:142.54ms
step:747/5100 train_loss:4.2316 train_time:105057ms step_avg:142.55ms
step:748/5100 train_loss:4.2476 train_time:105201ms step_avg:142.55ms
step:749/5100 train_loss:4.2856 train_time:105339ms step_avg:142.54ms
step:750/5100 train_loss:4.3495 train_time:105483ms step_avg:142.54ms
step:751/5100 train_loss:4.1703 train_time:105623ms step_avg:142.54ms
step:752/5100 train_loss:4.1874 train_time:105764ms step_avg:142.54ms
step:753/5100 train_loss:4.2198 train_time:105908ms step_avg:142.54ms
step:754/5100 train_loss:4.1539 train_time:106054ms step_avg:142.55ms
step:755/5100 train_loss:4.2416 train_time:106197ms step_avg:142.55ms
step:756/5100 train_loss:4.1650 train_time:106340ms step_avg:142.55ms
step:757/5100 train_loss:4.0876 train_time:106499ms step_avg:142.57ms
step:758/5100 train_loss:4.3076 train_time:106643ms step_avg:142.57ms
step:759/5100 train_loss:4.1839 train_time:106787ms step_avg:142.57ms
step:760/5100 train_loss:4.1374 train_time:106932ms step_avg:142.58ms
step:761/5100 train_loss:4.1407 train_time:107075ms step_avg:142.58ms
step:762/5100 train_loss:4.6290 train_time:107438ms step_avg:142.87ms
step:763/5100 train_loss:4.0876 train_time:107579ms step_avg:142.87ms
step:764/5100 train_loss:4.1566 train_time:107721ms step_avg:142.87ms
step:765/5100 train_loss:4.1432 train_time:107866ms step_avg:142.87ms
step:766/5100 train_loss:4.1321 train_time:108007ms step_avg:142.87ms
step:767/5100 train_loss:4.0395 train_time:108149ms step_avg:142.86ms
step:768/5100 train_loss:4.1528 train_time:108292ms step_avg:142.87ms
step:769/5100 train_loss:4.3622 train_time:108433ms step_avg:142.86ms
step:770/5100 train_loss:4.2381 train_time:108573ms step_avg:142.86ms
step:771/5100 train_loss:4.3067 train_time:108716ms step_avg:142.86ms
step:772/5100 train_loss:4.1472 train_time:108855ms step_avg:142.85ms
step:773/5100 train_loss:4.2814 train_time:108998ms step_avg:142.85ms
step:774/5100 train_loss:4.1888 train_time:109139ms step_avg:142.85ms
step:775/5100 train_loss:4.2145 train_time:109286ms step_avg:142.86ms
step:776/5100 train_loss:4.2868 train_time:109431ms step_avg:142.86ms
step:777/5100 train_loss:4.2249 train_time:109577ms step_avg:142.86ms
step:778/5100 train_loss:4.1965 train_time:109721ms step_avg:142.87ms
step:779/5100 train_loss:4.3151 train_time:109863ms step_avg:142.87ms
step:780/5100 train_loss:4.2938 train_time:110005ms step_avg:142.86ms
step:781/5100 train_loss:4.2561 train_time:110146ms step_avg:142.86ms
step:782/5100 train_loss:4.0806 train_time:110289ms step_avg:142.86ms
step:783/5100 train_loss:4.2946 train_time:110429ms step_avg:142.86ms
step:784/5100 train_loss:4.2185 train_time:110574ms step_avg:142.86ms
step:785/5100 train_loss:4.2110 train_time:110721ms step_avg:142.87ms
step:786/5100 train_loss:4.4066 train_time:110861ms step_avg:142.86ms
step:787/5100 train_loss:4.1798 train_time:111000ms step_avg:142.86ms
step:788/5100 train_loss:4.1165 train_time:111143ms step_avg:142.86ms
step:789/5100 train_loss:4.2002 train_time:111282ms step_avg:142.85ms
step:790/5100 train_loss:4.1906 train_time:111425ms step_avg:142.85ms
step:791/5100 train_loss:4.1610 train_time:111563ms step_avg:142.85ms
step:792/5100 train_loss:4.2586 train_time:111708ms step_avg:142.85ms
step:793/5100 train_loss:4.2070 train_time:111857ms step_avg:142.86ms
step:794/5100 train_loss:4.2711 train_time:111997ms step_avg:142.85ms
step:795/5100 train_loss:4.1736 train_time:112138ms step_avg:142.85ms
step:796/5100 train_loss:4.0915 train_time:112281ms step_avg:142.85ms
step:797/5100 train_loss:4.2168 train_time:112422ms step_avg:142.85ms
step:798/5100 train_loss:4.2084 train_time:112565ms step_avg:142.85ms
step:799/5100 train_loss:4.1519 train_time:112710ms step_avg:142.85ms
step:800/5100 train_loss:4.2629 train_time:112856ms step_avg:142.86ms
step:801/5100 train_loss:4.3779 train_time:112998ms step_avg:142.85ms
step:802/5100 train_loss:4.5949 train_time:113137ms step_avg:142.85ms
step:803/5100 train_loss:4.1268 train_time:113279ms step_avg:142.85ms
step:804/5100 train_loss:4.1407 train_time:113420ms step_avg:142.85ms
step:805/5100 train_loss:4.1393 train_time:113560ms step_avg:142.84ms
step:806/5100 train_loss:4.3177 train_time:113703ms step_avg:142.84ms
step:807/5100 train_loss:4.1711 train_time:113848ms step_avg:142.85ms
step:808/5100 train_loss:4.2499 train_time:113989ms step_avg:142.84ms
step:809/5100 train_loss:4.2088 train_time:114133ms step_avg:142.85ms
step:810/5100 train_loss:4.1864 train_time:114278ms step_avg:142.85ms
step:811/5100 train_loss:4.1618 train_time:114420ms step_avg:142.85ms
step:812/5100 train_loss:4.3007 train_time:114563ms step_avg:142.85ms
step:813/5100 train_loss:4.2273 train_time:114709ms step_avg:142.85ms
step:814/5100 train_loss:4.2081 train_time:114848ms step_avg:142.85ms
step:815/5100 train_loss:4.2848 train_time:114994ms step_avg:142.85ms
step:816/5100 train_loss:4.2607 train_time:115135ms step_avg:142.85ms
step:817/5100 train_loss:4.2047 train_time:115278ms step_avg:142.85ms
step:818/5100 train_loss:4.1804 train_time:115422ms step_avg:142.85ms
step:819/5100 train_loss:4.1856 train_time:115568ms step_avg:142.85ms
step:820/5100 train_loss:4.3289 train_time:115712ms step_avg:142.85ms
step:821/5100 train_loss:4.1491 train_time:115854ms step_avg:142.85ms
step:822/5100 train_loss:4.1513 train_time:115996ms step_avg:142.85ms
step:823/5100 train_loss:4.1301 train_time:116135ms step_avg:142.85ms
step:824/5100 train_loss:4.0158 train_time:116275ms step_avg:142.84ms
step:825/5100 train_loss:4.1095 train_time:116415ms step_avg:142.84ms
step:826/5100 train_loss:4.1695 train_time:116560ms step_avg:142.84ms
step:827/5100 train_loss:4.2614 train_time:116700ms step_avg:142.84ms
step:828/5100 train_loss:4.1992 train_time:116845ms step_avg:142.84ms
step:829/5100 train_loss:4.2606 train_time:116987ms step_avg:142.84ms
step:830/5100 train_loss:4.1661 train_time:117126ms step_avg:142.84ms
step:831/5100 train_loss:4.2931 train_time:117270ms step_avg:142.84ms
step:832/5100 train_loss:4.2395 train_time:117409ms step_avg:142.83ms
step:833/5100 train_loss:4.1622 train_time:117553ms step_avg:142.83ms
step:834/5100 train_loss:4.2133 train_time:117694ms step_avg:142.83ms
step:835/5100 train_loss:4.1903 train_time:117834ms step_avg:142.83ms
step:836/5100 train_loss:4.2363 train_time:117978ms step_avg:142.83ms
step:837/5100 train_loss:4.1097 train_time:118119ms step_avg:142.83ms
step:838/5100 train_loss:4.0038 train_time:118259ms step_avg:142.83ms
step:839/5100 train_loss:4.0748 train_time:118401ms step_avg:142.82ms
step:840/5100 train_loss:4.2041 train_time:118543ms step_avg:142.82ms
step:841/5100 train_loss:4.2434 train_time:118687ms step_avg:142.82ms
step:842/5100 train_loss:4.1392 train_time:118831ms step_avg:142.83ms
step:843/5100 train_loss:4.2360 train_time:118974ms step_avg:142.83ms
step:844/5100 train_loss:4.1212 train_time:119116ms step_avg:142.82ms
step:845/5100 train_loss:4.2124 train_time:119258ms step_avg:142.82ms
step:846/5100 train_loss:4.1584 train_time:119400ms step_avg:142.82ms
step:847/5100 train_loss:4.1680 train_time:119539ms step_avg:142.82ms
step:848/5100 train_loss:4.1356 train_time:119680ms step_avg:142.82ms
step:849/5100 train_loss:4.2002 train_time:119824ms step_avg:142.82ms
step:850/5100 train_loss:4.1726 train_time:119968ms step_avg:142.82ms
step:851/5100 train_loss:4.1993 train_time:120116ms step_avg:142.83ms
step:851/5100 val_loss:4.1701 train_time:120125ms step_avg:142.84ms
step:852/5100 train_loss:4.2021 train_time:120261ms step_avg:142.83ms
step:853/5100 train_loss:4.1646 train_time:120406ms step_avg:142.83ms
step:854/5100 train_loss:4.1032 train_time:120547ms step_avg:142.83ms
step:855/5100 train_loss:4.2316 train_time:120693ms step_avg:142.83ms
step:856/5100 train_loss:4.2036 train_time:120836ms step_avg:142.83ms
step:857/5100 train_loss:4.1615 train_time:120981ms step_avg:142.83ms
step:858/5100 train_loss:4.1760 train_time:121126ms step_avg:142.84ms
step:859/5100 train_loss:4.1978 train_time:121268ms step_avg:142.84ms
step:860/5100 train_loss:4.0898 train_time:121409ms step_avg:142.83ms
step:861/5100 train_loss:4.2445 train_time:121553ms step_avg:142.84ms
step:862/5100 train_loss:4.1935 train_time:121693ms step_avg:142.83ms
step:863/5100 train_loss:4.1197 train_time:121839ms step_avg:142.84ms
step:864/5100 train_loss:4.0998 train_time:121984ms step_avg:142.84ms
step:865/5100 train_loss:4.2033 train_time:122124ms step_avg:142.84ms
step:866/5100 train_loss:4.1958 train_time:122268ms step_avg:142.84ms
step:867/5100 train_loss:4.0864 train_time:122410ms step_avg:142.83ms
step:868/5100 train_loss:4.1431 train_time:122549ms step_avg:142.83ms
step:869/5100 train_loss:4.2279 train_time:122689ms step_avg:142.83ms
step:870/5100 train_loss:4.3065 train_time:122832ms step_avg:142.83ms
step:871/5100 train_loss:4.1704 train_time:122973ms step_avg:142.83ms
step:872/5100 train_loss:4.2203 train_time:123113ms step_avg:142.82ms
step:873/5100 train_loss:4.1526 train_time:123260ms step_avg:142.83ms
step:874/5100 train_loss:4.0970 train_time:123405ms step_avg:142.83ms
step:875/5100 train_loss:4.0979 train_time:123547ms step_avg:142.83ms
step:876/5100 train_loss:4.1476 train_time:123691ms step_avg:142.83ms
step:877/5100 train_loss:4.1498 train_time:123836ms step_avg:142.83ms
step:878/5100 train_loss:4.2617 train_time:123978ms step_avg:142.83ms
step:879/5100 train_loss:4.1170 train_time:124119ms step_avg:142.83ms
step:880/5100 train_loss:4.1351 train_time:124262ms step_avg:142.83ms
step:881/5100 train_loss:4.0674 train_time:124402ms step_avg:142.83ms
step:882/5100 train_loss:4.0737 train_time:124542ms step_avg:142.82ms
step:883/5100 train_loss:4.2737 train_time:124689ms step_avg:142.83ms
step:884/5100 train_loss:4.1334 train_time:124833ms step_avg:142.83ms
step:885/5100 train_loss:4.1788 train_time:124977ms step_avg:142.83ms
step:886/5100 train_loss:4.1238 train_time:125117ms step_avg:142.83ms
step:887/5100 train_loss:4.0966 train_time:125267ms step_avg:142.84ms
step:888/5100 train_loss:4.0794 train_time:125405ms step_avg:142.83ms
step:889/5100 train_loss:4.1081 train_time:125549ms step_avg:142.83ms
step:890/5100 train_loss:4.1514 train_time:125688ms step_avg:142.83ms
step:891/5100 train_loss:4.1854 train_time:125832ms step_avg:142.83ms
step:892/5100 train_loss:4.2059 train_time:125971ms step_avg:142.82ms
step:893/5100 train_loss:4.1995 train_time:126115ms step_avg:142.83ms
step:894/5100 train_loss:4.1604 train_time:126258ms step_avg:142.83ms
step:895/5100 train_loss:4.3026 train_time:126401ms step_avg:142.83ms
step:896/5100 train_loss:4.2447 train_time:126544ms step_avg:142.83ms
step:897/5100 train_loss:4.1700 train_time:126683ms step_avg:142.82ms
step:898/5100 train_loss:4.1198 train_time:126829ms step_avg:142.82ms
step:899/5100 train_loss:4.2241 train_time:126970ms step_avg:142.82ms
step:900/5100 train_loss:4.1394 train_time:127113ms step_avg:142.82ms
step:901/5100 train_loss:4.0797 train_time:127259ms step_avg:142.83ms
step:902/5100 train_loss:4.0832 train_time:127403ms step_avg:142.83ms
step:903/5100 train_loss:4.1175 train_time:127543ms step_avg:142.82ms
step:904/5100 train_loss:4.0649 train_time:127686ms step_avg:142.83ms
step:905/5100 train_loss:4.1899 train_time:127824ms step_avg:142.82ms
step:906/5100 train_loss:4.0956 train_time:127969ms step_avg:142.82ms
step:907/5100 train_loss:4.1540 train_time:128108ms step_avg:142.82ms
step:908/5100 train_loss:4.0856 train_time:128250ms step_avg:142.82ms
step:909/5100 train_loss:4.1362 train_time:128392ms step_avg:142.82ms
step:910/5100 train_loss:4.0748 train_time:128533ms step_avg:142.81ms
step:911/5100 train_loss:4.2122 train_time:128675ms step_avg:142.81ms
step:912/5100 train_loss:4.2011 train_time:128817ms step_avg:142.81ms
step:913/5100 train_loss:4.1815 train_time:128956ms step_avg:142.81ms
step:914/5100 train_loss:4.2353 train_time:129100ms step_avg:142.81ms
step:915/5100 train_loss:4.1522 train_time:129242ms step_avg:142.81ms
step:916/5100 train_loss:4.1159 train_time:129383ms step_avg:142.81ms
step:917/5100 train_loss:4.1158 train_time:129525ms step_avg:142.81ms
step:918/5100 train_loss:4.2017 train_time:129664ms step_avg:142.80ms
step:919/5100 train_loss:4.2392 train_time:129807ms step_avg:142.80ms
step:920/5100 train_loss:4.1512 train_time:129949ms step_avg:142.80ms
step:921/5100 train_loss:4.1738 train_time:130095ms step_avg:142.80ms
step:922/5100 train_loss:4.0772 train_time:130241ms step_avg:142.81ms
step:923/5100 train_loss:4.0147 train_time:130385ms step_avg:142.81ms
step:924/5100 train_loss:4.0597 train_time:130531ms step_avg:142.81ms
step:925/5100 train_loss:4.1523 train_time:130670ms step_avg:142.81ms
step:926/5100 train_loss:4.1539 train_time:130810ms step_avg:142.81ms
step:927/5100 train_loss:4.1419 train_time:130953ms step_avg:142.81ms
step:928/5100 train_loss:4.1302 train_time:131097ms step_avg:142.81ms
step:929/5100 train_loss:4.1582 train_time:131241ms step_avg:142.81ms
step:930/5100 train_loss:4.0829 train_time:131382ms step_avg:142.81ms
step:931/5100 train_loss:4.0709 train_time:131523ms step_avg:142.80ms
step:932/5100 train_loss:4.1680 train_time:131667ms step_avg:142.81ms
step:933/5100 train_loss:4.1964 train_time:131807ms step_avg:142.80ms
step:934/5100 train_loss:4.1081 train_time:131947ms step_avg:142.80ms
step:935/5100 train_loss:4.1559 train_time:132090ms step_avg:142.80ms
step:936/5100 train_loss:4.1208 train_time:132230ms step_avg:142.80ms
step:937/5100 train_loss:4.1475 train_time:132374ms step_avg:142.80ms
step:938/5100 train_loss:4.2218 train_time:132516ms step_avg:142.80ms
step:939/5100 train_loss:4.1583 train_time:132656ms step_avg:142.79ms
step:940/5100 train_loss:4.0527 train_time:132798ms step_avg:142.79ms
step:941/5100 train_loss:4.2256 train_time:132936ms step_avg:142.79ms
step:942/5100 train_loss:4.1785 train_time:133078ms step_avg:142.79ms
step:943/5100 train_loss:4.2960 train_time:133223ms step_avg:142.79ms
step:944/5100 train_loss:4.1835 train_time:133373ms step_avg:142.80ms
step:945/5100 train_loss:4.1066 train_time:133518ms step_avg:142.80ms
step:946/5100 train_loss:4.2072 train_time:133660ms step_avg:142.80ms
step:947/5100 train_loss:4.2502 train_time:133801ms step_avg:142.80ms
step:948/5100 train_loss:4.0786 train_time:133943ms step_avg:142.80ms
step:949/5100 train_loss:4.4121 train_time:134084ms step_avg:142.79ms
step:950/5100 train_loss:4.2495 train_time:134227ms step_avg:142.79ms
step:951/5100 train_loss:4.1255 train_time:134367ms step_avg:142.79ms
step:952/5100 train_loss:4.1340 train_time:134509ms step_avg:142.79ms
step:953/5100 train_loss:4.1839 train_time:134653ms step_avg:142.79ms
step:954/5100 train_loss:4.2242 train_time:134794ms step_avg:142.79ms
step:955/5100 train_loss:4.1022 train_time:134935ms step_avg:142.79ms
step:956/5100 train_loss:4.1500 train_time:135079ms step_avg:142.79ms
step:957/5100 train_loss:4.1192 train_time:135220ms step_avg:142.79ms
step:958/5100 train_loss:4.1087 train_time:135364ms step_avg:142.79ms
step:959/5100 train_loss:4.0236 train_time:135505ms step_avg:142.79ms
step:960/5100 train_loss:4.1061 train_time:135650ms step_avg:142.79ms
step:961/5100 train_loss:4.0470 train_time:135788ms step_avg:142.78ms
step:962/5100 train_loss:4.3129 train_time:135933ms step_avg:142.79ms
step:963/5100 train_loss:4.0541 train_time:136077ms step_avg:142.79ms
step:964/5100 train_loss:4.1691 train_time:136221ms step_avg:142.79ms
step:965/5100 train_loss:4.1843 train_time:136364ms step_avg:142.79ms
step:966/5100 train_loss:4.5460 train_time:136508ms step_avg:142.79ms
step:967/5100 train_loss:4.1857 train_time:136648ms step_avg:142.79ms
step:968/5100 train_loss:4.1050 train_time:136794ms step_avg:142.79ms
step:969/5100 train_loss:4.1491 train_time:136933ms step_avg:142.79ms
step:970/5100 train_loss:4.3903 train_time:137076ms step_avg:142.79ms
step:971/5100 train_loss:4.2190 train_time:137216ms step_avg:142.78ms
step:972/5100 train_loss:4.1431 train_time:137357ms step_avg:142.78ms
step:973/5100 train_loss:4.0850 train_time:137512ms step_avg:142.80ms
step:974/5100 train_loss:4.1393 train_time:137649ms step_avg:142.79ms
step:975/5100 train_loss:4.0450 train_time:137793ms step_avg:142.79ms
step:976/5100 train_loss:4.2174 train_time:137939ms step_avg:142.79ms
step:977/5100 train_loss:4.1710 train_time:138078ms step_avg:142.79ms
step:978/5100 train_loss:4.1387 train_time:138221ms step_avg:142.79ms
step:979/5100 train_loss:4.1926 train_time:138364ms step_avg:142.79ms
step:980/5100 train_loss:4.1339 train_time:138507ms step_avg:142.79ms
step:981/5100 train_loss:4.1554 train_time:138646ms step_avg:142.79ms
step:982/5100 train_loss:4.0452 train_time:138788ms step_avg:142.79ms
step:983/5100 train_loss:4.0240 train_time:138928ms step_avg:142.78ms
step:984/5100 train_loss:4.1003 train_time:139068ms step_avg:142.78ms
step:985/5100 train_loss:4.0562 train_time:139208ms step_avg:142.78ms
step:986/5100 train_loss:4.2029 train_time:139353ms step_avg:142.78ms
step:987/5100 train_loss:4.1347 train_time:139495ms step_avg:142.78ms
step:988/5100 train_loss:4.1052 train_time:139641ms step_avg:142.78ms
step:989/5100 train_loss:3.9887 train_time:139783ms step_avg:142.78ms
step:990/5100 train_loss:4.0932 train_time:139925ms step_avg:142.78ms
step:991/5100 train_loss:4.0640 train_time:140065ms step_avg:142.78ms
step:992/5100 train_loss:4.2230 train_time:140208ms step_avg:142.78ms
step:993/5100 train_loss:4.1192 train_time:140346ms step_avg:142.77ms
step:994/5100 train_loss:4.0017 train_time:140488ms step_avg:142.77ms
step:995/5100 train_loss:4.1453 train_time:140627ms step_avg:142.77ms
step:996/5100 train_loss:3.9750 train_time:140770ms step_avg:142.77ms
step:997/5100 train_loss:4.1889 train_time:140913ms step_avg:142.77ms
step:998/5100 train_loss:4.1424 train_time:141052ms step_avg:142.77ms
step:999/5100 train_loss:4.1885 train_time:141197ms step_avg:142.77ms
step:1000/5100 train_loss:4.1250 train_time:141339ms step_avg:142.77ms
step:1001/5100 train_loss:4.1051 train_time:141475ms step_avg:142.76ms
step:1002/5100 train_loss:4.0953 train_time:141617ms step_avg:142.76ms
step:1003/5100 train_loss:3.9771 train_time:141762ms step_avg:142.76ms
step:1004/5100 train_loss:4.1338 train_time:141901ms step_avg:142.76ms
step:1005/5100 train_loss:4.1330 train_time:142046ms step_avg:142.76ms
step:1006/5100 train_loss:4.1186 train_time:142194ms step_avg:142.77ms
step:1007/5100 train_loss:4.2516 train_time:142341ms step_avg:142.77ms
step:1008/5100 train_loss:4.2439 train_time:142484ms step_avg:142.77ms
step:1009/5100 train_loss:4.1177 train_time:142627ms step_avg:142.77ms
step:1010/5100 train_loss:4.1067 train_time:142768ms step_avg:142.77ms
step:1011/5100 train_loss:4.1633 train_time:142915ms step_avg:142.77ms
step:1012/5100 train_loss:4.0745 train_time:143060ms step_avg:142.77ms
step:1013/5100 train_loss:4.0957 train_time:143201ms step_avg:142.77ms
step:1014/5100 train_loss:4.2350 train_time:143343ms step_avg:142.77ms
step:1015/5100 train_loss:4.0581 train_time:143485ms step_avg:142.77ms
step:1016/5100 train_loss:4.0470 train_time:143624ms step_avg:142.77ms
step:1017/5100 train_loss:4.0856 train_time:143769ms step_avg:142.77ms
step:1018/5100 train_loss:4.0998 train_time:143909ms step_avg:142.77ms
step:1019/5100 train_loss:4.0689 train_time:144058ms step_avg:142.77ms
step:1020/5100 train_loss:4.1403 train_time:144204ms step_avg:142.78ms
step:1021/5100 train_loss:4.1780 train_time:144346ms step_avg:142.78ms
step:1022/5100 train_loss:4.0741 train_time:144486ms step_avg:142.77ms
step:1023/5100 train_loss:4.2054 train_time:144628ms step_avg:142.77ms
step:1024/5100 train_loss:4.1243 train_time:144772ms step_avg:142.77ms
step:1025/5100 train_loss:4.1045 train_time:144911ms step_avg:142.77ms
step:1026/5100 train_loss:4.0932 train_time:145056ms step_avg:142.77ms
step:1027/5100 train_loss:4.0529 train_time:145196ms step_avg:142.77ms
step:1028/5100 train_loss:4.0631 train_time:145336ms step_avg:142.77ms
step:1029/5100 train_loss:4.1172 train_time:145479ms step_avg:142.77ms
step:1030/5100 train_loss:4.1548 train_time:145625ms step_avg:142.77ms
step:1031/5100 train_loss:4.1072 train_time:145765ms step_avg:142.77ms
step:1032/5100 train_loss:4.1844 train_time:145908ms step_avg:142.77ms
step:1033/5100 train_loss:4.3291 train_time:146052ms step_avg:142.77ms
step:1034/5100 train_loss:4.1167 train_time:146199ms step_avg:142.77ms
step:1035/5100 train_loss:4.1648 train_time:146341ms step_avg:142.77ms
step:1036/5100 train_loss:4.0823 train_time:146481ms step_avg:142.77ms
step:1037/5100 train_loss:4.0997 train_time:146622ms step_avg:142.77ms
step:1038/5100 train_loss:4.0560 train_time:146764ms step_avg:142.77ms
step:1039/5100 train_loss:4.1159 train_time:146907ms step_avg:142.77ms
step:1040/5100 train_loss:4.1047 train_time:147051ms step_avg:142.77ms
step:1041/5100 train_loss:4.0880 train_time:147193ms step_avg:142.77ms
step:1042/5100 train_loss:4.0800 train_time:147339ms step_avg:142.77ms
step:1043/5100 train_loss:4.0491 train_time:147479ms step_avg:142.77ms
step:1044/5100 train_loss:4.2275 train_time:147624ms step_avg:142.77ms
step:1045/5100 train_loss:4.0036 train_time:147764ms step_avg:142.77ms
step:1046/5100 train_loss:4.0683 train_time:147908ms step_avg:142.77ms
step:1047/5100 train_loss:3.9737 train_time:148052ms step_avg:142.77ms
step:1048/5100 train_loss:4.1135 train_time:148194ms step_avg:142.77ms
step:1049/5100 train_loss:4.1733 train_time:148336ms step_avg:142.77ms
step:1050/5100 train_loss:4.1784 train_time:148473ms step_avg:142.76ms
step:1051/5100 train_loss:4.1613 train_time:148615ms step_avg:142.76ms
step:1052/5100 train_loss:4.0813 train_time:148759ms step_avg:142.76ms
step:1053/5100 train_loss:4.0587 train_time:148902ms step_avg:142.76ms
step:1054/5100 train_loss:4.1905 train_time:149046ms step_avg:142.76ms
step:1055/5100 train_loss:4.1379 train_time:149194ms step_avg:142.77ms
step:1056/5100 train_loss:4.1084 train_time:149341ms step_avg:142.77ms
step:1057/5100 train_loss:4.1697 train_time:149480ms step_avg:142.77ms
step:1058/5100 train_loss:4.3609 train_time:149622ms step_avg:142.77ms
step:1059/5100 train_loss:4.0301 train_time:149762ms step_avg:142.77ms
step:1060/5100 train_loss:3.9978 train_time:149905ms step_avg:142.77ms
step:1061/5100 train_loss:3.9881 train_time:150050ms step_avg:142.77ms
step:1062/5100 train_loss:4.0901 train_time:150191ms step_avg:142.77ms
step:1063/5100 train_loss:4.0391 train_time:150335ms step_avg:142.77ms
step:1064/5100 train_loss:4.1192 train_time:150475ms step_avg:142.77ms
step:1065/5100 train_loss:4.1609 train_time:150619ms step_avg:142.77ms
step:1066/5100 train_loss:4.1776 train_time:150764ms step_avg:142.77ms
step:1067/5100 train_loss:4.0838 train_time:150906ms step_avg:142.77ms
step:1068/5100 train_loss:4.0398 train_time:151050ms step_avg:142.77ms
step:1069/5100 train_loss:4.0568 train_time:151195ms step_avg:142.77ms
step:1070/5100 train_loss:4.1357 train_time:151339ms step_avg:142.77ms
step:1071/5100 train_loss:4.0692 train_time:151479ms step_avg:142.77ms
step:1072/5100 train_loss:4.0903 train_time:151624ms step_avg:142.77ms
step:1073/5100 train_loss:4.0762 train_time:151767ms step_avg:142.77ms
step:1074/5100 train_loss:4.0387 train_time:151909ms step_avg:142.77ms
step:1075/5100 train_loss:4.0269 train_time:152048ms step_avg:142.77ms
step:1076/5100 train_loss:4.0922 train_time:152192ms step_avg:142.77ms
step:1077/5100 train_loss:4.0182 train_time:152336ms step_avg:142.77ms
step:1078/5100 train_loss:4.1274 train_time:152474ms step_avg:142.77ms
step:1079/5100 train_loss:4.1911 train_time:152614ms step_avg:142.76ms
step:1080/5100 train_loss:4.1503 train_time:152755ms step_avg:142.76ms
step:1081/5100 train_loss:3.9872 train_time:152896ms step_avg:142.76ms
step:1082/5100 train_loss:4.1973 train_time:153036ms step_avg:142.76ms
step:1083/5100 train_loss:4.0787 train_time:153181ms step_avg:142.76ms
step:1084/5100 train_loss:4.0857 train_time:153321ms step_avg:142.76ms
step:1085/5100 train_loss:4.2209 train_time:153464ms step_avg:142.76ms
step:1086/5100 train_loss:4.1323 train_time:153606ms step_avg:142.76ms
step:1087/5100 train_loss:4.1581 train_time:153748ms step_avg:142.76ms
step:1088/5100 train_loss:4.1445 train_time:153889ms step_avg:142.75ms
step:1089/5100 train_loss:3.9964 train_time:154027ms step_avg:142.75ms
step:1090/5100 train_loss:4.0820 train_time:154167ms step_avg:142.75ms
step:1091/5100 train_loss:4.1209 train_time:154309ms step_avg:142.75ms
step:1092/5100 train_loss:4.0687 train_time:154452ms step_avg:142.75ms
step:1093/5100 train_loss:4.1356 train_time:154592ms step_avg:142.74ms
step:1094/5100 train_loss:4.1283 train_time:154734ms step_avg:142.74ms
step:1095/5100 train_loss:4.1310 train_time:154873ms step_avg:142.74ms
step:1096/5100 train_loss:4.0882 train_time:155014ms step_avg:142.74ms
step:1097/5100 train_loss:4.1319 train_time:155159ms step_avg:142.74ms
step:1098/5100 train_loss:3.9355 train_time:155304ms step_avg:142.74ms
step:1099/5100 train_loss:4.0194 train_time:155447ms step_avg:142.74ms
step:1100/5100 train_loss:4.1480 train_time:155586ms step_avg:142.74ms
step:1101/5100 train_loss:4.0615 train_time:155727ms step_avg:142.74ms
step:1102/5100 train_loss:4.1169 train_time:155876ms step_avg:142.74ms
step:1103/5100 train_loss:4.1114 train_time:156022ms step_avg:142.75ms
step:1104/5100 train_loss:4.2831 train_time:156165ms step_avg:142.75ms
step:1105/5100 train_loss:4.0400 train_time:156307ms step_avg:142.75ms
step:1106/5100 train_loss:4.1519 train_time:156452ms step_avg:142.75ms
step:1107/5100 train_loss:4.1606 train_time:156595ms step_avg:142.75ms
step:1108/5100 train_loss:4.0898 train_time:156734ms step_avg:142.74ms
step:1109/5100 train_loss:4.1259 train_time:156875ms step_avg:142.74ms
step:1110/5100 train_loss:3.9742 train_time:157021ms step_avg:142.75ms
step:1111/5100 train_loss:4.0571 train_time:157160ms step_avg:142.74ms
step:1112/5100 train_loss:4.1273 train_time:157301ms step_avg:142.74ms
step:1113/5100 train_loss:4.0639 train_time:157443ms step_avg:142.74ms
step:1114/5100 train_loss:4.1814 train_time:157583ms step_avg:142.74ms
step:1115/5100 train_loss:4.0635 train_time:157730ms step_avg:142.74ms
step:1116/5100 train_loss:4.0602 train_time:157873ms step_avg:142.74ms
step:1117/5100 train_loss:3.9479 train_time:158013ms step_avg:142.74ms
step:1118/5100 train_loss:4.0131 train_time:158159ms step_avg:142.74ms
step:1119/5100 train_loss:4.1137 train_time:158303ms step_avg:142.74ms
step:1120/5100 train_loss:4.1844 train_time:158447ms step_avg:142.75ms
step:1121/5100 train_loss:4.2129 train_time:158588ms step_avg:142.74ms
step:1122/5100 train_loss:4.1298 train_time:158728ms step_avg:142.74ms
step:1123/5100 train_loss:4.1246 train_time:158866ms step_avg:142.74ms
step:1124/5100 train_loss:4.1686 train_time:159007ms step_avg:142.74ms
step:1125/5100 train_loss:4.0533 train_time:159151ms step_avg:142.74ms
step:1126/5100 train_loss:4.0942 train_time:159296ms step_avg:142.74ms
step:1127/5100 train_loss:4.1849 train_time:159437ms step_avg:142.74ms
step:1128/5100 train_loss:4.1863 train_time:159581ms step_avg:142.74ms
step:1129/5100 train_loss:4.1020 train_time:159723ms step_avg:142.74ms
step:1130/5100 train_loss:4.1230 train_time:159863ms step_avg:142.73ms
step:1131/5100 train_loss:3.9884 train_time:160008ms step_avg:142.74ms
step:1132/5100 train_loss:4.0475 train_time:160149ms step_avg:142.74ms
step:1133/5100 train_loss:4.0999 train_time:160293ms step_avg:142.74ms
step:1134/5100 train_loss:4.1277 train_time:160437ms step_avg:142.74ms
step:1135/5100 train_loss:4.1536 train_time:160580ms step_avg:142.74ms
step:1136/5100 train_loss:4.0817 train_time:160726ms step_avg:142.74ms
step:1137/5100 train_loss:4.0026 train_time:160866ms step_avg:142.74ms
step:1138/5100 train_loss:4.0002 train_time:161009ms step_avg:142.74ms
step:1139/5100 train_loss:4.0988 train_time:161151ms step_avg:142.74ms
step:1140/5100 train_loss:4.1338 train_time:161293ms step_avg:142.74ms
step:1141/5100 train_loss:4.1761 train_time:161436ms step_avg:142.74ms
step:1142/5100 train_loss:4.1105 train_time:161579ms step_avg:142.74ms
step:1143/5100 train_loss:4.1182 train_time:161723ms step_avg:142.74ms
step:1144/5100 train_loss:4.2280 train_time:161865ms step_avg:142.74ms
step:1145/5100 train_loss:4.0432 train_time:162004ms step_avg:142.74ms
step:1146/5100 train_loss:4.0548 train_time:162148ms step_avg:142.74ms
step:1147/5100 train_loss:4.0883 train_time:162288ms step_avg:142.73ms
step:1148/5100 train_loss:4.0655 train_time:162436ms step_avg:142.74ms
step:1149/5100 train_loss:4.0747 train_time:162579ms step_avg:142.74ms
step:1150/5100 train_loss:4.1251 train_time:162721ms step_avg:142.74ms
step:1151/5100 train_loss:4.0195 train_time:162863ms step_avg:142.74ms
step:1152/5100 train_loss:4.1239 train_time:163005ms step_avg:142.74ms
step:1153/5100 train_loss:4.0028 train_time:163147ms step_avg:142.74ms
step:1154/5100 train_loss:4.1474 train_time:163289ms step_avg:142.74ms
step:1155/5100 train_loss:4.0955 train_time:163429ms step_avg:142.73ms
step:1156/5100 train_loss:4.0213 train_time:163575ms step_avg:142.74ms
step:1157/5100 train_loss:4.1074 train_time:163717ms step_avg:142.73ms
step:1158/5100 train_loss:4.1603 train_time:163859ms step_avg:142.73ms
step:1159/5100 train_loss:4.0666 train_time:164003ms step_avg:142.74ms
step:1160/5100 train_loss:3.9458 train_time:164147ms step_avg:142.74ms
step:1161/5100 train_loss:4.1778 train_time:164292ms step_avg:142.74ms
step:1162/5100 train_loss:4.0463 train_time:164435ms step_avg:142.74ms
step:1163/5100 train_loss:4.0601 train_time:164577ms step_avg:142.74ms
step:1164/5100 train_loss:4.1166 train_time:164719ms step_avg:142.74ms
step:1165/5100 train_loss:4.1069 train_time:164859ms step_avg:142.74ms
step:1166/5100 train_loss:3.9887 train_time:165004ms step_avg:142.74ms
step:1167/5100 train_loss:4.0502 train_time:165143ms step_avg:142.73ms
step:1168/5100 train_loss:4.0785 train_time:165283ms step_avg:142.73ms
step:1169/5100 train_loss:4.1052 train_time:165429ms step_avg:142.73ms
step:1170/5100 train_loss:4.1699 train_time:165571ms step_avg:142.73ms
step:1171/5100 train_loss:4.1201 train_time:165713ms step_avg:142.73ms
step:1172/5100 train_loss:4.0696 train_time:165860ms step_avg:142.74ms
step:1173/5100 train_loss:4.0846 train_time:166003ms step_avg:142.74ms
step:1174/5100 train_loss:4.0109 train_time:166145ms step_avg:142.74ms
step:1175/5100 train_loss:4.0366 train_time:166284ms step_avg:142.73ms
step:1176/5100 train_loss:4.0387 train_time:166424ms step_avg:142.73ms
step:1177/5100 train_loss:4.3849 train_time:166565ms step_avg:142.73ms
step:1178/5100 train_loss:4.2984 train_time:166706ms step_avg:142.73ms
step:1179/5100 train_loss:4.1982 train_time:166853ms step_avg:142.73ms
step:1180/5100 train_loss:4.0196 train_time:166991ms step_avg:142.73ms
step:1181/5100 train_loss:3.7971 train_time:167136ms step_avg:142.73ms
step:1182/5100 train_loss:4.2201 train_time:167276ms step_avg:142.73ms
step:1183/5100 train_loss:4.1988 train_time:167422ms step_avg:142.73ms
step:1184/5100 train_loss:4.1059 train_time:167564ms step_avg:142.73ms
step:1185/5100 train_loss:4.0608 train_time:167707ms step_avg:142.73ms
step:1186/5100 train_loss:3.9904 train_time:167853ms step_avg:142.73ms
step:1187/5100 train_loss:4.0664 train_time:167993ms step_avg:142.73ms
step:1188/5100 train_loss:4.0924 train_time:168135ms step_avg:142.73ms
step:1189/5100 train_loss:4.0173 train_time:168279ms step_avg:142.73ms
step:1190/5100 train_loss:4.0857 train_time:168421ms step_avg:142.73ms
step:1191/5100 train_loss:4.1053 train_time:168564ms step_avg:142.73ms
step:1192/5100 train_loss:4.1293 train_time:168705ms step_avg:142.73ms
step:1193/5100 train_loss:4.1242 train_time:168847ms step_avg:142.73ms
step:1194/5100 train_loss:3.9914 train_time:168987ms step_avg:142.73ms
step:1195/5100 train_loss:4.0723 train_time:169126ms step_avg:142.72ms
step:1196/5100 train_loss:3.9942 train_time:169267ms step_avg:142.72ms
step:1197/5100 train_loss:3.9804 train_time:169407ms step_avg:142.72ms
step:1198/5100 train_loss:4.1872 train_time:169548ms step_avg:142.72ms
step:1199/5100 train_loss:4.0306 train_time:169688ms step_avg:142.71ms
step:1200/5100 train_loss:4.0752 train_time:169830ms step_avg:142.71ms
step:1201/5100 train_loss:4.0529 train_time:169972ms step_avg:142.71ms
step:1202/5100 train_loss:3.9953 train_time:170114ms step_avg:142.71ms
step:1203/5100 train_loss:4.0960 train_time:170259ms step_avg:142.72ms
step:1204/5100 train_loss:4.1280 train_time:170402ms step_avg:142.72ms
step:1205/5100 train_loss:4.0156 train_time:170546ms step_avg:142.72ms
step:1206/5100 train_loss:4.1390 train_time:170690ms step_avg:142.72ms
step:1207/5100 train_loss:4.1611 train_time:170838ms step_avg:142.72ms
step:1208/5100 train_loss:4.0458 train_time:170982ms step_avg:142.72ms
step:1209/5100 train_loss:4.0114 train_time:171125ms step_avg:142.72ms
step:1210/5100 train_loss:4.0656 train_time:171266ms step_avg:142.72ms
step:1211/5100 train_loss:4.0295 train_time:171406ms step_avg:142.72ms
step:1212/5100 train_loss:4.0796 train_time:171550ms step_avg:142.72ms
step:1213/5100 train_loss:4.1654 train_time:171687ms step_avg:142.72ms
step:1214/5100 train_loss:4.0880 train_time:171829ms step_avg:142.71ms
step:1215/5100 train_loss:4.0027 train_time:171973ms step_avg:142.72ms
step:1216/5100 train_loss:4.0406 train_time:172114ms step_avg:142.71ms
step:1217/5100 train_loss:4.0257 train_time:172259ms step_avg:142.72ms
step:1218/5100 train_loss:4.0152 train_time:172400ms step_avg:142.72ms
step:1219/5100 train_loss:4.1761 train_time:172543ms step_avg:142.72ms
step:1220/5100 train_loss:4.2468 train_time:172685ms step_avg:142.71ms
step:1221/5100 train_loss:3.9851 train_time:172827ms step_avg:142.71ms
step:1222/5100 train_loss:4.1180 train_time:172970ms step_avg:142.71ms
step:1223/5100 train_loss:3.9908 train_time:173115ms step_avg:142.72ms
step:1224/5100 train_loss:4.0622 train_time:173254ms step_avg:142.71ms
step:1225/5100 train_loss:4.0465 train_time:173397ms step_avg:142.71ms
step:1226/5100 train_loss:4.0134 train_time:173539ms step_avg:142.71ms
step:1227/5100 train_loss:4.0354 train_time:173680ms step_avg:142.71ms
step:1228/5100 train_loss:4.1275 train_time:173823ms step_avg:142.71ms
step:1229/5100 train_loss:4.0693 train_time:173971ms step_avg:142.72ms
step:1230/5100 train_loss:4.0117 train_time:174117ms step_avg:142.72ms
step:1231/5100 train_loss:4.0967 train_time:174261ms step_avg:142.72ms
step:1232/5100 train_loss:4.1644 train_time:174402ms step_avg:142.72ms
step:1233/5100 train_loss:4.0886 train_time:174544ms step_avg:142.72ms
step:1234/5100 train_loss:4.0680 train_time:174684ms step_avg:142.72ms
step:1235/5100 train_loss:3.9177 train_time:174830ms step_avg:142.72ms
step:1236/5100 train_loss:3.9979 train_time:174968ms step_avg:142.71ms
step:1237/5100 train_loss:4.0523 train_time:175113ms step_avg:142.72ms
step:1238/5100 train_loss:4.0455 train_time:175260ms step_avg:142.72ms
step:1239/5100 train_loss:4.2122 train_time:175404ms step_avg:142.72ms
step:1240/5100 train_loss:4.1436 train_time:175546ms step_avg:142.72ms
step:1241/5100 train_loss:4.1143 train_time:175691ms step_avg:142.72ms
step:1242/5100 train_loss:4.1989 train_time:175830ms step_avg:142.72ms
step:1243/5100 train_loss:4.0692 train_time:175977ms step_avg:142.72ms
step:1244/5100 train_loss:4.0366 train_time:176121ms step_avg:142.72ms
step:1245/5100 train_loss:4.1852 train_time:176261ms step_avg:142.72ms
step:1246/5100 train_loss:4.1048 train_time:176407ms step_avg:142.72ms
step:1247/5100 train_loss:4.1249 train_time:176547ms step_avg:142.72ms
step:1248/5100 train_loss:4.0153 train_time:176691ms step_avg:142.72ms
step:1249/5100 train_loss:4.0429 train_time:176833ms step_avg:142.72ms
step:1250/5100 train_loss:4.0881 train_time:176976ms step_avg:142.72ms
step:1251/5100 train_loss:4.0124 train_time:177123ms step_avg:142.73ms
step:1252/5100 train_loss:4.0809 train_time:177265ms step_avg:142.73ms
step:1253/5100 train_loss:4.1038 train_time:177409ms step_avg:142.73ms
step:1254/5100 train_loss:4.0790 train_time:177549ms step_avg:142.72ms
step:1255/5100 train_loss:4.1277 train_time:177689ms step_avg:142.72ms
step:1256/5100 train_loss:4.1180 train_time:177834ms step_avg:142.72ms
step:1257/5100 train_loss:3.9564 train_time:177977ms step_avg:142.72ms
step:1258/5100 train_loss:4.0334 train_time:178120ms step_avg:142.72ms
step:1259/5100 train_loss:4.0667 train_time:178265ms step_avg:142.73ms
step:1260/5100 train_loss:4.0663 train_time:178404ms step_avg:142.72ms
step:1261/5100 train_loss:4.0254 train_time:178551ms step_avg:142.73ms
step:1262/5100 train_loss:3.9731 train_time:178688ms step_avg:142.72ms
step:1263/5100 train_loss:4.0116 train_time:178830ms step_avg:142.72ms
step:1264/5100 train_loss:3.9106 train_time:178969ms step_avg:142.72ms
step:1265/5100 train_loss:4.0494 train_time:179109ms step_avg:142.72ms
step:1266/5100 train_loss:4.0715 train_time:179249ms step_avg:142.71ms
step:1267/5100 train_loss:4.0699 train_time:179394ms step_avg:142.72ms
step:1268/5100 train_loss:4.0136 train_time:179537ms step_avg:142.72ms
step:1269/5100 train_loss:4.0463 train_time:179682ms step_avg:142.72ms
step:1270/5100 train_loss:4.0218 train_time:179826ms step_avg:142.72ms
step:1271/5100 train_loss:4.0243 train_time:179970ms step_avg:142.72ms
step:1272/5100 train_loss:4.0231 train_time:180117ms step_avg:142.72ms
step:1272/5100 val_loss:4.0417 train_time:180128ms step_avg:142.73ms
step:1273/5100 train_loss:3.9674 train_time:180263ms step_avg:142.73ms
step:1274/5100 train_loss:4.0311 train_time:180407ms step_avg:142.73ms
step:1275/5100 train_loss:4.0639 train_time:180550ms step_avg:142.73ms
step:1276/5100 train_loss:4.0142 train_time:180689ms step_avg:142.72ms
step:1277/5100 train_loss:4.0867 train_time:180833ms step_avg:142.72ms
step:1278/5100 train_loss:4.0371 train_time:180971ms step_avg:142.72ms
step:1279/5100 train_loss:4.1800 train_time:181114ms step_avg:142.72ms
step:1280/5100 train_loss:4.1522 train_time:181258ms step_avg:142.72ms
step:1281/5100 train_loss:3.9931 train_time:181397ms step_avg:142.72ms
step:1282/5100 train_loss:4.0187 train_time:181543ms step_avg:142.72ms
step:1283/5100 train_loss:4.0588 train_time:181684ms step_avg:142.72ms
step:1284/5100 train_loss:4.0605 train_time:181830ms step_avg:142.72ms
step:1285/5100 train_loss:4.0114 train_time:181973ms step_avg:142.72ms
step:1286/5100 train_loss:4.1189 train_time:182121ms step_avg:142.73ms
step:1287/5100 train_loss:4.1352 train_time:182264ms step_avg:142.73ms
step:1288/5100 train_loss:4.0392 train_time:182408ms step_avg:142.73ms
step:1289/5100 train_loss:4.0638 train_time:182547ms step_avg:142.73ms
step:1290/5100 train_loss:4.0110 train_time:182690ms step_avg:142.73ms
step:1291/5100 train_loss:4.0652 train_time:182831ms step_avg:142.73ms
step:1292/5100 train_loss:4.1108 train_time:182976ms step_avg:142.73ms
step:1293/5100 train_loss:4.0551 train_time:183117ms step_avg:142.73ms
step:1294/5100 train_loss:4.0833 train_time:183262ms step_avg:142.73ms
step:1295/5100 train_loss:4.0863 train_time:183403ms step_avg:142.73ms
step:1296/5100 train_loss:4.1756 train_time:183543ms step_avg:142.72ms
step:1297/5100 train_loss:3.9957 train_time:183687ms step_avg:142.73ms
step:1298/5100 train_loss:3.9630 train_time:183826ms step_avg:142.72ms
step:1299/5100 train_loss:3.9457 train_time:183969ms step_avg:142.72ms
step:1300/5100 train_loss:4.1370 train_time:184109ms step_avg:142.72ms
step:1301/5100 train_loss:4.1676 train_time:184254ms step_avg:142.72ms
step:1302/5100 train_loss:4.1006 train_time:184400ms step_avg:142.72ms
step:1303/5100 train_loss:4.0758 train_time:184543ms step_avg:142.72ms
step:1304/5100 train_loss:4.0449 train_time:184687ms step_avg:142.73ms
step:1305/5100 train_loss:4.0381 train_time:184831ms step_avg:142.73ms
step:1306/5100 train_loss:3.9996 train_time:184975ms step_avg:142.73ms
step:1307/5100 train_loss:4.1352 train_time:185122ms step_avg:142.73ms
step:1308/5100 train_loss:4.2958 train_time:185268ms step_avg:142.73ms
step:1309/5100 train_loss:3.9894 train_time:185409ms step_avg:142.73ms
step:1310/5100 train_loss:4.2954 train_time:185548ms step_avg:142.73ms
step:1311/5100 train_loss:4.1377 train_time:185691ms step_avg:142.73ms
step:1312/5100 train_loss:4.1766 train_time:185832ms step_avg:142.73ms
step:1313/5100 train_loss:4.0262 train_time:185973ms step_avg:142.73ms
step:1314/5100 train_loss:4.1275 train_time:186115ms step_avg:142.73ms
step:1315/5100 train_loss:4.0919 train_time:186256ms step_avg:142.72ms
step:1316/5100 train_loss:3.9663 train_time:186402ms step_avg:142.73ms
step:1317/5100 train_loss:4.0971 train_time:186543ms step_avg:142.73ms
step:1318/5100 train_loss:4.0751 train_time:186689ms step_avg:142.73ms
step:1319/5100 train_loss:4.1472 train_time:186830ms step_avg:142.73ms
step:1320/5100 train_loss:4.0130 train_time:186972ms step_avg:142.73ms
step:1321/5100 train_loss:3.9829 train_time:187113ms step_avg:142.73ms
step:1322/5100 train_loss:4.0128 train_time:187254ms step_avg:142.72ms
step:1323/5100 train_loss:3.9786 train_time:187395ms step_avg:142.72ms
step:1324/5100 train_loss:4.0978 train_time:187534ms step_avg:142.72ms
step:1325/5100 train_loss:4.0168 train_time:187676ms step_avg:142.72ms
step:1326/5100 train_loss:4.2717 train_time:187821ms step_avg:142.72ms
step:1327/5100 train_loss:3.9906 train_time:187964ms step_avg:142.72ms
step:1328/5100 train_loss:4.0232 train_time:188108ms step_avg:142.72ms
step:1329/5100 train_loss:4.0048 train_time:188253ms step_avg:142.72ms
step:1330/5100 train_loss:3.9712 train_time:188394ms step_avg:142.72ms
step:1331/5100 train_loss:4.0525 train_time:188532ms step_avg:142.72ms
step:1332/5100 train_loss:4.0232 train_time:188677ms step_avg:142.72ms
step:1333/5100 train_loss:3.9223 train_time:188825ms step_avg:142.72ms
step:1334/5100 train_loss:4.0294 train_time:188965ms step_avg:142.72ms
step:1335/5100 train_loss:3.9464 train_time:189110ms step_avg:142.72ms
step:1336/5100 train_loss:3.9797 train_time:189250ms step_avg:142.72ms
step:1337/5100 train_loss:3.9944 train_time:189393ms step_avg:142.72ms
step:1338/5100 train_loss:4.0167 train_time:189535ms step_avg:142.72ms
step:1339/5100 train_loss:4.0911 train_time:189678ms step_avg:142.72ms
step:1340/5100 train_loss:4.0478 train_time:189822ms step_avg:142.72ms
step:1341/5100 train_loss:4.0104 train_time:189967ms step_avg:142.72ms
step:1342/5100 train_loss:4.0550 train_time:190107ms step_avg:142.72ms
step:1343/5100 train_loss:4.2970 train_time:190249ms step_avg:142.72ms
step:1344/5100 train_loss:4.1357 train_time:190391ms step_avg:142.72ms
step:1345/5100 train_loss:4.1045 train_time:190530ms step_avg:142.72ms
step:1346/5100 train_loss:4.0736 train_time:190676ms step_avg:142.72ms
step:1347/5100 train_loss:3.9314 train_time:190815ms step_avg:142.72ms
step:1348/5100 train_loss:4.5208 train_time:190960ms step_avg:142.72ms
step:1349/5100 train_loss:4.5720 train_time:191103ms step_avg:142.72ms
step:1350/5100 train_loss:4.0847 train_time:191245ms step_avg:142.72ms
step:1351/5100 train_loss:4.0975 train_time:191386ms step_avg:142.72ms
step:1352/5100 train_loss:4.0823 train_time:191526ms step_avg:142.72ms
step:1353/5100 train_loss:4.0332 train_time:191665ms step_avg:142.71ms
step:1354/5100 train_loss:3.9438 train_time:191807ms step_avg:142.71ms
step:1355/5100 train_loss:4.0632 train_time:191950ms step_avg:142.71ms
step:1356/5100 train_loss:4.0612 train_time:192100ms step_avg:142.72ms
step:1357/5100 train_loss:3.9846 train_time:192240ms step_avg:142.72ms
step:1358/5100 train_loss:3.9540 train_time:192386ms step_avg:142.72ms
step:1359/5100 train_loss:3.9978 train_time:192527ms step_avg:142.72ms
step:1360/5100 train_loss:4.0552 train_time:192670ms step_avg:142.72ms
step:1361/5100 train_loss:4.0561 train_time:192810ms step_avg:142.72ms
step:1362/5100 train_loss:3.9294 train_time:192954ms step_avg:142.72ms
step:1363/5100 train_loss:3.9624 train_time:193094ms step_avg:142.72ms
step:1364/5100 train_loss:4.0709 train_time:193236ms step_avg:142.72ms
step:1365/5100 train_loss:4.0276 train_time:193375ms step_avg:142.71ms
step:1366/5100 train_loss:3.9507 train_time:193518ms step_avg:142.71ms
step:1367/5100 train_loss:4.1014 train_time:193666ms step_avg:142.72ms
step:1368/5100 train_loss:3.9762 train_time:193806ms step_avg:142.71ms
step:1369/5100 train_loss:3.9957 train_time:193951ms step_avg:142.72ms
step:1370/5100 train_loss:4.0214 train_time:194091ms step_avg:142.71ms
step:1371/5100 train_loss:4.0699 train_time:194235ms step_avg:142.71ms
step:1372/5100 train_loss:4.1999 train_time:194379ms step_avg:142.72ms
step:1373/5100 train_loss:4.0520 train_time:194527ms step_avg:142.72ms
step:1374/5100 train_loss:4.0824 train_time:194669ms step_avg:142.72ms
step:1375/5100 train_loss:4.0073 train_time:194810ms step_avg:142.72ms
step:1376/5100 train_loss:4.1068 train_time:194950ms step_avg:142.72ms
step:1377/5100 train_loss:3.8423 train_time:195091ms step_avg:142.71ms
step:1378/5100 train_loss:4.0592 train_time:195234ms step_avg:142.71ms
step:1379/5100 train_loss:4.0730 train_time:195373ms step_avg:142.71ms
step:1380/5100 train_loss:3.9556 train_time:195519ms step_avg:142.71ms
step:1381/5100 train_loss:4.1749 train_time:195659ms step_avg:142.71ms
step:1382/5100 train_loss:3.9777 train_time:195798ms step_avg:142.71ms
step:1383/5100 train_loss:3.8320 train_time:195941ms step_avg:142.71ms
step:1384/5100 train_loss:3.8817 train_time:196081ms step_avg:142.71ms
step:1385/5100 train_loss:4.0436 train_time:196226ms step_avg:142.71ms
step:1386/5100 train_loss:4.0492 train_time:196368ms step_avg:142.71ms
step:1387/5100 train_loss:3.9919 train_time:196510ms step_avg:142.71ms
step:1388/5100 train_loss:3.9889 train_time:196653ms step_avg:142.71ms
step:1389/5100 train_loss:4.0354 train_time:196797ms step_avg:142.71ms
step:1390/5100 train_loss:3.9571 train_time:196935ms step_avg:142.71ms
step:1391/5100 train_loss:3.9827 train_time:197080ms step_avg:142.71ms
step:1392/5100 train_loss:4.0147 train_time:197222ms step_avg:142.71ms
step:1393/5100 train_loss:4.0363 train_time:197367ms step_avg:142.71ms
step:1394/5100 train_loss:3.9925 train_time:197511ms step_avg:142.71ms
step:1395/5100 train_loss:4.0801 train_time:197655ms step_avg:142.71ms
step:1396/5100 train_loss:3.9935 train_time:197794ms step_avg:142.71ms
step:1397/5100 train_loss:3.8629 train_time:197932ms step_avg:142.71ms
step:1398/5100 train_loss:4.0187 train_time:198077ms step_avg:142.71ms
step:1399/5100 train_loss:3.9532 train_time:198219ms step_avg:142.71ms
step:1400/5100 train_loss:3.8295 train_time:198360ms step_avg:142.70ms
step:1401/5100 train_loss:3.9101 train_time:198506ms step_avg:142.71ms
step:1402/5100 train_loss:4.1312 train_time:198646ms step_avg:142.71ms
step:1403/5100 train_loss:3.9295 train_time:198791ms step_avg:142.71ms
step:1404/5100 train_loss:3.9215 train_time:198932ms step_avg:142.71ms
step:1405/5100 train_loss:3.9430 train_time:199077ms step_avg:142.71ms
step:1406/5100 train_loss:3.9379 train_time:199222ms step_avg:142.71ms
step:1407/5100 train_loss:3.9711 train_time:199363ms step_avg:142.71ms
step:1408/5100 train_loss:4.2441 train_time:199506ms step_avg:142.71ms
step:1409/5100 train_loss:4.0002 train_time:199646ms step_avg:142.71ms
step:1410/5100 train_loss:3.9276 train_time:199786ms step_avg:142.70ms
step:1411/5100 train_loss:4.0305 train_time:199929ms step_avg:142.70ms
step:1412/5100 train_loss:3.8195 train_time:200069ms step_avg:142.70ms
step:1413/5100 train_loss:3.9677 train_time:200220ms step_avg:142.71ms
step:1414/5100 train_loss:4.0368 train_time:200364ms step_avg:142.71ms
step:1415/5100 train_loss:4.0149 train_time:200509ms step_avg:142.71ms
step:1416/5100 train_loss:4.0888 train_time:200655ms step_avg:142.71ms
step:1417/5100 train_loss:3.9453 train_time:200797ms step_avg:142.71ms
step:1418/5100 train_loss:3.8530 train_time:200934ms step_avg:142.71ms
step:1419/5100 train_loss:3.9129 train_time:201078ms step_avg:142.71ms
step:1420/5100 train_loss:4.0304 train_time:201222ms step_avg:142.71ms
step:1421/5100 train_loss:4.0372 train_time:201366ms step_avg:142.71ms
step:1422/5100 train_loss:4.0125 train_time:201511ms step_avg:142.71ms
step:1423/5100 train_loss:4.0586 train_time:201650ms step_avg:142.71ms
step:1424/5100 train_loss:3.9797 train_time:201791ms step_avg:142.71ms
step:1425/5100 train_loss:3.9693 train_time:201932ms step_avg:142.71ms
step:1426/5100 train_loss:3.9148 train_time:202071ms step_avg:142.71ms
step:1427/5100 train_loss:3.9371 train_time:202225ms step_avg:142.71ms
step:1428/5100 train_loss:3.9471 train_time:202369ms step_avg:142.71ms
step:1429/5100 train_loss:3.9923 train_time:202514ms step_avg:142.72ms
step:1430/5100 train_loss:4.0955 train_time:202655ms step_avg:142.71ms
step:1431/5100 train_loss:4.1098 train_time:202795ms step_avg:142.71ms
step:1432/5100 train_loss:4.0572 train_time:202937ms step_avg:142.71ms
step:1433/5100 train_loss:3.8958 train_time:203075ms step_avg:142.71ms
step:1434/5100 train_loss:4.0357 train_time:203221ms step_avg:142.71ms
step:1435/5100 train_loss:4.0892 train_time:203366ms step_avg:142.71ms
step:1436/5100 train_loss:3.9474 train_time:203511ms step_avg:142.71ms
step:1437/5100 train_loss:3.9804 train_time:203656ms step_avg:142.72ms
step:1438/5100 train_loss:3.9669 train_time:203803ms step_avg:142.72ms
step:1439/5100 train_loss:3.8230 train_time:203945ms step_avg:142.72ms
step:1440/5100 train_loss:3.8020 train_time:204084ms step_avg:142.72ms
step:1441/5100 train_loss:3.8275 train_time:204225ms step_avg:142.72ms
step:1442/5100 train_loss:4.0594 train_time:204369ms step_avg:142.72ms
step:1443/5100 train_loss:4.0670 train_time:204510ms step_avg:142.71ms
step:1444/5100 train_loss:4.0640 train_time:204654ms step_avg:142.72ms
step:1445/5100 train_loss:4.0965 train_time:204797ms step_avg:142.72ms
step:1446/5100 train_loss:4.0377 train_time:204941ms step_avg:142.72ms
step:1447/5100 train_loss:4.0231 train_time:205083ms step_avg:142.72ms
step:1448/5100 train_loss:3.9483 train_time:205228ms step_avg:142.72ms
step:1449/5100 train_loss:4.0702 train_time:205369ms step_avg:142.72ms
step:1450/5100 train_loss:3.9588 train_time:205513ms step_avg:142.72ms
step:1451/5100 train_loss:4.0032 train_time:205652ms step_avg:142.71ms
step:1452/5100 train_loss:3.9963 train_time:205796ms step_avg:142.72ms
step:1453/5100 train_loss:3.9386 train_time:205935ms step_avg:142.71ms
step:1454/5100 train_loss:3.9824 train_time:206080ms step_avg:142.71ms
step:1455/5100 train_loss:3.9387 train_time:206220ms step_avg:142.71ms
step:1456/5100 train_loss:3.9201 train_time:206363ms step_avg:142.71ms
step:1457/5100 train_loss:3.9290 train_time:206508ms step_avg:142.71ms
step:1458/5100 train_loss:4.0606 train_time:206650ms step_avg:142.71ms
step:1459/5100 train_loss:4.0205 train_time:206797ms step_avg:142.72ms
step:1460/5100 train_loss:3.9957 train_time:206941ms step_avg:142.72ms
step:1461/5100 train_loss:3.9457 train_time:207084ms step_avg:142.72ms
step:1462/5100 train_loss:3.9507 train_time:207227ms step_avg:142.72ms
step:1463/5100 train_loss:4.2096 train_time:207368ms step_avg:142.72ms
step:1464/5100 train_loss:3.9958 train_time:207512ms step_avg:142.72ms
step:1465/5100 train_loss:4.0014 train_time:207654ms step_avg:142.72ms
step:1466/5100 train_loss:3.9674 train_time:207799ms step_avg:142.72ms
step:1467/5100 train_loss:3.9259 train_time:207937ms step_avg:142.72ms
step:1468/5100 train_loss:3.9325 train_time:208084ms step_avg:142.72ms
step:1469/5100 train_loss:4.0294 train_time:208227ms step_avg:142.72ms
step:1470/5100 train_loss:4.1085 train_time:208367ms step_avg:142.72ms
step:1471/5100 train_loss:3.9613 train_time:208511ms step_avg:142.72ms
step:1472/5100 train_loss:4.0071 train_time:208653ms step_avg:142.72ms
step:1473/5100 train_loss:3.9646 train_time:208796ms step_avg:142.72ms
step:1474/5100 train_loss:4.0427 train_time:208938ms step_avg:142.72ms
step:1475/5100 train_loss:3.9517 train_time:209078ms step_avg:142.72ms
step:1476/5100 train_loss:3.9083 train_time:209226ms step_avg:142.72ms
step:1477/5100 train_loss:4.0865 train_time:209367ms step_avg:142.72ms
step:1478/5100 train_loss:4.0065 train_time:209511ms step_avg:142.72ms
step:1479/5100 train_loss:3.9434 train_time:209653ms step_avg:142.72ms
step:1480/5100 train_loss:3.9361 train_time:209795ms step_avg:142.72ms
step:1481/5100 train_loss:3.9615 train_time:209937ms step_avg:142.72ms
step:1482/5100 train_loss:3.8881 train_time:210078ms step_avg:142.72ms
step:1483/5100 train_loss:4.0432 train_time:210217ms step_avg:142.71ms
step:1484/5100 train_loss:3.9525 train_time:210357ms step_avg:142.71ms
step:1485/5100 train_loss:4.0632 train_time:210503ms step_avg:142.71ms
step:1486/5100 train_loss:3.9978 train_time:210640ms step_avg:142.71ms
step:1487/5100 train_loss:3.9389 train_time:210786ms step_avg:142.71ms
step:1488/5100 train_loss:3.8784 train_time:210927ms step_avg:142.71ms
step:1489/5100 train_loss:4.0066 train_time:211072ms step_avg:142.71ms
step:1490/5100 train_loss:3.9957 train_time:211212ms step_avg:142.71ms
step:1491/5100 train_loss:3.9983 train_time:211357ms step_avg:142.71ms
step:1492/5100 train_loss:4.1040 train_time:211497ms step_avg:142.71ms
step:1493/5100 train_loss:4.0389 train_time:211644ms step_avg:142.71ms
step:1494/5100 train_loss:3.9602 train_time:211786ms step_avg:142.71ms
step:1495/5100 train_loss:3.8681 train_time:211930ms step_avg:142.71ms
step:1496/5100 train_loss:3.9763 train_time:212071ms step_avg:142.71ms
step:1497/5100 train_loss:4.0863 train_time:212211ms step_avg:142.71ms
step:1498/5100 train_loss:4.0355 train_time:212354ms step_avg:142.71ms
step:1499/5100 train_loss:3.9688 train_time:212498ms step_avg:142.71ms
step:1500/5100 train_loss:3.9787 train_time:212643ms step_avg:142.71ms
step:1501/5100 train_loss:3.9737 train_time:212787ms step_avg:142.71ms
step:1502/5100 train_loss:3.9848 train_time:212930ms step_avg:142.71ms
step:1503/5100 train_loss:4.0123 train_time:213074ms step_avg:142.72ms
step:1504/5100 train_loss:4.1095 train_time:213221ms step_avg:142.72ms
step:1505/5100 train_loss:3.9623 train_time:213364ms step_avg:142.72ms
step:1506/5100 train_loss:4.1271 train_time:213502ms step_avg:142.72ms
step:1507/5100 train_loss:4.1030 train_time:213642ms step_avg:142.71ms
step:1508/5100 train_loss:3.8571 train_time:213784ms step_avg:142.71ms
step:1509/5100 train_loss:3.8987 train_time:213926ms step_avg:142.71ms
step:1510/5100 train_loss:3.7217 train_time:214069ms step_avg:142.71ms
step:1511/5100 train_loss:4.0061 train_time:214212ms step_avg:142.71ms
step:1512/5100 train_loss:3.9988 train_time:214353ms step_avg:142.71ms
step:1513/5100 train_loss:4.0458 train_time:214495ms step_avg:142.71ms
step:1514/5100 train_loss:3.9451 train_time:214640ms step_avg:142.71ms
step:1515/5100 train_loss:3.9575 train_time:214781ms step_avg:142.71ms
step:1516/5100 train_loss:4.0160 train_time:214926ms step_avg:142.71ms
step:1517/5100 train_loss:3.9246 train_time:215068ms step_avg:142.71ms
step:1518/5100 train_loss:3.8862 train_time:215214ms step_avg:142.71ms
step:1519/5100 train_loss:4.0867 train_time:215356ms step_avg:142.71ms
step:1520/5100 train_loss:4.0304 train_time:215505ms step_avg:142.72ms
step:1521/5100 train_loss:3.9559 train_time:215643ms step_avg:142.72ms
step:1522/5100 train_loss:3.8789 train_time:215789ms step_avg:142.72ms
step:1523/5100 train_loss:3.9109 train_time:215931ms step_avg:142.72ms
step:1524/5100 train_loss:3.8659 train_time:216284ms step_avg:142.86ms
step:1525/5100 train_loss:4.0024 train_time:216429ms step_avg:142.86ms
step:1526/5100 train_loss:3.9738 train_time:216570ms step_avg:142.86ms
step:1527/5100 train_loss:3.9254 train_time:216712ms step_avg:142.86ms
step:1528/5100 train_loss:4.1131 train_time:216852ms step_avg:142.85ms
step:1529/5100 train_loss:4.0317 train_time:216992ms step_avg:142.85ms
step:1530/5100 train_loss:3.8466 train_time:217131ms step_avg:142.85ms
step:1531/5100 train_loss:3.9738 train_time:217274ms step_avg:142.85ms
step:1532/5100 train_loss:3.9640 train_time:217418ms step_avg:142.85ms
step:1533/5100 train_loss:3.9721 train_time:217558ms step_avg:142.85ms
step:1534/5100 train_loss:3.9352 train_time:217703ms step_avg:142.85ms
step:1535/5100 train_loss:3.8944 train_time:217841ms step_avg:142.85ms
step:1536/5100 train_loss:3.9133 train_time:217985ms step_avg:142.85ms
step:1537/5100 train_loss:4.1059 train_time:218124ms step_avg:142.84ms
step:1538/5100 train_loss:3.9682 train_time:218263ms step_avg:142.84ms
step:1539/5100 train_loss:4.0001 train_time:218406ms step_avg:142.84ms
step:1540/5100 train_loss:3.8599 train_time:218548ms step_avg:142.84ms
step:1541/5100 train_loss:3.9381 train_time:218694ms step_avg:142.84ms
step:1542/5100 train_loss:3.9007 train_time:218839ms step_avg:142.85ms
step:1543/5100 train_loss:4.0056 train_time:218985ms step_avg:142.85ms
step:1544/5100 train_loss:3.9926 train_time:219130ms step_avg:142.85ms
step:1545/5100 train_loss:4.0154 train_time:219273ms step_avg:142.85ms
step:1546/5100 train_loss:4.0080 train_time:219419ms step_avg:142.85ms
step:1547/5100 train_loss:4.0003 train_time:219560ms step_avg:142.85ms
step:1548/5100 train_loss:3.8964 train_time:219701ms step_avg:142.85ms
step:1549/5100 train_loss:3.9916 train_time:219843ms step_avg:142.85ms
step:1550/5100 train_loss:4.0875 train_time:219983ms step_avg:142.85ms
step:1551/5100 train_loss:3.8447 train_time:220130ms step_avg:142.85ms
step:1552/5100 train_loss:4.0690 train_time:220268ms step_avg:142.85ms
step:1553/5100 train_loss:3.9388 train_time:220412ms step_avg:142.85ms
step:1554/5100 train_loss:3.9232 train_time:220552ms step_avg:142.84ms
step:1555/5100 train_loss:3.8903 train_time:220691ms step_avg:142.84ms
step:1556/5100 train_loss:4.0594 train_time:220834ms step_avg:142.84ms
step:1557/5100 train_loss:4.0009 train_time:220974ms step_avg:142.84ms
step:1558/5100 train_loss:3.8582 train_time:221118ms step_avg:142.84ms
step:1559/5100 train_loss:3.9793 train_time:221257ms step_avg:142.84ms
step:1560/5100 train_loss:3.9591 train_time:221402ms step_avg:142.84ms
step:1561/5100 train_loss:3.8753 train_time:221541ms step_avg:142.84ms
step:1562/5100 train_loss:3.8901 train_time:221687ms step_avg:142.84ms
step:1563/5100 train_loss:3.9973 train_time:221827ms step_avg:142.84ms
step:1564/5100 train_loss:3.8810 train_time:221969ms step_avg:142.84ms
step:1565/5100 train_loss:4.1246 train_time:222113ms step_avg:142.84ms
step:1566/5100 train_loss:3.9221 train_time:222256ms step_avg:142.84ms
step:1567/5100 train_loss:3.9636 train_time:222401ms step_avg:142.84ms
step:1568/5100 train_loss:3.8134 train_time:222539ms step_avg:142.84ms
step:1569/5100 train_loss:3.9100 train_time:222680ms step_avg:142.84ms
step:1570/5100 train_loss:3.9960 train_time:222820ms step_avg:142.83ms
step:1571/5100 train_loss:3.9592 train_time:222960ms step_avg:142.83ms
step:1572/5100 train_loss:3.9564 train_time:223099ms step_avg:142.83ms
step:1573/5100 train_loss:3.8772 train_time:223239ms step_avg:142.83ms
step:1574/5100 train_loss:3.9289 train_time:223379ms step_avg:142.83ms
step:1575/5100 train_loss:4.0050 train_time:223519ms step_avg:142.82ms
step:1576/5100 train_loss:4.0123 train_time:223664ms step_avg:142.83ms
step:1577/5100 train_loss:3.9902 train_time:223805ms step_avg:142.82ms
step:1578/5100 train_loss:3.9586 train_time:223949ms step_avg:142.82ms
step:1579/5100 train_loss:4.0356 train_time:224091ms step_avg:142.82ms
step:1580/5100 train_loss:4.0188 train_time:224237ms step_avg:142.83ms
step:1581/5100 train_loss:3.8837 train_time:224377ms step_avg:142.82ms
step:1582/5100 train_loss:3.7848 train_time:224526ms step_avg:142.83ms
step:1583/5100 train_loss:3.8906 train_time:224667ms step_avg:142.83ms
step:1584/5100 train_loss:3.8728 train_time:224809ms step_avg:142.83ms
step:1585/5100 train_loss:4.0373 train_time:224954ms step_avg:142.83ms
step:1586/5100 train_loss:3.9588 train_time:225098ms step_avg:142.83ms
step:1587/5100 train_loss:3.7822 train_time:225242ms step_avg:142.83ms
step:1588/5100 train_loss:3.7514 train_time:225388ms step_avg:142.83ms
step:1589/5100 train_loss:3.7696 train_time:225530ms step_avg:142.83ms
step:1590/5100 train_loss:3.8978 train_time:225670ms step_avg:142.83ms
step:1591/5100 train_loss:4.1506 train_time:225811ms step_avg:142.83ms
step:1592/5100 train_loss:3.9501 train_time:225955ms step_avg:142.83ms
step:1593/5100 train_loss:4.0220 train_time:226095ms step_avg:142.83ms
step:1594/5100 train_loss:3.9382 train_time:226233ms step_avg:142.82ms
step:1595/5100 train_loss:3.8991 train_time:226378ms step_avg:142.82ms
step:1596/5100 train_loss:3.9800 train_time:226516ms step_avg:142.82ms
step:1597/5100 train_loss:3.9307 train_time:226661ms step_avg:142.82ms
step:1598/5100 train_loss:3.9430 train_time:226801ms step_avg:142.82ms
step:1599/5100 train_loss:3.9490 train_time:226943ms step_avg:142.82ms
step:1600/5100 train_loss:3.8249 train_time:227083ms step_avg:142.82ms
step:1601/5100 train_loss:3.8369 train_time:227227ms step_avg:142.82ms
step:1602/5100 train_loss:3.8413 train_time:227366ms step_avg:142.82ms
step:1603/5100 train_loss:3.8811 train_time:227510ms step_avg:142.82ms
step:1604/5100 train_loss:4.2449 train_time:227650ms step_avg:142.82ms
step:1605/5100 train_loss:3.9394 train_time:227794ms step_avg:142.82ms
step:1606/5100 train_loss:4.0342 train_time:227937ms step_avg:142.82ms
step:1607/5100 train_loss:3.9551 train_time:228083ms step_avg:142.82ms
step:1608/5100 train_loss:3.7820 train_time:228227ms step_avg:142.82ms
step:1609/5100 train_loss:3.9017 train_time:228371ms step_avg:142.82ms
step:1610/5100 train_loss:3.9018 train_time:228513ms step_avg:142.82ms
step:1611/5100 train_loss:3.9144 train_time:228658ms step_avg:142.82ms
step:1612/5100 train_loss:4.0713 train_time:228800ms step_avg:142.82ms
step:1613/5100 train_loss:3.8591 train_time:228940ms step_avg:142.82ms
step:1614/5100 train_loss:4.0082 train_time:229079ms step_avg:142.82ms
step:1615/5100 train_loss:3.8280 train_time:229221ms step_avg:142.82ms
step:1616/5100 train_loss:4.0011 train_time:229365ms step_avg:142.82ms
step:1617/5100 train_loss:3.9122 train_time:229508ms step_avg:142.82ms
step:1618/5100 train_loss:3.8639 train_time:229647ms step_avg:142.82ms
step:1619/5100 train_loss:3.9505 train_time:229790ms step_avg:142.82ms
step:1620/5100 train_loss:3.9328 train_time:229933ms step_avg:142.82ms
step:1621/5100 train_loss:3.9366 train_time:230074ms step_avg:142.81ms
step:1622/5100 train_loss:3.8834 train_time:230214ms step_avg:142.81ms
step:1623/5100 train_loss:3.8758 train_time:230356ms step_avg:142.81ms
step:1624/5100 train_loss:3.8885 train_time:230496ms step_avg:142.81ms
step:1625/5100 train_loss:4.2526 train_time:230637ms step_avg:142.81ms
step:1626/5100 train_loss:4.0977 train_time:230783ms step_avg:142.81ms
step:1627/5100 train_loss:3.8707 train_time:230926ms step_avg:142.81ms
step:1628/5100 train_loss:3.8713 train_time:231069ms step_avg:142.81ms
step:1629/5100 train_loss:3.9456 train_time:231212ms step_avg:142.81ms
step:1630/5100 train_loss:3.9268 train_time:231353ms step_avg:142.81ms
step:1631/5100 train_loss:3.9587 train_time:231497ms step_avg:142.81ms
step:1632/5100 train_loss:4.2395 train_time:231639ms step_avg:142.81ms
step:1633/5100 train_loss:4.0595 train_time:231780ms step_avg:142.81ms
step:1634/5100 train_loss:4.0036 train_time:231921ms step_avg:142.81ms
step:1635/5100 train_loss:3.9059 train_time:232060ms step_avg:142.81ms
step:1636/5100 train_loss:3.9472 train_time:232200ms step_avg:142.80ms
step:1637/5100 train_loss:3.9922 train_time:232339ms step_avg:142.80ms
step:1638/5100 train_loss:3.9582 train_time:232482ms step_avg:142.80ms
step:1639/5100 train_loss:3.8581 train_time:232630ms step_avg:142.81ms
step:1640/5100 train_loss:3.9459 train_time:232771ms step_avg:142.80ms
step:1641/5100 train_loss:3.8907 train_time:232914ms step_avg:142.80ms
step:1642/5100 train_loss:3.8855 train_time:233060ms step_avg:142.81ms
step:1643/5100 train_loss:3.9491 train_time:233201ms step_avg:142.80ms
step:1644/5100 train_loss:3.9165 train_time:233346ms step_avg:142.81ms
step:1645/5100 train_loss:3.9406 train_time:233487ms step_avg:142.81ms
step:1646/5100 train_loss:3.8573 train_time:233635ms step_avg:142.81ms
step:1647/5100 train_loss:3.8860 train_time:233779ms step_avg:142.81ms
step:1648/5100 train_loss:3.8886 train_time:233928ms step_avg:142.81ms
step:1649/5100 train_loss:3.9550 train_time:234070ms step_avg:142.81ms
step:1650/5100 train_loss:4.1350 train_time:234210ms step_avg:142.81ms
step:1651/5100 train_loss:3.9838 train_time:234354ms step_avg:142.81ms
step:1652/5100 train_loss:3.8390 train_time:234497ms step_avg:142.81ms
step:1653/5100 train_loss:3.9814 train_time:234640ms step_avg:142.81ms
step:1654/5100 train_loss:3.7507 train_time:234782ms step_avg:142.81ms
step:1655/5100 train_loss:3.9049 train_time:234921ms step_avg:142.81ms
step:1656/5100 train_loss:3.9977 train_time:235060ms step_avg:142.81ms
step:1657/5100 train_loss:3.9809 train_time:235200ms step_avg:142.80ms
step:1658/5100 train_loss:4.0111 train_time:235344ms step_avg:142.81ms
step:1659/5100 train_loss:3.9939 train_time:235487ms step_avg:142.81ms
step:1660/5100 train_loss:3.8563 train_time:235626ms step_avg:142.80ms
step:1661/5100 train_loss:3.9316 train_time:235768ms step_avg:142.80ms
step:1662/5100 train_loss:3.9336 train_time:235909ms step_avg:142.80ms
step:1663/5100 train_loss:3.9496 train_time:236049ms step_avg:142.80ms
step:1664/5100 train_loss:4.0409 train_time:236189ms step_avg:142.80ms
step:1665/5100 train_loss:4.0350 train_time:236333ms step_avg:142.80ms
step:1666/5100 train_loss:3.9026 train_time:236478ms step_avg:142.80ms
step:1667/5100 train_loss:3.7710 train_time:236627ms step_avg:142.80ms
step:1668/5100 train_loss:4.0172 train_time:236767ms step_avg:142.80ms
step:1669/5100 train_loss:3.9561 train_time:236910ms step_avg:142.80ms
step:1670/5100 train_loss:4.0293 train_time:237048ms step_avg:142.80ms
step:1671/5100 train_loss:4.0020 train_time:237192ms step_avg:142.80ms
step:1672/5100 train_loss:3.8391 train_time:237336ms step_avg:142.80ms
step:1673/5100 train_loss:3.8572 train_time:237481ms step_avg:142.80ms
step:1674/5100 train_loss:3.8822 train_time:237632ms step_avg:142.81ms
step:1675/5100 train_loss:3.9702 train_time:237770ms step_avg:142.80ms
step:1676/5100 train_loss:3.9689 train_time:237915ms step_avg:142.81ms
step:1677/5100 train_loss:3.8725 train_time:238057ms step_avg:142.81ms
step:1678/5100 train_loss:3.9510 train_time:238198ms step_avg:142.80ms
step:1679/5100 train_loss:3.8670 train_time:238339ms step_avg:142.80ms
step:1680/5100 train_loss:4.0154 train_time:238477ms step_avg:142.80ms
step:1681/5100 train_loss:3.7522 train_time:238626ms step_avg:142.80ms
step:1682/5100 train_loss:3.8392 train_time:238770ms step_avg:142.81ms
step:1683/5100 train_loss:3.9120 train_time:238911ms step_avg:142.80ms
step:1684/5100 train_loss:3.8410 train_time:239048ms step_avg:142.80ms
step:1685/5100 train_loss:3.9663 train_time:239190ms step_avg:142.80ms
step:1686/5100 train_loss:3.8148 train_time:239331ms step_avg:142.80ms
step:1687/5100 train_loss:3.9127 train_time:239473ms step_avg:142.80ms
step:1688/5100 train_loss:3.9437 train_time:239614ms step_avg:142.80ms
step:1689/5100 train_loss:3.8958 train_time:239755ms step_avg:142.80ms
step:1690/5100 train_loss:3.9205 train_time:239895ms step_avg:142.79ms
step:1691/5100 train_loss:3.8711 train_time:240039ms step_avg:142.80ms
step:1691/5100 val_loss:3.8956 train_time:240044ms step_avg:142.80ms
step:1692/5100 train_loss:3.7433 train_time:240179ms step_avg:142.79ms
step:1693/5100 train_loss:3.9557 train_time:240323ms step_avg:142.79ms
step:1694/5100 train_loss:3.9389 train_time:240465ms step_avg:142.79ms
step:1695/5100 train_loss:3.9130 train_time:240608ms step_avg:142.79ms
step:1696/5100 train_loss:3.8649 train_time:240748ms step_avg:142.79ms
step:1697/5100 train_loss:3.9104 train_time:240889ms step_avg:142.79ms
step:1698/5100 train_loss:3.8307 train_time:241032ms step_avg:142.79ms
step:1699/5100 train_loss:3.9130 train_time:241172ms step_avg:142.79ms
step:1700/5100 train_loss:3.8769 train_time:241313ms step_avg:142.79ms
step:1701/5100 train_loss:4.0883 train_time:241464ms step_avg:142.79ms
step:1702/5100 train_loss:3.9548 train_time:241608ms step_avg:142.79ms
step:1703/5100 train_loss:3.8466 train_time:241748ms step_avg:142.79ms
step:1704/5100 train_loss:4.0554 train_time:241888ms step_avg:142.79ms
step:1705/5100 train_loss:3.8908 train_time:242032ms step_avg:142.79ms
step:1706/5100 train_loss:3.7724 train_time:242173ms step_avg:142.79ms
step:1707/5100 train_loss:3.9465 train_time:242314ms step_avg:142.79ms
step:1708/5100 train_loss:3.8891 train_time:242458ms step_avg:142.79ms
step:1709/5100 train_loss:3.8521 train_time:242603ms step_avg:142.79ms
step:1710/5100 train_loss:3.9214 train_time:242747ms step_avg:142.79ms
step:1711/5100 train_loss:3.8697 train_time:242891ms step_avg:142.79ms
step:1712/5100 train_loss:3.9399 train_time:243038ms step_avg:142.80ms
step:1713/5100 train_loss:3.9476 train_time:243186ms step_avg:142.80ms
step:1714/5100 train_loss:3.8909 train_time:243326ms step_avg:142.80ms
step:1715/5100 train_loss:3.8571 train_time:243464ms step_avg:142.79ms
step:1716/5100 train_loss:3.8876 train_time:243605ms step_avg:142.79ms
step:1717/5100 train_loss:3.8236 train_time:243747ms step_avg:142.79ms
step:1718/5100 train_loss:3.8591 train_time:243890ms step_avg:142.79ms
step:1719/5100 train_loss:3.8473 train_time:244031ms step_avg:142.79ms
step:1720/5100 train_loss:3.8290 train_time:244172ms step_avg:142.79ms
step:1721/5100 train_loss:3.8604 train_time:244316ms step_avg:142.79ms
step:1722/5100 train_loss:3.8538 train_time:244456ms step_avg:142.79ms
step:1723/5100 train_loss:4.0140 train_time:244601ms step_avg:142.79ms
step:1724/5100 train_loss:3.7992 train_time:244746ms step_avg:142.79ms
step:1725/5100 train_loss:3.8091 train_time:244886ms step_avg:142.79ms
step:1726/5100 train_loss:3.8148 train_time:245031ms step_avg:142.79ms
step:1727/5100 train_loss:4.0556 train_time:245170ms step_avg:142.79ms
step:1728/5100 train_loss:3.9551 train_time:245308ms step_avg:142.79ms
step:1729/5100 train_loss:3.9605 train_time:245450ms step_avg:142.79ms
step:1730/5100 train_loss:3.9093 train_time:245596ms step_avg:142.79ms
step:1731/5100 train_loss:3.9035 train_time:245739ms step_avg:142.79ms
step:1732/5100 train_loss:3.9669 train_time:245887ms step_avg:142.79ms
step:1733/5100 train_loss:3.7637 train_time:246027ms step_avg:142.79ms
step:1734/5100 train_loss:3.9647 train_time:246170ms step_avg:142.79ms
step:1735/5100 train_loss:3.9799 train_time:246312ms step_avg:142.79ms
step:1736/5100 train_loss:3.9357 train_time:246450ms step_avg:142.79ms
step:1737/5100 train_loss:3.9095 train_time:246591ms step_avg:142.79ms
step:1738/5100 train_loss:3.8643 train_time:246731ms step_avg:142.78ms
step:1739/5100 train_loss:3.8617 train_time:246868ms step_avg:142.78ms
step:1740/5100 train_loss:3.9085 train_time:247012ms step_avg:142.78ms
step:1741/5100 train_loss:3.9296 train_time:247152ms step_avg:142.78ms
step:1742/5100 train_loss:3.9230 train_time:247295ms step_avg:142.78ms
step:1743/5100 train_loss:3.9441 train_time:247436ms step_avg:142.78ms
step:1744/5100 train_loss:3.9083 train_time:247580ms step_avg:142.78ms
step:1745/5100 train_loss:3.8701 train_time:247725ms step_avg:142.78ms
step:1746/5100 train_loss:3.9196 train_time:247866ms step_avg:142.78ms
step:1747/5100 train_loss:4.0489 train_time:248010ms step_avg:142.78ms
step:1748/5100 train_loss:3.9418 train_time:248150ms step_avg:142.78ms
step:1749/5100 train_loss:3.8902 train_time:248292ms step_avg:142.78ms
step:1750/5100 train_loss:3.7998 train_time:248440ms step_avg:142.78ms
step:1751/5100 train_loss:4.0593 train_time:248580ms step_avg:142.78ms
step:1752/5100 train_loss:3.8450 train_time:248725ms step_avg:142.78ms
step:1753/5100 train_loss:3.9035 train_time:248867ms step_avg:142.78ms
step:1754/5100 train_loss:3.8257 train_time:249010ms step_avg:142.78ms
step:1755/5100 train_loss:3.9941 train_time:249153ms step_avg:142.78ms
step:1756/5100 train_loss:3.9479 train_time:249296ms step_avg:142.78ms
step:1757/5100 train_loss:3.8762 train_time:249443ms step_avg:142.78ms
step:1758/5100 train_loss:3.8574 train_time:249587ms step_avg:142.78ms
step:1759/5100 train_loss:3.8644 train_time:249732ms step_avg:142.79ms
step:1760/5100 train_loss:3.8155 train_time:249877ms step_avg:142.79ms
step:1761/5100 train_loss:3.7862 train_time:250020ms step_avg:142.79ms
step:1762/5100 train_loss:4.0233 train_time:250162ms step_avg:142.79ms
step:1763/5100 train_loss:3.9229 train_time:250303ms step_avg:142.79ms
step:1764/5100 train_loss:3.8852 train_time:250445ms step_avg:142.79ms
step:1765/5100 train_loss:3.7281 train_time:250588ms step_avg:142.79ms
step:1766/5100 train_loss:3.8586 train_time:250740ms step_avg:142.79ms
step:1767/5100 train_loss:3.8059 train_time:250887ms step_avg:142.79ms
step:1768/5100 train_loss:3.8175 train_time:251030ms step_avg:142.79ms
step:1769/5100 train_loss:3.8508 train_time:251175ms step_avg:142.79ms
step:1770/5100 train_loss:3.8791 train_time:251321ms step_avg:142.80ms
step:1771/5100 train_loss:3.8721 train_time:251461ms step_avg:142.79ms
step:1772/5100 train_loss:3.7755 train_time:251606ms step_avg:142.80ms
step:1773/5100 train_loss:3.9730 train_time:251746ms step_avg:142.79ms
step:1774/5100 train_loss:3.8065 train_time:251893ms step_avg:142.80ms
step:1775/5100 train_loss:3.8057 train_time:252031ms step_avg:142.79ms
step:1776/5100 train_loss:3.8998 train_time:252175ms step_avg:142.79ms
step:1777/5100 train_loss:3.8388 train_time:252315ms step_avg:142.79ms
step:1778/5100 train_loss:3.9888 train_time:252460ms step_avg:142.79ms
step:1779/5100 train_loss:3.9241 train_time:252605ms step_avg:142.80ms
step:1780/5100 train_loss:3.9755 train_time:252746ms step_avg:142.79ms
step:1781/5100 train_loss:3.8654 train_time:252887ms step_avg:142.79ms
step:1782/5100 train_loss:3.9119 train_time:253033ms step_avg:142.80ms
step:1783/5100 train_loss:4.0522 train_time:253171ms step_avg:142.79ms
step:1784/5100 train_loss:3.7519 train_time:253313ms step_avg:142.79ms
step:1785/5100 train_loss:3.8895 train_time:253454ms step_avg:142.79ms
step:1786/5100 train_loss:3.9214 train_time:253595ms step_avg:142.79ms
step:1787/5100 train_loss:3.8685 train_time:253735ms step_avg:142.79ms
step:1788/5100 train_loss:3.9235 train_time:253879ms step_avg:142.79ms
step:1789/5100 train_loss:3.8117 train_time:254017ms step_avg:142.79ms
step:1790/5100 train_loss:3.8135 train_time:254159ms step_avg:142.79ms
step:1791/5100 train_loss:3.8125 train_time:254296ms step_avg:142.78ms
step:1792/5100 train_loss:3.8819 train_time:254440ms step_avg:142.78ms
step:1793/5100 train_loss:3.9580 train_time:254580ms step_avg:142.78ms
step:1794/5100 train_loss:3.9291 train_time:254725ms step_avg:142.78ms
step:1795/5100 train_loss:4.0742 train_time:254869ms step_avg:142.78ms
step:1796/5100 train_loss:3.8624 train_time:255008ms step_avg:142.78ms
step:1797/5100 train_loss:3.8156 train_time:255152ms step_avg:142.78ms
step:1798/5100 train_loss:3.9068 train_time:255295ms step_avg:142.78ms
step:1799/5100 train_loss:3.9514 train_time:255442ms step_avg:142.78ms
step:1800/5100 train_loss:3.8118 train_time:255588ms step_avg:142.79ms
step:1801/5100 train_loss:3.9022 train_time:255731ms step_avg:142.79ms
step:1802/5100 train_loss:3.8523 train_time:255876ms step_avg:142.79ms
step:1803/5100 train_loss:3.9746 train_time:256019ms step_avg:142.79ms
step:1804/5100 train_loss:3.8655 train_time:256164ms step_avg:142.79ms
step:1805/5100 train_loss:3.8486 train_time:256309ms step_avg:142.79ms
step:1806/5100 train_loss:3.7825 train_time:256452ms step_avg:142.79ms
step:1807/5100 train_loss:3.8624 train_time:256603ms step_avg:142.80ms
step:1808/5100 train_loss:4.3665 train_time:256745ms step_avg:142.79ms
step:1809/5100 train_loss:4.0144 train_time:256890ms step_avg:142.80ms
step:1810/5100 train_loss:3.8253 train_time:257030ms step_avg:142.79ms
step:1811/5100 train_loss:3.8927 train_time:257172ms step_avg:142.79ms
step:1812/5100 train_loss:4.0215 train_time:257312ms step_avg:142.79ms
step:1813/5100 train_loss:3.8997 train_time:257451ms step_avg:142.79ms
step:1814/5100 train_loss:3.8861 train_time:257601ms step_avg:142.79ms
step:1815/5100 train_loss:3.9696 train_time:257744ms step_avg:142.79ms
step:1816/5100 train_loss:4.0172 train_time:257887ms step_avg:142.79ms
step:1817/5100 train_loss:3.9447 train_time:258028ms step_avg:142.79ms
step:1818/5100 train_loss:3.7487 train_time:258176ms step_avg:142.80ms
step:1819/5100 train_loss:3.7098 train_time:258315ms step_avg:142.79ms
step:1820/5100 train_loss:3.8516 train_time:258456ms step_avg:142.79ms
step:1821/5100 train_loss:3.8740 train_time:258603ms step_avg:142.80ms
step:1822/5100 train_loss:3.9034 train_time:258745ms step_avg:142.80ms
step:1823/5100 train_loss:3.7672 train_time:258889ms step_avg:142.80ms
step:1824/5100 train_loss:3.8606 train_time:259031ms step_avg:142.80ms
step:1825/5100 train_loss:3.8715 train_time:259172ms step_avg:142.79ms
step:1826/5100 train_loss:3.8314 train_time:259314ms step_avg:142.79ms
step:1827/5100 train_loss:3.8857 train_time:259453ms step_avg:142.79ms
step:1828/5100 train_loss:3.8616 train_time:259598ms step_avg:142.79ms
step:1829/5100 train_loss:3.8397 train_time:259741ms step_avg:142.79ms
step:1830/5100 train_loss:3.9176 train_time:259887ms step_avg:142.79ms
step:1831/5100 train_loss:3.7950 train_time:260028ms step_avg:142.79ms
step:1832/5100 train_loss:3.8472 train_time:260172ms step_avg:142.79ms
step:1833/5100 train_loss:3.8241 train_time:260310ms step_avg:142.79ms
step:1834/5100 train_loss:3.9950 train_time:260453ms step_avg:142.79ms
step:1835/5100 train_loss:3.8140 train_time:260594ms step_avg:142.79ms
step:1836/5100 train_loss:3.8817 train_time:260736ms step_avg:142.79ms
step:1837/5100 train_loss:3.8850 train_time:260876ms step_avg:142.79ms
step:1838/5100 train_loss:3.9069 train_time:261018ms step_avg:142.79ms
step:1839/5100 train_loss:3.8294 train_time:261156ms step_avg:142.79ms
step:1840/5100 train_loss:3.8602 train_time:261297ms step_avg:142.79ms
step:1841/5100 train_loss:3.8815 train_time:261441ms step_avg:142.79ms
step:1842/5100 train_loss:4.0288 train_time:261586ms step_avg:142.79ms
step:1843/5100 train_loss:3.9445 train_time:261729ms step_avg:142.79ms
step:1844/5100 train_loss:3.8617 train_time:261874ms step_avg:142.79ms
step:1845/5100 train_loss:3.8614 train_time:262012ms step_avg:142.79ms
step:1846/5100 train_loss:3.8319 train_time:262151ms step_avg:142.78ms
step:1847/5100 train_loss:4.0163 train_time:262301ms step_avg:142.79ms
step:1848/5100 train_loss:3.7728 train_time:262442ms step_avg:142.79ms
step:1849/5100 train_loss:3.9454 train_time:262587ms step_avg:142.79ms
step:1850/5100 train_loss:3.7613 train_time:262727ms step_avg:142.79ms
step:1851/5100 train_loss:3.7655 train_time:262871ms step_avg:142.79ms
step:1852/5100 train_loss:3.7969 train_time:263016ms step_avg:142.79ms
step:1853/5100 train_loss:3.7995 train_time:263157ms step_avg:142.79ms
step:1854/5100 train_loss:3.8185 train_time:263302ms step_avg:142.79ms
step:1855/5100 train_loss:3.7839 train_time:263446ms step_avg:142.79ms
step:1856/5100 train_loss:3.9862 train_time:263587ms step_avg:142.79ms
step:1857/5100 train_loss:3.8749 train_time:263731ms step_avg:142.79ms
step:1858/5100 train_loss:3.8369 train_time:263874ms step_avg:142.79ms
step:1859/5100 train_loss:3.8930 train_time:264020ms step_avg:142.79ms
step:1860/5100 train_loss:3.9003 train_time:264159ms step_avg:142.79ms
step:1861/5100 train_loss:3.9014 train_time:264302ms step_avg:142.79ms
step:1862/5100 train_loss:3.8543 train_time:264443ms step_avg:142.79ms
step:1863/5100 train_loss:3.8704 train_time:264585ms step_avg:142.79ms
step:1864/5100 train_loss:3.8410 train_time:264727ms step_avg:142.79ms
step:1865/5100 train_loss:3.8737 train_time:264869ms step_avg:142.79ms
step:1866/5100 train_loss:3.9213 train_time:265017ms step_avg:142.79ms
step:1867/5100 train_loss:3.8804 train_time:265158ms step_avg:142.79ms
step:1868/5100 train_loss:3.8573 train_time:265302ms step_avg:142.79ms
step:1869/5100 train_loss:3.8547 train_time:265447ms step_avg:142.79ms
step:1870/5100 train_loss:3.9230 train_time:265587ms step_avg:142.79ms
step:1871/5100 train_loss:3.7204 train_time:265733ms step_avg:142.79ms
step:1872/5100 train_loss:3.8252 train_time:265875ms step_avg:142.79ms
step:1873/5100 train_loss:3.8935 train_time:266019ms step_avg:142.79ms
step:1874/5100 train_loss:3.8851 train_time:266163ms step_avg:142.79ms
step:1875/5100 train_loss:3.8699 train_time:266304ms step_avg:142.79ms
step:1876/5100 train_loss:3.9455 train_time:266450ms step_avg:142.79ms
step:1877/5100 train_loss:3.8700 train_time:266589ms step_avg:142.79ms
step:1878/5100 train_loss:3.8110 train_time:266732ms step_avg:142.79ms
step:1879/5100 train_loss:3.8774 train_time:266876ms step_avg:142.79ms
step:1880/5100 train_loss:3.8680 train_time:267019ms step_avg:142.79ms
step:1881/5100 train_loss:3.8664 train_time:267159ms step_avg:142.79ms
step:1882/5100 train_loss:3.8049 train_time:267303ms step_avg:142.79ms
step:1883/5100 train_loss:3.8705 train_time:267445ms step_avg:142.79ms
step:1884/5100 train_loss:3.7375 train_time:267589ms step_avg:142.79ms
step:1885/5100 train_loss:3.7514 train_time:267732ms step_avg:142.79ms
step:1886/5100 train_loss:3.8590 train_time:267876ms step_avg:142.79ms
step:1887/5100 train_loss:4.0515 train_time:268019ms step_avg:142.79ms
step:1888/5100 train_loss:3.8994 train_time:268159ms step_avg:142.79ms
step:1889/5100 train_loss:3.8356 train_time:268300ms step_avg:142.79ms
step:1890/5100 train_loss:3.8283 train_time:268442ms step_avg:142.79ms
step:1891/5100 train_loss:3.7674 train_time:268583ms step_avg:142.79ms
step:1892/5100 train_loss:3.8320 train_time:268729ms step_avg:142.79ms
step:1893/5100 train_loss:3.8972 train_time:268870ms step_avg:142.79ms
step:1894/5100 train_loss:3.9285 train_time:269013ms step_avg:142.79ms
step:1895/5100 train_loss:3.8374 train_time:269155ms step_avg:142.79ms
step:1896/5100 train_loss:3.8477 train_time:269294ms step_avg:142.79ms
step:1897/5100 train_loss:3.7852 train_time:269439ms step_avg:142.79ms
step:1898/5100 train_loss:3.7739 train_time:269578ms step_avg:142.78ms
step:1899/5100 train_loss:3.8471 train_time:269720ms step_avg:142.78ms
step:1900/5100 train_loss:3.9330 train_time:269865ms step_avg:142.79ms
step:1901/5100 train_loss:3.8470 train_time:270005ms step_avg:142.78ms
step:1902/5100 train_loss:4.0846 train_time:270147ms step_avg:142.78ms
step:1903/5100 train_loss:3.8060 train_time:270287ms step_avg:142.78ms
step:1904/5100 train_loss:3.9249 train_time:270427ms step_avg:142.78ms
step:1905/5100 train_loss:3.8631 train_time:270568ms step_avg:142.78ms
step:1906/5100 train_loss:3.9283 train_time:270713ms step_avg:142.78ms
step:1907/5100 train_loss:3.9131 train_time:270856ms step_avg:142.78ms
step:1908/5100 train_loss:3.8725 train_time:271001ms step_avg:142.78ms
step:1909/5100 train_loss:3.7579 train_time:271146ms step_avg:142.78ms
step:1910/5100 train_loss:3.7514 train_time:271287ms step_avg:142.78ms
step:1911/5100 train_loss:3.7671 train_time:271428ms step_avg:142.78ms
step:1912/5100 train_loss:3.9135 train_time:271568ms step_avg:142.78ms
step:1913/5100 train_loss:3.8439 train_time:271710ms step_avg:142.78ms
step:1914/5100 train_loss:3.8898 train_time:271854ms step_avg:142.78ms
step:1915/5100 train_loss:3.8297 train_time:271998ms step_avg:142.78ms
step:1916/5100 train_loss:3.8713 train_time:272139ms step_avg:142.78ms
step:1917/5100 train_loss:3.8905 train_time:272283ms step_avg:142.78ms
step:1918/5100 train_loss:3.7949 train_time:272422ms step_avg:142.78ms
step:1919/5100 train_loss:3.8184 train_time:272565ms step_avg:142.78ms
step:1920/5100 train_loss:3.7578 train_time:272705ms step_avg:142.78ms
step:1921/5100 train_loss:3.8354 train_time:272851ms step_avg:142.78ms
step:1922/5100 train_loss:4.0142 train_time:272994ms step_avg:142.78ms
step:1923/5100 train_loss:3.7813 train_time:273142ms step_avg:142.78ms
step:1924/5100 train_loss:3.9271 train_time:273287ms step_avg:142.78ms
step:1925/5100 train_loss:4.0169 train_time:273427ms step_avg:142.78ms
step:1926/5100 train_loss:3.8332 train_time:273571ms step_avg:142.78ms
step:1927/5100 train_loss:3.8154 train_time:273713ms step_avg:142.78ms
step:1928/5100 train_loss:3.9069 train_time:273858ms step_avg:142.78ms
step:1929/5100 train_loss:3.8092 train_time:274003ms step_avg:142.78ms
step:1930/5100 train_loss:3.6794 train_time:274147ms step_avg:142.78ms
step:1931/5100 train_loss:3.7694 train_time:274291ms step_avg:142.79ms
step:1932/5100 train_loss:3.8133 train_time:274430ms step_avg:142.78ms
step:1933/5100 train_loss:3.7939 train_time:274573ms step_avg:142.78ms
step:1934/5100 train_loss:3.9825 train_time:274712ms step_avg:142.78ms
step:1935/5100 train_loss:3.8645 train_time:274851ms step_avg:142.78ms
step:1936/5100 train_loss:3.9134 train_time:274997ms step_avg:142.78ms
step:1937/5100 train_loss:3.7378 train_time:275144ms step_avg:142.78ms
step:1938/5100 train_loss:3.7521 train_time:275289ms step_avg:142.78ms
step:1939/5100 train_loss:3.9457 train_time:275432ms step_avg:142.79ms
step:1940/5100 train_loss:3.8620 train_time:275575ms step_avg:142.78ms
step:1941/5100 train_loss:3.8425 train_time:275713ms step_avg:142.78ms
step:1942/5100 train_loss:3.7424 train_time:275856ms step_avg:142.78ms
step:1943/5100 train_loss:3.7376 train_time:275994ms step_avg:142.78ms
step:1944/5100 train_loss:3.7775 train_time:276134ms step_avg:142.78ms
step:1945/5100 train_loss:3.7322 train_time:276277ms step_avg:142.78ms
step:1946/5100 train_loss:3.8110 train_time:276420ms step_avg:142.78ms
step:1947/5100 train_loss:3.8739 train_time:276564ms step_avg:142.78ms
step:1948/5100 train_loss:3.8642 train_time:276706ms step_avg:142.78ms
step:1949/5100 train_loss:3.8722 train_time:276850ms step_avg:142.78ms
step:1950/5100 train_loss:3.7647 train_time:276993ms step_avg:142.78ms
step:1951/5100 train_loss:3.8436 train_time:277138ms step_avg:142.78ms
step:1952/5100 train_loss:3.8835 train_time:277282ms step_avg:142.78ms
step:1953/5100 train_loss:3.7819 train_time:277426ms step_avg:142.78ms
step:1954/5100 train_loss:3.9227 train_time:277566ms step_avg:142.78ms
step:1955/5100 train_loss:3.8010 train_time:277709ms step_avg:142.78ms
step:1956/5100 train_loss:3.8139 train_time:277849ms step_avg:142.78ms
step:1957/5100 train_loss:3.7507 train_time:277992ms step_avg:142.78ms
step:1958/5100 train_loss:3.8217 train_time:278133ms step_avg:142.78ms
step:1959/5100 train_loss:3.8556 train_time:278275ms step_avg:142.78ms
step:1960/5100 train_loss:3.9385 train_time:278415ms step_avg:142.78ms
step:1961/5100 train_loss:3.7538 train_time:278558ms step_avg:142.78ms
step:1962/5100 train_loss:3.8013 train_time:278700ms step_avg:142.78ms
step:1963/5100 train_loss:3.7216 train_time:278845ms step_avg:142.78ms
step:1964/5100 train_loss:3.7975 train_time:278986ms step_avg:142.78ms
step:1965/5100 train_loss:3.8407 train_time:279130ms step_avg:142.78ms
step:1966/5100 train_loss:3.8128 train_time:279270ms step_avg:142.78ms
step:1967/5100 train_loss:3.9477 train_time:279411ms step_avg:142.78ms
step:1968/5100 train_loss:3.8091 train_time:279552ms step_avg:142.77ms
step:1969/5100 train_loss:3.7390 train_time:279691ms step_avg:142.77ms
step:1970/5100 train_loss:3.8452 train_time:279839ms step_avg:142.77ms
step:1971/5100 train_loss:3.8473 train_time:279981ms step_avg:142.77ms
step:1972/5100 train_loss:3.8973 train_time:280122ms step_avg:142.77ms
step:1973/5100 train_loss:3.8904 train_time:280262ms step_avg:142.77ms
step:1974/5100 train_loss:3.9200 train_time:280404ms step_avg:142.77ms
step:1975/5100 train_loss:3.6967 train_time:280547ms step_avg:142.77ms
step:1976/5100 train_loss:3.7387 train_time:280688ms step_avg:142.77ms
step:1977/5100 train_loss:3.8480 train_time:280832ms step_avg:142.77ms
step:1978/5100 train_loss:3.8557 train_time:280975ms step_avg:142.77ms
step:1979/5100 train_loss:3.8540 train_time:281116ms step_avg:142.77ms
step:1980/5100 train_loss:3.7972 train_time:281259ms step_avg:142.77ms
step:1981/5100 train_loss:3.7093 train_time:281401ms step_avg:142.77ms
step:1982/5100 train_loss:3.7574 train_time:281546ms step_avg:142.77ms
step:1983/5100 train_loss:3.7722 train_time:281686ms step_avg:142.77ms
step:1984/5100 train_loss:4.0333 train_time:281828ms step_avg:142.77ms
step:1985/5100 train_loss:3.8544 train_time:281971ms step_avg:142.77ms
step:1986/5100 train_loss:3.7175 train_time:282113ms step_avg:142.77ms
step:1987/5100 train_loss:3.8372 train_time:282253ms step_avg:142.77ms
step:1988/5100 train_loss:3.7782 train_time:282396ms step_avg:142.77ms
step:1989/5100 train_loss:3.7522 train_time:282543ms step_avg:142.77ms
step:1990/5100 train_loss:3.7583 train_time:282684ms step_avg:142.77ms
step:1991/5100 train_loss:3.7903 train_time:282826ms step_avg:142.77ms
step:1992/5100 train_loss:3.8415 train_time:282965ms step_avg:142.77ms
step:1993/5100 train_loss:3.9895 train_time:283107ms step_avg:142.77ms
step:1994/5100 train_loss:3.8494 train_time:283251ms step_avg:142.77ms
step:1995/5100 train_loss:3.7806 train_time:283394ms step_avg:142.77ms
step:1996/5100 train_loss:3.7651 train_time:283542ms step_avg:142.77ms
step:1997/5100 train_loss:3.8503 train_time:283686ms step_avg:142.77ms
step:1998/5100 train_loss:3.8463 train_time:283827ms step_avg:142.77ms
step:1999/5100 train_loss:3.9108 train_time:283966ms step_avg:142.77ms
step:2000/5100 train_loss:3.9043 train_time:284106ms step_avg:142.77ms
step:2001/5100 train_loss:3.8658 train_time:284248ms step_avg:142.77ms
step:2002/5100 train_loss:3.8027 train_time:284391ms step_avg:142.77ms
step:2003/5100 train_loss:3.8629 train_time:284530ms step_avg:142.76ms
step:2004/5100 train_loss:3.7573 train_time:284671ms step_avg:142.76ms
step:2005/5100 train_loss:3.8347 train_time:284812ms step_avg:142.76ms
step:2006/5100 train_loss:3.9963 train_time:284953ms step_avg:142.76ms
step:2007/5100 train_loss:3.6989 train_time:285092ms step_avg:142.76ms
step:2008/5100 train_loss:3.7542 train_time:285239ms step_avg:142.76ms
step:2009/5100 train_loss:4.0776 train_time:285376ms step_avg:142.76ms
step:2010/5100 train_loss:3.8130 train_time:285523ms step_avg:142.76ms
step:2011/5100 train_loss:3.8244 train_time:285665ms step_avg:142.76ms
step:2012/5100 train_loss:3.8253 train_time:285806ms step_avg:142.76ms
step:2013/5100 train_loss:3.8897 train_time:285949ms step_avg:142.76ms
step:2014/5100 train_loss:3.8136 train_time:286094ms step_avg:142.76ms
step:2015/5100 train_loss:3.7958 train_time:286241ms step_avg:142.76ms
step:2016/5100 train_loss:3.7118 train_time:286383ms step_avg:142.76ms
step:2017/5100 train_loss:3.7897 train_time:286525ms step_avg:142.76ms
step:2018/5100 train_loss:3.8112 train_time:286669ms step_avg:142.76ms
step:2019/5100 train_loss:3.9118 train_time:286809ms step_avg:142.76ms
step:2020/5100 train_loss:3.8923 train_time:286949ms step_avg:142.76ms
step:2021/5100 train_loss:3.8342 train_time:287092ms step_avg:142.76ms
step:2022/5100 train_loss:3.9314 train_time:287234ms step_avg:142.76ms
step:2023/5100 train_loss:3.7619 train_time:287378ms step_avg:142.76ms
step:2024/5100 train_loss:3.7822 train_time:287524ms step_avg:142.76ms
step:2025/5100 train_loss:3.8015 train_time:287663ms step_avg:142.76ms
step:2026/5100 train_loss:3.8370 train_time:287809ms step_avg:142.76ms
step:2027/5100 train_loss:3.7562 train_time:287947ms step_avg:142.76ms
step:2028/5100 train_loss:3.7947 train_time:288092ms step_avg:142.76ms
step:2029/5100 train_loss:3.6891 train_time:288231ms step_avg:142.76ms
step:2030/5100 train_loss:3.8338 train_time:288375ms step_avg:142.76ms
step:2031/5100 train_loss:3.8530 train_time:288515ms step_avg:142.76ms
step:2032/5100 train_loss:3.9760 train_time:288658ms step_avg:142.76ms
step:2033/5100 train_loss:3.9210 train_time:288798ms step_avg:142.76ms
step:2034/5100 train_loss:3.9066 train_time:288942ms step_avg:142.76ms
step:2035/5100 train_loss:3.7642 train_time:289082ms step_avg:142.76ms
step:2036/5100 train_loss:3.7019 train_time:289223ms step_avg:142.76ms
step:2037/5100 train_loss:3.7791 train_time:289366ms step_avg:142.76ms
step:2038/5100 train_loss:3.8466 train_time:289511ms step_avg:142.76ms
step:2039/5100 train_loss:3.8999 train_time:289659ms step_avg:142.76ms
step:2040/5100 train_loss:3.8308 train_time:289806ms step_avg:142.76ms
step:2041/5100 train_loss:3.7229 train_time:289947ms step_avg:142.76ms
step:2042/5100 train_loss:3.6874 train_time:290089ms step_avg:142.76ms
step:2043/5100 train_loss:3.7961 train_time:290228ms step_avg:142.76ms
step:2044/5100 train_loss:3.7671 train_time:290369ms step_avg:142.76ms
step:2045/5100 train_loss:3.8799 train_time:290510ms step_avg:142.76ms
step:2046/5100 train_loss:3.8217 train_time:290653ms step_avg:142.76ms
step:2047/5100 train_loss:3.8051 train_time:290798ms step_avg:142.76ms
step:2048/5100 train_loss:3.7035 train_time:290943ms step_avg:142.76ms
step:2049/5100 train_loss:3.7472 train_time:291085ms step_avg:142.76ms
step:2050/5100 train_loss:3.8422 train_time:291228ms step_avg:142.76ms
step:2051/5100 train_loss:3.7870 train_time:291372ms step_avg:142.76ms
step:2052/5100 train_loss:3.7885 train_time:291513ms step_avg:142.76ms
step:2053/5100 train_loss:3.8499 train_time:291653ms step_avg:142.76ms
step:2054/5100 train_loss:3.7502 train_time:291800ms step_avg:142.76ms
step:2055/5100 train_loss:3.7135 train_time:291942ms step_avg:142.76ms
step:2056/5100 train_loss:3.8541 train_time:292086ms step_avg:142.76ms
step:2057/5100 train_loss:3.9245 train_time:292227ms step_avg:142.76ms
step:2058/5100 train_loss:3.8871 train_time:292370ms step_avg:142.76ms
step:2059/5100 train_loss:3.8070 train_time:292513ms step_avg:142.76ms
step:2060/5100 train_loss:4.0379 train_time:292657ms step_avg:142.76ms
step:2061/5100 train_loss:3.8889 train_time:292796ms step_avg:142.76ms
step:2062/5100 train_loss:3.7336 train_time:292939ms step_avg:142.76ms
step:2063/5100 train_loss:3.6781 train_time:293084ms step_avg:142.76ms
step:2064/5100 train_loss:3.8117 train_time:293226ms step_avg:142.76ms
step:2065/5100 train_loss:3.8976 train_time:293367ms step_avg:142.76ms
step:2066/5100 train_loss:3.9947 train_time:293512ms step_avg:142.76ms
step:2067/5100 train_loss:3.9287 train_time:293652ms step_avg:142.76ms
step:2068/5100 train_loss:3.7424 train_time:293795ms step_avg:142.76ms
step:2069/5100 train_loss:3.7833 train_time:293939ms step_avg:142.76ms
step:2070/5100 train_loss:3.7541 train_time:294082ms step_avg:142.76ms
step:2071/5100 train_loss:3.8223 train_time:294227ms step_avg:142.76ms
step:2072/5100 train_loss:3.8644 train_time:294367ms step_avg:142.76ms
step:2073/5100 train_loss:3.8798 train_time:294511ms step_avg:142.76ms
step:2074/5100 train_loss:3.8399 train_time:294656ms step_avg:142.76ms
step:2075/5100 train_loss:3.7402 train_time:294795ms step_avg:142.76ms
step:2076/5100 train_loss:3.6636 train_time:294941ms step_avg:142.76ms
step:2077/5100 train_loss:3.8738 train_time:295082ms step_avg:142.76ms
step:2078/5100 train_loss:3.8565 train_time:295228ms step_avg:142.76ms
step:2079/5100 train_loss:3.8078 train_time:295367ms step_avg:142.76ms
step:2080/5100 train_loss:3.9689 train_time:295511ms step_avg:142.76ms
step:2081/5100 train_loss:3.8054 train_time:295655ms step_avg:142.76ms
step:2082/5100 train_loss:3.7735 train_time:295798ms step_avg:142.76ms
step:2083/5100 train_loss:3.7581 train_time:295942ms step_avg:142.76ms
step:2084/5100 train_loss:3.7586 train_time:296081ms step_avg:142.76ms
step:2085/5100 train_loss:3.8831 train_time:296222ms step_avg:142.76ms
step:2086/5100 train_loss:3.7801 train_time:296362ms step_avg:142.76ms
step:2087/5100 train_loss:3.8396 train_time:296503ms step_avg:142.76ms
step:2088/5100 train_loss:3.6812 train_time:296646ms step_avg:142.76ms
step:2089/5100 train_loss:3.8164 train_time:296791ms step_avg:142.76ms
step:2090/5100 train_loss:3.7915 train_time:296935ms step_avg:142.76ms
step:2091/5100 train_loss:3.8500 train_time:297079ms step_avg:142.76ms
step:2092/5100 train_loss:3.8452 train_time:297227ms step_avg:142.76ms
step:2093/5100 train_loss:3.8589 train_time:297365ms step_avg:142.76ms
step:2094/5100 train_loss:4.0679 train_time:297504ms step_avg:142.76ms
step:2095/5100 train_loss:3.7433 train_time:297649ms step_avg:142.76ms
step:2096/5100 train_loss:3.7658 train_time:297787ms step_avg:142.76ms
step:2097/5100 train_loss:3.6668 train_time:297932ms step_avg:142.76ms
step:2098/5100 train_loss:3.7601 train_time:298071ms step_avg:142.75ms
step:2099/5100 train_loss:3.8039 train_time:298212ms step_avg:142.75ms
step:2100/5100 train_loss:3.8153 train_time:298355ms step_avg:142.75ms
step:2101/5100 train_loss:3.7321 train_time:298499ms step_avg:142.75ms
step:2102/5100 train_loss:3.7571 train_time:298641ms step_avg:142.75ms
step:2103/5100 train_loss:3.7319 train_time:298787ms step_avg:142.76ms
step:2104/5100 train_loss:3.7910 train_time:298934ms step_avg:142.76ms
step:2105/5100 train_loss:3.7241 train_time:299077ms step_avg:142.76ms
step:2106/5100 train_loss:3.8674 train_time:299219ms step_avg:142.76ms
step:2107/5100 train_loss:3.8622 train_time:299358ms step_avg:142.76ms
step:2108/5100 train_loss:3.9737 train_time:299505ms step_avg:142.76ms
step:2109/5100 train_loss:3.7545 train_time:299646ms step_avg:142.76ms
step:2110/5100 train_loss:3.8151 train_time:299790ms step_avg:142.76ms
step:2111/5100 train_loss:3.7842 train_time:299930ms step_avg:142.76ms
step:2112/5100 train_loss:3.7749 train_time:300073ms step_avg:142.76ms
step:2112/5100 val_loss:3.7971 train_time:300080ms step_avg:142.76ms
peak memory consumption: 33054 MiB
