/workspace/modded-nanogpt/exp/best.py:27: SyntaxWarning: invalid escape sequence '\s'
  """
using device: cuda:0
Training DataLoader: total number of tokens: 2600000000 across 26 files
Validation DataLoader: total number of tokens: 100000000 across 1 files
training time budget: 300.0s (5.0 single-GPU min / 1 GPUs)
step:1/5100 train_loss:16.0241 train_time:31779ms step_avg:nanms
step:2/5100 train_loss:8.3597 train_time:51371ms step_avg:nanms
step:3/5100 train_loss:8.6315 train_time:51464ms step_avg:nanms
step:4/5100 train_loss:7.9339 train_time:51558ms step_avg:nanms
step:5/5100 train_loss:7.7274 train_time:51653ms step_avg:nanms
step:6/5100 train_loss:8.3577 train_time:51749ms step_avg:nanms
step:7/5100 train_loss:7.5479 train_time:51842ms step_avg:nanms
step:8/5100 train_loss:7.3755 train_time:51938ms step_avg:nanms
step:9/5100 train_loss:7.2394 train_time:52031ms step_avg:nanms
step:10/5100 train_loss:7.0789 train_time:52125ms step_avg:nanms
step:11/5100 train_loss:6.9036 train_time:86ms step_avg:nanms
step:12/5100 train_loss:6.7277 train_time:178ms step_avg:nanms
step:13/5100 train_loss:6.9547 train_time:273ms step_avg:91.00ms
step:14/5100 train_loss:6.7712 train_time:366ms step_avg:91.45ms
step:15/5100 train_loss:6.6206 train_time:458ms step_avg:91.66ms
step:16/5100 train_loss:6.6626 train_time:552ms step_avg:92.01ms
step:17/5100 train_loss:6.8602 train_time:645ms step_avg:92.21ms
step:18/5100 train_loss:6.7130 train_time:741ms step_avg:92.64ms
step:19/5100 train_loss:6.6321 train_time:832ms step_avg:92.42ms
step:20/5100 train_loss:6.5811 train_time:927ms step_avg:92.67ms
step:21/5100 train_loss:6.4948 train_time:1025ms step_avg:93.21ms
step:22/5100 train_loss:6.6468 train_time:1117ms step_avg:93.06ms
step:23/5100 train_loss:6.6003 train_time:1211ms step_avg:93.19ms
step:24/5100 train_loss:6.6202 train_time:1307ms step_avg:93.37ms
step:25/5100 train_loss:6.6369 train_time:1406ms step_avg:93.72ms
step:26/5100 train_loss:6.4181 train_time:1497ms step_avg:93.53ms
step:27/5100 train_loss:6.3650 train_time:1591ms step_avg:93.60ms
step:28/5100 train_loss:6.5389 train_time:1686ms step_avg:93.69ms
step:29/5100 train_loss:6.3711 train_time:1777ms step_avg:93.53ms
step:30/5100 train_loss:6.3156 train_time:1870ms step_avg:93.50ms
step:31/5100 train_loss:6.2622 train_time:1969ms step_avg:93.76ms
step:32/5100 train_loss:6.5766 train_time:2064ms step_avg:93.84ms
step:33/5100 train_loss:6.5708 train_time:2154ms step_avg:93.66ms
step:34/5100 train_loss:6.3894 train_time:2247ms step_avg:93.65ms
step:35/5100 train_loss:6.5140 train_time:2345ms step_avg:93.80ms
step:36/5100 train_loss:6.3093 train_time:2440ms step_avg:93.86ms
step:37/5100 train_loss:6.4264 train_time:2531ms step_avg:93.75ms
step:38/5100 train_loss:6.2870 train_time:2625ms step_avg:93.77ms
step:39/5100 train_loss:6.1912 train_time:2721ms step_avg:93.83ms
step:40/5100 train_loss:6.2796 train_time:2817ms step_avg:93.90ms
step:41/5100 train_loss:6.2631 train_time:2910ms step_avg:93.86ms
step:42/5100 train_loss:6.1422 train_time:3001ms step_avg:93.78ms
step:43/5100 train_loss:6.2239 train_time:3096ms step_avg:93.82ms
step:44/5100 train_loss:6.0908 train_time:3192ms step_avg:93.87ms
step:45/5100 train_loss:6.1983 train_time:3285ms step_avg:93.86ms
step:46/5100 train_loss:6.1281 train_time:3378ms step_avg:93.84ms
step:47/5100 train_loss:6.1039 train_time:3473ms step_avg:93.86ms
step:48/5100 train_loss:6.2221 train_time:3565ms step_avg:93.82ms
step:49/5100 train_loss:6.3245 train_time:3655ms step_avg:93.72ms
step:50/5100 train_loss:6.4211 train_time:3749ms step_avg:93.72ms
step:51/5100 train_loss:6.1449 train_time:3843ms step_avg:93.72ms
step:52/5100 train_loss:6.1504 train_time:3936ms step_avg:93.71ms
step:53/5100 train_loss:6.3957 train_time:4031ms step_avg:93.75ms
step:54/5100 train_loss:6.2708 train_time:4125ms step_avg:93.75ms
step:55/5100 train_loss:6.1387 train_time:4221ms step_avg:93.80ms
step:56/5100 train_loss:6.0981 train_time:4319ms step_avg:93.88ms
step:57/5100 train_loss:6.1696 train_time:4409ms step_avg:93.82ms
step:58/5100 train_loss:6.1847 train_time:4502ms step_avg:93.80ms
step:59/5100 train_loss:6.0845 train_time:4593ms step_avg:93.74ms
step:60/5100 train_loss:6.0391 train_time:4686ms step_avg:93.71ms
step:61/5100 train_loss:5.9442 train_time:4781ms step_avg:93.74ms
step:62/5100 train_loss:5.7983 train_time:4876ms step_avg:93.77ms
step:63/5100 train_loss:6.0541 train_time:4971ms step_avg:93.79ms
step:64/5100 train_loss:6.1206 train_time:5062ms step_avg:93.75ms
step:65/5100 train_loss:5.9272 train_time:5157ms step_avg:93.76ms
step:66/5100 train_loss:6.1049 train_time:5251ms step_avg:93.78ms
step:67/5100 train_loss:6.0582 train_time:5346ms step_avg:93.79ms
step:68/5100 train_loss:6.0657 train_time:5442ms step_avg:93.83ms
step:69/5100 train_loss:6.1557 train_time:5539ms step_avg:93.88ms
step:70/5100 train_loss:6.1709 train_time:5632ms step_avg:93.86ms
step:71/5100 train_loss:5.9880 train_time:5726ms step_avg:93.87ms
step:72/5100 train_loss:5.8970 train_time:5823ms step_avg:93.92ms
step:73/5100 train_loss:6.5187 train_time:5920ms step_avg:93.96ms
step:74/5100 train_loss:6.0281 train_time:6011ms step_avg:93.93ms
step:75/5100 train_loss:5.8259 train_time:6112ms step_avg:94.04ms
step:76/5100 train_loss:5.9325 train_time:6207ms step_avg:94.05ms
step:77/5100 train_loss:5.8103 train_time:6300ms step_avg:94.03ms
step:78/5100 train_loss:5.9731 train_time:6390ms step_avg:93.98ms
step:79/5100 train_loss:5.8682 train_time:6487ms step_avg:94.02ms
step:80/5100 train_loss:5.9355 train_time:6582ms step_avg:94.03ms
step:81/5100 train_loss:5.8826 train_time:6673ms step_avg:93.99ms
step:82/5100 train_loss:5.9484 train_time:6769ms step_avg:94.01ms
step:83/5100 train_loss:5.8906 train_time:6864ms step_avg:94.03ms
step:84/5100 train_loss:5.9309 train_time:6957ms step_avg:94.02ms
step:85/5100 train_loss:5.8150 train_time:7051ms step_avg:94.01ms
step:86/5100 train_loss:5.9087 train_time:7147ms step_avg:94.05ms
step:87/5100 train_loss:5.8729 train_time:7244ms step_avg:94.07ms
step:88/5100 train_loss:5.7709 train_time:7338ms step_avg:94.08ms
step:89/5100 train_loss:5.9893 train_time:7433ms step_avg:94.08ms
step:90/5100 train_loss:5.8463 train_time:7530ms step_avg:94.12ms
step:91/5100 train_loss:5.8338 train_time:7622ms step_avg:94.10ms
step:92/5100 train_loss:5.8350 train_time:7716ms step_avg:94.10ms
step:93/5100 train_loss:5.8058 train_time:7810ms step_avg:94.10ms
step:94/5100 train_loss:5.7537 train_time:7904ms step_avg:94.09ms
step:95/5100 train_loss:5.9967 train_time:7997ms step_avg:94.08ms
step:96/5100 train_loss:5.8332 train_time:8091ms step_avg:94.09ms
step:97/5100 train_loss:5.7921 train_time:8187ms step_avg:94.11ms
step:98/5100 train_loss:5.7695 train_time:8281ms step_avg:94.10ms
step:99/5100 train_loss:5.7933 train_time:8374ms step_avg:94.09ms
step:100/5100 train_loss:5.9184 train_time:8469ms step_avg:94.10ms
step:101/5100 train_loss:5.8501 train_time:8563ms step_avg:94.10ms
step:102/5100 train_loss:5.7801 train_time:8654ms step_avg:94.07ms
step:103/5100 train_loss:5.6633 train_time:8750ms step_avg:94.09ms
step:104/5100 train_loss:5.8712 train_time:8846ms step_avg:94.11ms
step:105/5100 train_loss:5.7411 train_time:8938ms step_avg:94.09ms
step:106/5100 train_loss:5.7161 train_time:9034ms step_avg:94.11ms
step:107/5100 train_loss:5.7693 train_time:9126ms step_avg:94.09ms
step:108/5100 train_loss:5.5030 train_time:9223ms step_avg:94.11ms
step:109/5100 train_loss:5.8976 train_time:9315ms step_avg:94.09ms
step:110/5100 train_loss:5.6998 train_time:9408ms step_avg:94.08ms
step:111/5100 train_loss:5.4751 train_time:9505ms step_avg:94.11ms
step:112/5100 train_loss:5.6282 train_time:9601ms step_avg:94.13ms
step:113/5100 train_loss:5.7439 train_time:9693ms step_avg:94.11ms
step:114/5100 train_loss:5.6918 train_time:9785ms step_avg:94.09ms
step:115/5100 train_loss:5.7103 train_time:9880ms step_avg:94.10ms
step:116/5100 train_loss:5.6616 train_time:9976ms step_avg:94.12ms
step:117/5100 train_loss:5.7152 train_time:10067ms step_avg:94.09ms
step:118/5100 train_loss:5.6814 train_time:10161ms step_avg:94.08ms
step:119/5100 train_loss:5.6343 train_time:10257ms step_avg:94.10ms
step:120/5100 train_loss:5.8058 train_time:10352ms step_avg:94.11ms
step:121/5100 train_loss:5.6587 train_time:10448ms step_avg:94.12ms
step:122/5100 train_loss:5.6753 train_time:10543ms step_avg:94.13ms
step:123/5100 train_loss:5.6604 train_time:10637ms step_avg:94.13ms
step:124/5100 train_loss:5.5254 train_time:10729ms step_avg:94.11ms
step:125/5100 train_loss:5.4993 train_time:10821ms step_avg:94.10ms
step:126/5100 train_loss:5.4755 train_time:10917ms step_avg:94.11ms
step:127/5100 train_loss:5.4983 train_time:11008ms step_avg:94.09ms
step:128/5100 train_loss:5.7164 train_time:11103ms step_avg:94.09ms
step:129/5100 train_loss:5.5623 train_time:11194ms step_avg:94.06ms
step:130/5100 train_loss:5.7105 train_time:11289ms step_avg:94.07ms
step:131/5100 train_loss:5.5414 train_time:11387ms step_avg:94.11ms
step:132/5100 train_loss:5.4697 train_time:11478ms step_avg:94.08ms
step:133/5100 train_loss:5.5289 train_time:11571ms step_avg:94.08ms
step:134/5100 train_loss:5.4596 train_time:11662ms step_avg:94.05ms
step:135/5100 train_loss:5.7974 train_time:11758ms step_avg:94.07ms
step:136/5100 train_loss:5.6035 train_time:11850ms step_avg:94.05ms
step:137/5100 train_loss:5.6124 train_time:11943ms step_avg:94.04ms
step:138/5100 train_loss:5.5102 train_time:12039ms step_avg:94.06ms
step:139/5100 train_loss:5.5638 train_time:12134ms step_avg:94.06ms
step:140/5100 train_loss:5.5954 train_time:12223ms step_avg:94.02ms
step:141/5100 train_loss:5.7170 train_time:12318ms step_avg:94.03ms
step:142/5100 train_loss:6.0157 train_time:12409ms step_avg:94.01ms
step:143/5100 train_loss:5.4809 train_time:12503ms step_avg:94.00ms
step:144/5100 train_loss:5.5751 train_time:12597ms step_avg:94.00ms
step:145/5100 train_loss:5.6022 train_time:12687ms step_avg:93.98ms
step:146/5100 train_loss:5.5690 train_time:12788ms step_avg:94.03ms
step:147/5100 train_loss:5.6020 train_time:12881ms step_avg:94.02ms
step:148/5100 train_loss:5.6635 train_time:12975ms step_avg:94.02ms
step:149/5100 train_loss:6.0028 train_time:13069ms step_avg:94.02ms
step:150/5100 train_loss:5.4296 train_time:13159ms step_avg:93.99ms
step:151/5100 train_loss:5.6902 train_time:13252ms step_avg:93.99ms
step:152/5100 train_loss:5.4265 train_time:13346ms step_avg:93.99ms
step:153/5100 train_loss:5.6355 train_time:13442ms step_avg:94.00ms
step:154/5100 train_loss:5.2340 train_time:13538ms step_avg:94.01ms
step:155/5100 train_loss:5.3456 train_time:13634ms step_avg:94.03ms
step:156/5100 train_loss:5.4929 train_time:13726ms step_avg:94.01ms
step:157/5100 train_loss:5.4753 train_time:13822ms step_avg:94.03ms
step:158/5100 train_loss:5.6403 train_time:13914ms step_avg:94.02ms
step:159/5100 train_loss:5.4373 train_time:14008ms step_avg:94.01ms
step:160/5100 train_loss:5.4554 train_time:14105ms step_avg:94.03ms
step:161/5100 train_loss:5.5038 train_time:14198ms step_avg:94.03ms
step:162/5100 train_loss:5.5233 train_time:14289ms step_avg:94.01ms
step:163/5100 train_loss:5.4847 train_time:14383ms step_avg:94.01ms
step:164/5100 train_loss:5.4009 train_time:14475ms step_avg:94.00ms
step:165/5100 train_loss:5.3215 train_time:14568ms step_avg:93.99ms
step:166/5100 train_loss:5.5855 train_time:14664ms step_avg:94.00ms
step:167/5100 train_loss:5.3961 train_time:14754ms step_avg:93.97ms
step:168/5100 train_loss:5.5905 train_time:14848ms step_avg:93.97ms
step:169/5100 train_loss:5.4729 train_time:14943ms step_avg:93.98ms
step:170/5100 train_loss:5.6939 train_time:15034ms step_avg:93.96ms
step:171/5100 train_loss:5.6065 train_time:15126ms step_avg:93.95ms
step:172/5100 train_loss:5.4493 train_time:15223ms step_avg:93.97ms
step:173/5100 train_loss:5.6615 train_time:15319ms step_avg:93.98ms
step:174/5100 train_loss:5.2894 train_time:15410ms step_avg:93.97ms
step:175/5100 train_loss:5.3992 train_time:15508ms step_avg:93.99ms
step:176/5100 train_loss:5.6761 train_time:15599ms step_avg:93.97ms
step:177/5100 train_loss:5.3357 train_time:15690ms step_avg:93.95ms
step:178/5100 train_loss:5.4857 train_time:15785ms step_avg:93.96ms
step:179/5100 train_loss:5.4562 train_time:15880ms step_avg:93.97ms
step:180/5100 train_loss:5.4690 train_time:15970ms step_avg:93.94ms
step:181/5100 train_loss:5.3280 train_time:16066ms step_avg:93.95ms
step:182/5100 train_loss:5.3667 train_time:16161ms step_avg:93.96ms
step:183/5100 train_loss:5.4436 train_time:16250ms step_avg:93.93ms
step:184/5100 train_loss:5.2360 train_time:16345ms step_avg:93.93ms
step:185/5100 train_loss:5.1721 train_time:16440ms step_avg:93.94ms
step:186/5100 train_loss:5.6361 train_time:16534ms step_avg:93.94ms
step:187/5100 train_loss:5.3600 train_time:16628ms step_avg:93.95ms
step:188/5100 train_loss:5.3445 train_time:16725ms step_avg:93.96ms
step:189/5100 train_loss:5.3769 train_time:16817ms step_avg:93.95ms
step:190/5100 train_loss:5.4055 train_time:16910ms step_avg:93.94ms
step:191/5100 train_loss:5.3765 train_time:17006ms step_avg:93.96ms
step:192/5100 train_loss:5.1988 train_time:17096ms step_avg:93.93ms
step:193/5100 train_loss:5.4371 train_time:17189ms step_avg:93.93ms
step:194/5100 train_loss:5.3029 train_time:17285ms step_avg:93.94ms
step:195/5100 train_loss:5.3549 train_time:17376ms step_avg:93.93ms
step:196/5100 train_loss:5.1249 train_time:17469ms step_avg:93.92ms
step:197/5100 train_loss:5.3589 train_time:17564ms step_avg:93.92ms
step:198/5100 train_loss:5.1962 train_time:17655ms step_avg:93.91ms
step:199/5100 train_loss:5.2590 train_time:17746ms step_avg:93.90ms
step:200/5100 train_loss:5.3220 train_time:17842ms step_avg:93.91ms
step:201/5100 train_loss:5.4772 train_time:17937ms step_avg:93.91ms
step:202/5100 train_loss:5.2317 train_time:18033ms step_avg:93.92ms
step:203/5100 train_loss:5.5282 train_time:18124ms step_avg:93.90ms
step:204/5100 train_loss:5.2569 train_time:18217ms step_avg:93.90ms
step:205/5100 train_loss:5.3154 train_time:18314ms step_avg:93.92ms
step:206/5100 train_loss:5.3026 train_time:18404ms step_avg:93.90ms
step:207/5100 train_loss:5.1642 train_time:18497ms step_avg:93.89ms
step:208/5100 train_loss:5.2404 train_time:18588ms step_avg:93.88ms
step:209/5100 train_loss:5.5202 train_time:18680ms step_avg:93.87ms
step:210/5100 train_loss:5.3957 train_time:18775ms step_avg:93.87ms
step:211/5100 train_loss:5.1806 train_time:18867ms step_avg:93.86ms
step:212/5100 train_loss:5.2635 train_time:18959ms step_avg:93.86ms
step:213/5100 train_loss:5.4258 train_time:19053ms step_avg:93.86ms
step:214/5100 train_loss:5.2789 train_time:19148ms step_avg:93.87ms
step:215/5100 train_loss:5.2412 train_time:19238ms step_avg:93.84ms
step:216/5100 train_loss:5.3845 train_time:19333ms step_avg:93.85ms
step:217/5100 train_loss:5.2041 train_time:19440ms step_avg:93.91ms
step:218/5100 train_loss:5.0403 train_time:19535ms step_avg:93.92ms
step:219/5100 train_loss:5.2286 train_time:19630ms step_avg:93.92ms
step:220/5100 train_loss:5.1005 train_time:19725ms step_avg:93.93ms
step:221/5100 train_loss:5.0450 train_time:19816ms step_avg:93.92ms
step:222/5100 train_loss:5.2217 train_time:19910ms step_avg:93.91ms
step:223/5100 train_loss:5.2753 train_time:20002ms step_avg:93.90ms
step:224/5100 train_loss:5.2205 train_time:20091ms step_avg:93.89ms
step:225/5100 train_loss:5.1891 train_time:20187ms step_avg:93.89ms
step:226/5100 train_loss:5.3098 train_time:20280ms step_avg:93.89ms
step:227/5100 train_loss:5.1529 train_time:20370ms step_avg:93.87ms
step:228/5100 train_loss:5.2539 train_time:20465ms step_avg:93.88ms
step:229/5100 train_loss:5.3369 train_time:20560ms step_avg:93.88ms
step:230/5100 train_loss:5.3333 train_time:20653ms step_avg:93.88ms
step:231/5100 train_loss:5.3997 train_time:20748ms step_avg:93.88ms
step:232/5100 train_loss:5.2380 train_time:20839ms step_avg:93.87ms
step:233/5100 train_loss:5.1317 train_time:20931ms step_avg:93.86ms
step:234/5100 train_loss:5.1262 train_time:21028ms step_avg:93.88ms
step:235/5100 train_loss:5.0645 train_time:21128ms step_avg:93.90ms
step:236/5100 train_loss:5.2253 train_time:21224ms step_avg:93.91ms
step:237/5100 train_loss:5.0781 train_time:21315ms step_avg:93.90ms
step:238/5100 train_loss:5.3262 train_time:21410ms step_avg:93.90ms
step:239/5100 train_loss:5.2208 train_time:21506ms step_avg:93.91ms
step:240/5100 train_loss:5.1333 train_time:21603ms step_avg:93.93ms
step:241/5100 train_loss:5.3821 train_time:21696ms step_avg:93.92ms
step:242/5100 train_loss:5.1051 train_time:21786ms step_avg:93.91ms
step:243/5100 train_loss:5.2159 train_time:21880ms step_avg:93.91ms
step:244/5100 train_loss:5.1033 train_time:21973ms step_avg:93.90ms
step:245/5100 train_loss:5.1843 train_time:22068ms step_avg:93.91ms
step:246/5100 train_loss:5.6680 train_time:22161ms step_avg:93.90ms
step:247/5100 train_loss:5.3190 train_time:22252ms step_avg:93.89ms
step:248/5100 train_loss:5.1456 train_time:22348ms step_avg:93.90ms
step:249/5100 train_loss:5.0719 train_time:22445ms step_avg:93.91ms
step:250/5100 train_loss:4.9648 train_time:22542ms step_avg:93.92ms
step:251/5100 train_loss:4.9522 train_time:22637ms step_avg:93.93ms
step:252/5100 train_loss:5.1198 train_time:22733ms step_avg:93.94ms
step:253/5100 train_loss:5.0513 train_time:22827ms step_avg:93.94ms
step:254/5100 train_loss:5.1754 train_time:22922ms step_avg:93.94ms
step:255/5100 train_loss:5.1421 train_time:23014ms step_avg:93.93ms
step:256/5100 train_loss:5.2291 train_time:23106ms step_avg:93.93ms
step:257/5100 train_loss:5.1735 train_time:23198ms step_avg:93.92ms
step:258/5100 train_loss:5.2678 train_time:23294ms step_avg:93.93ms
step:259/5100 train_loss:5.0900 train_time:23390ms step_avg:93.94ms
step:260/5100 train_loss:5.1404 train_time:23481ms step_avg:93.93ms
step:261/5100 train_loss:5.0413 train_time:23574ms step_avg:93.92ms
step:262/5100 train_loss:5.0205 train_time:23667ms step_avg:93.92ms
step:263/5100 train_loss:5.1446 train_time:23759ms step_avg:93.91ms
step:264/5100 train_loss:5.1397 train_time:23851ms step_avg:93.90ms
step:265/5100 train_loss:5.0596 train_time:23946ms step_avg:93.90ms
step:266/5100 train_loss:5.1718 train_time:24035ms step_avg:93.89ms
step:267/5100 train_loss:5.1036 train_time:24131ms step_avg:93.90ms
step:268/5100 train_loss:5.1492 train_time:24227ms step_avg:93.90ms
step:269/5100 train_loss:5.0178 train_time:24322ms step_avg:93.91ms
step:270/5100 train_loss:5.0579 train_time:24414ms step_avg:93.90ms
step:271/5100 train_loss:5.1785 train_time:24510ms step_avg:93.91ms
step:272/5100 train_loss:5.0786 train_time:24605ms step_avg:93.91ms
step:273/5100 train_loss:5.1256 train_time:24697ms step_avg:93.91ms
step:274/5100 train_loss:5.2638 train_time:24790ms step_avg:93.90ms
step:275/5100 train_loss:5.2218 train_time:24885ms step_avg:93.91ms
step:276/5100 train_loss:5.1674 train_time:24981ms step_avg:93.91ms
step:277/5100 train_loss:5.1668 train_time:25076ms step_avg:93.92ms
step:278/5100 train_loss:5.2875 train_time:25166ms step_avg:93.90ms
step:279/5100 train_loss:5.1837 train_time:25262ms step_avg:93.91ms
step:280/5100 train_loss:5.0225 train_time:25356ms step_avg:93.91ms
step:281/5100 train_loss:4.9761 train_time:25451ms step_avg:93.92ms
step:282/5100 train_loss:5.2381 train_time:25544ms step_avg:93.91ms
step:283/5100 train_loss:4.9915 train_time:25641ms step_avg:93.92ms
step:284/5100 train_loss:4.8859 train_time:25738ms step_avg:93.93ms
step:285/5100 train_loss:5.0420 train_time:25832ms step_avg:93.93ms
step:286/5100 train_loss:5.1641 train_time:25927ms step_avg:93.94ms
step:287/5100 train_loss:5.0485 train_time:26018ms step_avg:93.93ms
step:288/5100 train_loss:5.0579 train_time:26111ms step_avg:93.92ms
step:289/5100 train_loss:5.0534 train_time:26206ms step_avg:93.93ms
step:290/5100 train_loss:5.1584 train_time:26300ms step_avg:93.93ms
step:291/5100 train_loss:5.2552 train_time:26390ms step_avg:93.91ms
step:292/5100 train_loss:5.0348 train_time:26485ms step_avg:93.92ms
step:293/5100 train_loss:5.3789 train_time:26580ms step_avg:93.92ms
step:294/5100 train_loss:5.2041 train_time:26668ms step_avg:93.90ms
step:295/5100 train_loss:4.9463 train_time:26763ms step_avg:93.91ms
step:296/5100 train_loss:4.7995 train_time:26854ms step_avg:93.89ms
step:297/5100 train_loss:4.9947 train_time:26944ms step_avg:93.88ms
step:298/5100 train_loss:5.0043 train_time:27037ms step_avg:93.88ms
step:299/5100 train_loss:5.0048 train_time:27135ms step_avg:93.89ms
step:300/5100 train_loss:4.9692 train_time:27229ms step_avg:93.89ms
step:301/5100 train_loss:5.0070 train_time:27321ms step_avg:93.89ms
step:302/5100 train_loss:5.0408 train_time:27417ms step_avg:93.89ms
step:303/5100 train_loss:5.0569 train_time:27510ms step_avg:93.89ms
step:304/5100 train_loss:5.1117 train_time:27601ms step_avg:93.88ms
step:305/5100 train_loss:5.0977 train_time:27695ms step_avg:93.88ms
step:306/5100 train_loss:5.0221 train_time:27790ms step_avg:93.88ms
step:307/5100 train_loss:5.0353 train_time:27880ms step_avg:93.87ms
step:308/5100 train_loss:5.0067 train_time:27971ms step_avg:93.86ms
step:309/5100 train_loss:4.9159 train_time:28066ms step_avg:93.87ms
step:310/5100 train_loss:5.1310 train_time:28159ms step_avg:93.86ms
step:311/5100 train_loss:5.1055 train_time:28250ms step_avg:93.85ms
step:312/5100 train_loss:5.0947 train_time:28345ms step_avg:93.86ms
step:313/5100 train_loss:5.2483 train_time:28439ms step_avg:93.86ms
step:314/5100 train_loss:4.9324 train_time:28535ms step_avg:93.86ms
step:315/5100 train_loss:4.9621 train_time:28627ms step_avg:93.86ms
step:316/5100 train_loss:4.8729 train_time:28721ms step_avg:93.86ms
step:317/5100 train_loss:4.9077 train_time:28816ms step_avg:93.86ms
step:318/5100 train_loss:4.9049 train_time:28910ms step_avg:93.86ms
step:319/5100 train_loss:4.9733 train_time:29005ms step_avg:93.87ms
step:320/5100 train_loss:5.0109 train_time:29100ms step_avg:93.87ms
step:321/5100 train_loss:5.0632 train_time:29191ms step_avg:93.86ms
step:322/5100 train_loss:4.9194 train_time:29285ms step_avg:93.86ms
step:323/5100 train_loss:4.9927 train_time:29376ms step_avg:93.85ms
step:324/5100 train_loss:4.9383 train_time:29469ms step_avg:93.85ms
step:325/5100 train_loss:5.0120 train_time:29559ms step_avg:93.84ms
step:326/5100 train_loss:5.0759 train_time:29650ms step_avg:93.83ms
step:327/5100 train_loss:5.0528 train_time:29746ms step_avg:93.84ms
step:328/5100 train_loss:4.9054 train_time:29841ms step_avg:93.84ms
step:329/5100 train_loss:5.0556 train_time:29931ms step_avg:93.83ms
step:330/5100 train_loss:4.8759 train_time:30027ms step_avg:93.83ms
step:331/5100 train_loss:4.8940 train_time:30119ms step_avg:93.83ms
step:332/5100 train_loss:4.7849 train_time:30215ms step_avg:93.84ms
step:333/5100 train_loss:5.0176 train_time:30310ms step_avg:93.84ms
step:334/5100 train_loss:4.9663 train_time:30409ms step_avg:93.85ms
step:335/5100 train_loss:4.9621 train_time:30496ms step_avg:93.83ms
step:336/5100 train_loss:5.0602 train_time:30590ms step_avg:93.83ms
step:337/5100 train_loss:4.9126 train_time:30687ms step_avg:93.84ms
step:338/5100 train_loss:4.9580 train_time:30776ms step_avg:93.83ms
step:339/5100 train_loss:5.0491 train_time:30869ms step_avg:93.83ms
step:340/5100 train_loss:5.2011 train_time:30962ms step_avg:93.83ms
step:341/5100 train_loss:5.1459 train_time:31052ms step_avg:93.81ms
step:342/5100 train_loss:4.9526 train_time:31148ms step_avg:93.82ms
step:343/5100 train_loss:4.7927 train_time:31240ms step_avg:93.81ms
step:344/5100 train_loss:4.9565 train_time:31330ms step_avg:93.80ms
step:345/5100 train_loss:4.8574 train_time:31426ms step_avg:93.81ms
step:346/5100 train_loss:4.9006 train_time:31520ms step_avg:93.81ms
step:347/5100 train_loss:4.9469 train_time:31611ms step_avg:93.80ms
step:348/5100 train_loss:4.9207 train_time:31706ms step_avg:93.81ms
step:349/5100 train_loss:4.8760 train_time:31800ms step_avg:93.81ms
step:350/5100 train_loss:4.8709 train_time:31895ms step_avg:93.81ms
step:351/5100 train_loss:4.8894 train_time:31989ms step_avg:93.81ms
step:352/5100 train_loss:4.8369 train_time:32084ms step_avg:93.81ms
step:353/5100 train_loss:4.8441 train_time:32181ms step_avg:93.82ms
step:354/5100 train_loss:5.0441 train_time:32273ms step_avg:93.82ms
step:355/5100 train_loss:4.8844 train_time:32364ms step_avg:93.81ms
step:356/5100 train_loss:4.9488 train_time:32455ms step_avg:93.80ms
step:357/5100 train_loss:4.8350 train_time:32550ms step_avg:93.80ms
step:358/5100 train_loss:4.7516 train_time:32641ms step_avg:93.80ms
step:359/5100 train_loss:4.8405 train_time:32734ms step_avg:93.79ms
step:360/5100 train_loss:4.8232 train_time:32831ms step_avg:93.80ms
step:361/5100 train_loss:4.7765 train_time:32928ms step_avg:93.81ms
step:362/5100 train_loss:4.8294 train_time:33025ms step_avg:93.82ms
step:363/5100 train_loss:4.9426 train_time:33114ms step_avg:93.81ms
step:364/5100 train_loss:4.9368 train_time:33213ms step_avg:93.82ms
step:365/5100 train_loss:4.8830 train_time:33303ms step_avg:93.81ms
step:366/5100 train_loss:4.8387 train_time:33394ms step_avg:93.80ms
step:367/5100 train_loss:4.9240 train_time:33489ms step_avg:93.81ms
step:368/5100 train_loss:4.9581 train_time:33585ms step_avg:93.81ms
step:369/5100 train_loss:4.8555 train_time:33675ms step_avg:93.80ms
step:370/5100 train_loss:4.7516 train_time:33769ms step_avg:93.80ms
step:371/5100 train_loss:4.8843 train_time:33860ms step_avg:93.80ms
step:372/5100 train_loss:4.9551 train_time:33951ms step_avg:93.79ms
step:373/5100 train_loss:4.7843 train_time:34046ms step_avg:93.79ms
step:374/5100 train_loss:4.7336 train_time:34143ms step_avg:93.80ms
step:375/5100 train_loss:4.9214 train_time:34233ms step_avg:93.79ms
step:376/5100 train_loss:4.8691 train_time:34328ms step_avg:93.79ms
step:377/5100 train_loss:4.9345 train_time:34425ms step_avg:93.80ms
step:378/5100 train_loss:4.8633 train_time:34519ms step_avg:93.80ms
step:379/5100 train_loss:4.8969 train_time:34611ms step_avg:93.80ms
step:380/5100 train_loss:4.8829 train_time:34703ms step_avg:93.79ms
step:381/5100 train_loss:4.8859 train_time:34795ms step_avg:93.79ms
step:382/5100 train_loss:4.8816 train_time:34888ms step_avg:93.78ms
step:383/5100 train_loss:4.8721 train_time:34982ms step_avg:93.78ms
step:384/5100 train_loss:4.7942 train_time:35076ms step_avg:93.79ms
step:385/5100 train_loss:4.6820 train_time:35169ms step_avg:93.79ms
step:386/5100 train_loss:4.8113 train_time:35265ms step_avg:93.79ms
step:387/5100 train_loss:4.8233 train_time:35355ms step_avg:93.78ms
step:388/5100 train_loss:4.8364 train_time:35448ms step_avg:93.78ms
step:389/5100 train_loss:4.7964 train_time:35540ms step_avg:93.77ms
step:390/5100 train_loss:4.6901 train_time:35632ms step_avg:93.77ms
step:391/5100 train_loss:4.8042 train_time:35726ms step_avg:93.77ms
step:392/5100 train_loss:4.7174 train_time:35818ms step_avg:93.76ms
step:393/5100 train_loss:4.7362 train_time:35910ms step_avg:93.76ms
step:394/5100 train_loss:4.8916 train_time:36005ms step_avg:93.76ms
step:395/5100 train_loss:4.8190 train_time:36098ms step_avg:93.76ms
step:396/5100 train_loss:4.8587 train_time:36188ms step_avg:93.75ms
step:397/5100 train_loss:4.7386 train_time:36282ms step_avg:93.75ms
step:398/5100 train_loss:4.7476 train_time:36376ms step_avg:93.75ms
step:399/5100 train_loss:4.8329 train_time:36467ms step_avg:93.75ms
step:400/5100 train_loss:4.8189 train_time:36559ms step_avg:93.74ms
step:401/5100 train_loss:4.7800 train_time:36653ms step_avg:93.74ms
step:402/5100 train_loss:4.7815 train_time:36746ms step_avg:93.74ms
step:403/5100 train_loss:4.9668 train_time:36837ms step_avg:93.73ms
step:404/5100 train_loss:4.5535 train_time:36932ms step_avg:93.74ms
step:405/5100 train_loss:4.7172 train_time:37025ms step_avg:93.73ms
step:406/5100 train_loss:4.6245 train_time:37118ms step_avg:93.73ms
step:407/5100 train_loss:4.5168 train_time:37209ms step_avg:93.73ms
step:408/5100 train_loss:4.7853 train_time:37304ms step_avg:93.73ms
step:409/5100 train_loss:4.6615 train_time:37398ms step_avg:93.73ms
step:410/5100 train_loss:4.6562 train_time:37491ms step_avg:93.73ms
step:411/5100 train_loss:4.8285 train_time:37581ms step_avg:93.72ms
step:412/5100 train_loss:4.8264 train_time:37674ms step_avg:93.72ms
step:413/5100 train_loss:4.6791 train_time:37768ms step_avg:93.72ms
step:414/5100 train_loss:4.8614 train_time:37860ms step_avg:93.71ms
step:415/5100 train_loss:5.0218 train_time:37949ms step_avg:93.70ms
step:416/5100 train_loss:4.7697 train_time:38044ms step_avg:93.70ms
step:417/5100 train_loss:4.6999 train_time:38138ms step_avg:93.71ms
step:418/5100 train_loss:4.8737 train_time:38232ms step_avg:93.71ms
step:419/5100 train_loss:4.7453 train_time:38326ms step_avg:93.71ms
step:420/5100 train_loss:4.7770 train_time:38423ms step_avg:93.71ms
step:421/5100 train_loss:4.7390 train_time:38514ms step_avg:93.71ms
step:422/5100 train_loss:4.6712 train_time:38607ms step_avg:93.71ms
step:423/5100 train_loss:4.7064 train_time:38697ms step_avg:93.70ms
step:424/5100 train_loss:4.8758 train_time:38791ms step_avg:93.70ms
step:425/5100 train_loss:4.5582 train_time:38882ms step_avg:93.69ms
step:426/5100 train_loss:4.6338 train_time:38976ms step_avg:93.69ms
step:427/5100 train_loss:4.7657 train_time:39066ms step_avg:93.68ms
step:428/5100 train_loss:4.6976 train_time:39157ms step_avg:93.68ms
step:429/5100 train_loss:4.8058 train_time:39251ms step_avg:93.68ms
step:430/5100 train_loss:4.7135 train_time:39346ms step_avg:93.68ms
step:431/5100 train_loss:4.7379 train_time:39436ms step_avg:93.67ms
step:432/5100 train_loss:4.6446 train_time:39530ms step_avg:93.67ms
step:433/5100 train_loss:4.7568 train_time:39624ms step_avg:93.67ms
step:434/5100 train_loss:5.0062 train_time:39719ms step_avg:93.68ms
step:435/5100 train_loss:4.6517 train_time:39810ms step_avg:93.67ms
step:436/5100 train_loss:4.7287 train_time:39905ms step_avg:93.67ms
step:437/5100 train_loss:4.5455 train_time:39995ms step_avg:93.67ms
step:438/5100 train_loss:4.6368 train_time:40086ms step_avg:93.66ms
step:439/5100 train_loss:4.6949 train_time:40185ms step_avg:93.67ms
step:440/5100 train_loss:4.6413 train_time:40275ms step_avg:93.66ms
step:441/5100 train_loss:4.5968 train_time:40366ms step_avg:93.66ms
step:442/5100 train_loss:4.6030 train_time:40460ms step_avg:93.66ms
step:443/5100 train_loss:4.7636 train_time:40553ms step_avg:93.65ms
step:444/5100 train_loss:4.6920 train_time:40645ms step_avg:93.65ms
step:445/5100 train_loss:4.7209 train_time:40737ms step_avg:93.65ms
step:446/5100 train_loss:4.6739 train_time:40831ms step_avg:93.65ms
step:447/5100 train_loss:4.6578 train_time:40923ms step_avg:93.64ms
step:448/5100 train_loss:4.7156 train_time:41018ms step_avg:93.65ms
step:449/5100 train_loss:4.6941 train_time:41112ms step_avg:93.65ms
step:450/5100 train_loss:4.4972 train_time:41206ms step_avg:93.65ms
step:451/5100 train_loss:4.5549 train_time:41301ms step_avg:93.65ms
step:452/5100 train_loss:4.7995 train_time:41398ms step_avg:93.66ms
step:453/5100 train_loss:4.5535 train_time:41489ms step_avg:93.65ms
step:454/5100 train_loss:4.6784 train_time:41583ms step_avg:93.65ms
step:455/5100 train_loss:4.6023 train_time:41677ms step_avg:93.66ms
step:456/5100 train_loss:4.6784 train_time:41771ms step_avg:93.66ms
step:457/5100 train_loss:4.7190 train_time:41862ms step_avg:93.65ms
step:458/5100 train_loss:4.5867 train_time:41952ms step_avg:93.64ms
step:459/5100 train_loss:4.6627 train_time:42047ms step_avg:93.65ms
step:460/5100 train_loss:4.7239 train_time:42143ms step_avg:93.65ms
step:461/5100 train_loss:4.6820 train_time:42235ms step_avg:93.65ms
step:462/5100 train_loss:4.6918 train_time:42329ms step_avg:93.65ms
step:463/5100 train_loss:4.7974 train_time:42425ms step_avg:93.65ms
step:464/5100 train_loss:4.5095 train_time:42518ms step_avg:93.65ms
step:465/5100 train_loss:4.5543 train_time:42610ms step_avg:93.65ms
step:466/5100 train_loss:4.5898 train_time:42705ms step_avg:93.65ms
step:467/5100 train_loss:4.6730 train_time:42807ms step_avg:93.67ms
step:468/5100 train_loss:4.6502 train_time:42902ms step_avg:93.67ms
step:469/5100 train_loss:4.5335 train_time:42993ms step_avg:93.67ms
step:470/5100 train_loss:4.6272 train_time:43086ms step_avg:93.67ms
step:471/5100 train_loss:4.5568 train_time:43184ms step_avg:93.67ms
step:472/5100 train_loss:4.6927 train_time:43278ms step_avg:93.67ms
step:473/5100 train_loss:4.5740 train_time:43368ms step_avg:93.67ms
step:474/5100 train_loss:4.7281 train_time:43462ms step_avg:93.67ms
step:475/5100 train_loss:4.6779 train_time:43556ms step_avg:93.67ms
step:476/5100 train_loss:4.6647 train_time:43648ms step_avg:93.67ms
step:477/5100 train_loss:4.6378 train_time:43741ms step_avg:93.66ms
step:478/5100 train_loss:4.5875 train_time:43837ms step_avg:93.67ms
step:479/5100 train_loss:4.6979 train_time:43933ms step_avg:93.67ms
step:480/5100 train_loss:4.6412 train_time:44028ms step_avg:93.68ms
step:481/5100 train_loss:4.4279 train_time:44123ms step_avg:93.68ms
step:482/5100 train_loss:4.4957 train_time:44219ms step_avg:93.68ms
step:483/5100 train_loss:4.5949 train_time:44315ms step_avg:93.69ms
step:484/5100 train_loss:4.5596 train_time:44409ms step_avg:93.69ms
step:485/5100 train_loss:4.6664 train_time:44506ms step_avg:93.70ms
step:486/5100 train_loss:4.6652 train_time:44602ms step_avg:93.70ms
step:487/5100 train_loss:4.8062 train_time:44698ms step_avg:93.71ms
step:488/5100 train_loss:4.5588 train_time:44791ms step_avg:93.70ms
step:489/5100 train_loss:4.5716 train_time:44886ms step_avg:93.71ms
step:490/5100 train_loss:4.6391 train_time:44977ms step_avg:93.70ms
step:491/5100 train_loss:4.6385 train_time:45069ms step_avg:93.70ms
step:492/5100 train_loss:4.5810 train_time:45165ms step_avg:93.70ms
step:493/5100 train_loss:4.5533 train_time:45255ms step_avg:93.70ms
step:494/5100 train_loss:4.6772 train_time:45348ms step_avg:93.69ms
step:495/5100 train_loss:4.4324 train_time:45441ms step_avg:93.69ms
step:496/5100 train_loss:4.8196 train_time:45532ms step_avg:93.69ms
step:497/5100 train_loss:4.6147 train_time:45625ms step_avg:93.69ms
step:498/5100 train_loss:4.6304 train_time:45723ms step_avg:93.69ms
step:499/5100 train_loss:4.4691 train_time:45821ms step_avg:93.70ms
step:500/5100 train_loss:4.5005 train_time:45913ms step_avg:93.70ms
step:501/5100 train_loss:4.6934 train_time:46006ms step_avg:93.70ms
step:502/5100 train_loss:4.6314 train_time:46103ms step_avg:93.71ms
step:503/5100 train_loss:4.7128 train_time:46197ms step_avg:93.71ms
step:504/5100 train_loss:4.5818 train_time:46288ms step_avg:93.70ms
step:505/5100 train_loss:4.5831 train_time:46384ms step_avg:93.70ms
step:506/5100 train_loss:4.3835 train_time:46474ms step_avg:93.70ms
step:507/5100 train_loss:4.5464 train_time:46570ms step_avg:93.70ms
step:508/5100 train_loss:4.6180 train_time:46663ms step_avg:93.70ms
step:509/5100 train_loss:4.4549 train_time:46752ms step_avg:93.69ms
step:510/5100 train_loss:4.6022 train_time:46847ms step_avg:93.69ms
step:511/5100 train_loss:4.7798 train_time:46943ms step_avg:93.70ms
step:512/5100 train_loss:4.7775 train_time:47036ms step_avg:93.70ms
step:513/5100 train_loss:4.6975 train_time:47128ms step_avg:93.69ms
step:514/5100 train_loss:4.4537 train_time:47222ms step_avg:93.69ms
step:515/5100 train_loss:4.5388 train_time:47313ms step_avg:93.69ms
step:516/5100 train_loss:4.6156 train_time:47409ms step_avg:93.69ms
step:517/5100 train_loss:4.6583 train_time:47505ms step_avg:93.70ms
step:518/5100 train_loss:4.4452 train_time:47597ms step_avg:93.70ms
step:519/5100 train_loss:4.4723 train_time:47690ms step_avg:93.69ms
step:520/5100 train_loss:4.5963 train_time:47786ms step_avg:93.70ms
step:521/5100 train_loss:4.6008 train_time:47877ms step_avg:93.69ms
step:522/5100 train_loss:4.5513 train_time:47968ms step_avg:93.69ms
step:523/5100 train_loss:4.6649 train_time:48065ms step_avg:93.69ms
step:524/5100 train_loss:4.5934 train_time:48160ms step_avg:93.70ms
step:525/5100 train_loss:4.5739 train_time:48252ms step_avg:93.69ms
step:526/5100 train_loss:4.5584 train_time:48345ms step_avg:93.69ms
step:527/5100 train_loss:4.5082 train_time:48441ms step_avg:93.70ms
step:528/5100 train_loss:4.7744 train_time:48535ms step_avg:93.70ms
step:529/5100 train_loss:4.7085 train_time:48630ms step_avg:93.70ms
step:530/5100 train_loss:4.4974 train_time:48721ms step_avg:93.69ms
step:531/5100 train_loss:4.5467 train_time:48817ms step_avg:93.70ms
step:532/5100 train_loss:4.5498 train_time:48912ms step_avg:93.70ms
step:533/5100 train_loss:4.5184 train_time:49008ms step_avg:93.70ms
step:534/5100 train_loss:4.5701 train_time:49100ms step_avg:93.70ms
step:535/5100 train_loss:4.4282 train_time:49195ms step_avg:93.71ms
step:536/5100 train_loss:4.5274 train_time:49288ms step_avg:93.70ms
step:537/5100 train_loss:4.7952 train_time:49380ms step_avg:93.70ms
step:538/5100 train_loss:4.7526 train_time:49473ms step_avg:93.70ms
step:539/5100 train_loss:4.6373 train_time:49569ms step_avg:93.70ms
step:540/5100 train_loss:4.6824 train_time:49659ms step_avg:93.70ms
step:541/5100 train_loss:4.5844 train_time:49753ms step_avg:93.70ms
step:542/5100 train_loss:4.6150 train_time:49850ms step_avg:93.70ms
step:543/5100 train_loss:4.6251 train_time:49943ms step_avg:93.70ms
step:544/5100 train_loss:4.7201 train_time:50035ms step_avg:93.70ms
step:545/5100 train_loss:4.6888 train_time:50131ms step_avg:93.70ms
step:546/5100 train_loss:4.4094 train_time:50228ms step_avg:93.71ms
step:547/5100 train_loss:4.4919 train_time:50322ms step_avg:93.71ms
step:548/5100 train_loss:4.5400 train_time:50418ms step_avg:93.71ms
step:549/5100 train_loss:4.5301 train_time:50513ms step_avg:93.72ms
step:550/5100 train_loss:4.5326 train_time:50607ms step_avg:93.72ms
step:551/5100 train_loss:4.5224 train_time:50702ms step_avg:93.72ms
step:552/5100 train_loss:4.5574 train_time:50798ms step_avg:93.72ms
step:553/5100 train_loss:4.5777 train_time:50892ms step_avg:93.72ms
step:554/5100 train_loss:4.5037 train_time:50986ms step_avg:93.72ms
step:555/5100 train_loss:4.5188 train_time:51080ms step_avg:93.73ms
step:556/5100 train_loss:4.5922 train_time:51170ms step_avg:93.72ms
step:557/5100 train_loss:4.5995 train_time:51264ms step_avg:93.72ms
step:558/5100 train_loss:4.4953 train_time:51358ms step_avg:93.72ms
step:559/5100 train_loss:4.5612 train_time:51453ms step_avg:93.72ms
step:560/5100 train_loss:4.5884 train_time:51545ms step_avg:93.72ms
step:561/5100 train_loss:4.4648 train_time:51639ms step_avg:93.72ms
step:562/5100 train_loss:4.5949 train_time:51736ms step_avg:93.73ms
step:563/5100 train_loss:4.5071 train_time:51829ms step_avg:93.72ms
step:564/5100 train_loss:4.4996 train_time:51922ms step_avg:93.72ms
step:565/5100 train_loss:4.4391 train_time:52017ms step_avg:93.73ms
step:566/5100 train_loss:4.4691 train_time:52113ms step_avg:93.73ms
step:567/5100 train_loss:4.5630 train_time:52206ms step_avg:93.73ms
step:568/5100 train_loss:4.6361 train_time:52300ms step_avg:93.73ms
step:569/5100 train_loss:4.5262 train_time:52395ms step_avg:93.73ms
step:570/5100 train_loss:4.5278 train_time:52487ms step_avg:93.73ms
step:571/5100 train_loss:4.5522 train_time:52581ms step_avg:93.73ms
step:572/5100 train_loss:4.5553 train_time:52675ms step_avg:93.73ms
step:573/5100 train_loss:4.5124 train_time:52770ms step_avg:93.73ms
step:574/5100 train_loss:4.5541 train_time:52860ms step_avg:93.72ms
step:575/5100 train_loss:4.5571 train_time:52955ms step_avg:93.72ms
step:576/5100 train_loss:4.5354 train_time:53050ms step_avg:93.73ms
step:577/5100 train_loss:4.7106 train_time:53143ms step_avg:93.73ms
step:578/5100 train_loss:4.4171 train_time:53236ms step_avg:93.73ms
step:579/5100 train_loss:4.4118 train_time:53332ms step_avg:93.73ms
step:580/5100 train_loss:4.6745 train_time:53430ms step_avg:93.74ms
step:581/5100 train_loss:4.5310 train_time:53522ms step_avg:93.73ms
step:582/5100 train_loss:4.4649 train_time:53616ms step_avg:93.74ms
step:583/5100 train_loss:4.4239 train_time:53711ms step_avg:93.74ms
step:584/5100 train_loss:4.5887 train_time:53807ms step_avg:93.74ms
step:585/5100 train_loss:4.5692 train_time:53903ms step_avg:93.74ms
step:586/5100 train_loss:4.5785 train_time:53999ms step_avg:93.75ms
step:587/5100 train_loss:4.5423 train_time:54091ms step_avg:93.74ms
step:588/5100 train_loss:4.4355 train_time:54187ms step_avg:93.75ms
step:589/5100 train_loss:4.5159 train_time:54283ms step_avg:93.75ms
step:590/5100 train_loss:4.4194 train_time:54376ms step_avg:93.75ms
step:591/5100 train_loss:4.7834 train_time:54466ms step_avg:93.75ms
step:592/5100 train_loss:4.6512 train_time:54561ms step_avg:93.75ms
step:593/5100 train_loss:4.5960 train_time:54653ms step_avg:93.74ms
step:594/5100 train_loss:4.4258 train_time:54748ms step_avg:93.75ms
step:595/5100 train_loss:4.5797 train_time:54841ms step_avg:93.75ms
step:596/5100 train_loss:4.4242 train_time:54935ms step_avg:93.75ms
step:597/5100 train_loss:4.5577 train_time:55031ms step_avg:93.75ms
step:598/5100 train_loss:4.4114 train_time:55125ms step_avg:93.75ms
step:599/5100 train_loss:4.4063 train_time:55215ms step_avg:93.74ms
step:600/5100 train_loss:4.4827 train_time:55311ms step_avg:93.75ms
step:601/5100 train_loss:4.6231 train_time:55405ms step_avg:93.75ms
step:602/5100 train_loss:4.4834 train_time:55494ms step_avg:93.74ms
step:603/5100 train_loss:4.5308 train_time:55589ms step_avg:93.74ms
step:604/5100 train_loss:4.4085 train_time:55685ms step_avg:93.75ms
step:605/5100 train_loss:4.3254 train_time:55780ms step_avg:93.75ms
step:606/5100 train_loss:4.3844 train_time:55872ms step_avg:93.75ms
step:607/5100 train_loss:4.4635 train_time:55963ms step_avg:93.74ms
step:608/5100 train_loss:4.5547 train_time:56058ms step_avg:93.74ms
step:609/5100 train_loss:4.6271 train_time:56152ms step_avg:93.74ms
step:610/5100 train_loss:4.5941 train_time:56245ms step_avg:93.74ms
step:611/5100 train_loss:4.4841 train_time:56338ms step_avg:93.74ms
step:612/5100 train_loss:4.3503 train_time:56435ms step_avg:93.75ms
step:613/5100 train_loss:4.4556 train_time:56527ms step_avg:93.74ms
step:614/5100 train_loss:4.5660 train_time:56624ms step_avg:93.75ms
step:615/5100 train_loss:4.5501 train_time:56720ms step_avg:93.75ms
step:616/5100 train_loss:4.5297 train_time:56818ms step_avg:93.76ms
step:617/5100 train_loss:4.5517 train_time:56916ms step_avg:93.77ms
step:618/5100 train_loss:4.8888 train_time:57011ms step_avg:93.77ms
step:619/5100 train_loss:4.5676 train_time:57109ms step_avg:93.78ms
step:620/5100 train_loss:4.5247 train_time:57202ms step_avg:93.77ms
step:621/5100 train_loss:4.5186 train_time:57296ms step_avg:93.77ms
step:622/5100 train_loss:4.5344 train_time:57388ms step_avg:93.77ms
step:623/5100 train_loss:4.3021 train_time:57480ms step_avg:93.77ms
step:624/5100 train_loss:4.6520 train_time:57573ms step_avg:93.77ms
step:625/5100 train_loss:4.6339 train_time:57666ms step_avg:93.77ms
step:626/5100 train_loss:4.5240 train_time:57759ms step_avg:93.77ms
step:627/5100 train_loss:4.3472 train_time:57850ms step_avg:93.76ms
step:628/5100 train_loss:4.3712 train_time:57946ms step_avg:93.76ms
step:629/5100 train_loss:4.7231 train_time:58043ms step_avg:93.77ms
step:630/5100 train_loss:4.2390 train_time:58133ms step_avg:93.76ms
step:631/5100 train_loss:4.0839 train_time:58231ms step_avg:93.77ms
step:632/5100 train_loss:4.5234 train_time:58326ms step_avg:93.77ms
step:633/5100 train_loss:4.3913 train_time:58419ms step_avg:93.77ms
step:634/5100 train_loss:4.5681 train_time:58510ms step_avg:93.77ms
step:635/5100 train_loss:4.4223 train_time:58604ms step_avg:93.77ms
step:636/5100 train_loss:4.4270 train_time:58695ms step_avg:93.76ms
step:637/5100 train_loss:4.5424 train_time:58789ms step_avg:93.76ms
step:638/5100 train_loss:4.5189 train_time:58884ms step_avg:93.76ms
step:639/5100 train_loss:4.4464 train_time:58975ms step_avg:93.76ms
step:640/5100 train_loss:4.4960 train_time:59067ms step_avg:93.76ms
step:641/5100 train_loss:4.5365 train_time:59164ms step_avg:93.76ms
step:642/5100 train_loss:4.3874 train_time:59256ms step_avg:93.76ms
step:643/5100 train_loss:4.4767 train_time:59349ms step_avg:93.76ms
step:644/5100 train_loss:4.4036 train_time:59443ms step_avg:93.76ms
step:645/5100 train_loss:4.3780 train_time:59533ms step_avg:93.75ms
step:646/5100 train_loss:4.4276 train_time:59632ms step_avg:93.76ms
step:647/5100 train_loss:4.4920 train_time:59728ms step_avg:93.77ms
step:648/5100 train_loss:4.5639 train_time:59825ms step_avg:93.77ms
step:649/5100 train_loss:4.4120 train_time:59914ms step_avg:93.76ms
step:650/5100 train_loss:4.5191 train_time:60009ms step_avg:93.76ms
step:650/5100 val_loss:4.4860 train_time:60019ms step_avg:93.78ms
step:651/5100 train_loss:4.4939 train_time:60105ms step_avg:93.77ms
step:652/5100 train_loss:4.3714 train_time:60197ms step_avg:93.76ms
step:653/5100 train_loss:4.6302 train_time:60290ms step_avg:93.76ms
step:654/5100 train_loss:4.4859 train_time:60381ms step_avg:93.76ms
step:655/5100 train_loss:4.5701 train_time:60475ms step_avg:93.76ms
step:656/5100 train_loss:5.5092 train_time:60569ms step_avg:93.76ms
step:657/5100 train_loss:4.4966 train_time:60658ms step_avg:93.75ms
step:658/5100 train_loss:4.4790 train_time:60751ms step_avg:93.75ms
step:659/5100 train_loss:4.5552 train_time:60844ms step_avg:93.75ms
step:660/5100 train_loss:4.4265 train_time:60937ms step_avg:93.75ms
step:661/5100 train_loss:4.5714 train_time:61031ms step_avg:93.75ms
step:662/5100 train_loss:4.4895 train_time:61129ms step_avg:93.76ms
step:663/5100 train_loss:4.4015 train_time:61221ms step_avg:93.75ms
step:664/5100 train_loss:4.4540 train_time:61313ms step_avg:93.75ms
step:665/5100 train_loss:4.4790 train_time:61406ms step_avg:93.75ms
step:666/5100 train_loss:4.4425 train_time:61498ms step_avg:93.75ms
step:667/5100 train_loss:4.3662 train_time:61590ms step_avg:93.74ms
step:668/5100 train_loss:4.4209 train_time:61685ms step_avg:93.75ms
step:669/5100 train_loss:4.3748 train_time:61778ms step_avg:93.75ms
step:670/5100 train_loss:4.3904 train_time:61870ms step_avg:93.74ms
step:671/5100 train_loss:4.5285 train_time:61963ms step_avg:93.74ms
step:672/5100 train_loss:4.5208 train_time:62054ms step_avg:93.74ms
step:673/5100 train_loss:4.4328 train_time:62145ms step_avg:93.73ms
step:674/5100 train_loss:4.3654 train_time:62237ms step_avg:93.73ms
step:675/5100 train_loss:4.5016 train_time:62329ms step_avg:93.73ms
step:676/5100 train_loss:4.3912 train_time:62422ms step_avg:93.73ms
step:677/5100 train_loss:4.5126 train_time:62515ms step_avg:93.73ms
step:678/5100 train_loss:4.3536 train_time:62608ms step_avg:93.73ms
step:679/5100 train_loss:4.4074 train_time:62701ms step_avg:93.72ms
step:680/5100 train_loss:4.5032 train_time:62792ms step_avg:93.72ms
step:681/5100 train_loss:4.5110 train_time:62883ms step_avg:93.72ms
step:682/5100 train_loss:4.5914 train_time:62976ms step_avg:93.71ms
step:683/5100 train_loss:4.4353 train_time:63067ms step_avg:93.71ms
step:684/5100 train_loss:4.5657 train_time:63161ms step_avg:93.71ms
step:685/5100 train_loss:4.3332 train_time:63250ms step_avg:93.70ms
step:686/5100 train_loss:4.5331 train_time:63343ms step_avg:93.70ms
step:687/5100 train_loss:4.6633 train_time:63433ms step_avg:93.70ms
step:688/5100 train_loss:4.5766 train_time:63524ms step_avg:93.69ms
step:689/5100 train_loss:4.3724 train_time:63618ms step_avg:93.69ms
step:690/5100 train_loss:4.4738 train_time:63708ms step_avg:93.69ms
step:691/5100 train_loss:4.4117 train_time:63802ms step_avg:93.69ms
step:692/5100 train_loss:4.3737 train_time:63898ms step_avg:93.69ms
step:693/5100 train_loss:4.4444 train_time:63996ms step_avg:93.70ms
step:694/5100 train_loss:4.5183 train_time:64090ms step_avg:93.70ms
step:695/5100 train_loss:4.4669 train_time:64181ms step_avg:93.70ms
step:696/5100 train_loss:4.4888 train_time:64273ms step_avg:93.69ms
step:697/5100 train_loss:4.6372 train_time:64365ms step_avg:93.69ms
step:698/5100 train_loss:4.4397 train_time:64456ms step_avg:93.69ms
step:699/5100 train_loss:4.4241 train_time:64547ms step_avg:93.68ms
step:700/5100 train_loss:4.4480 train_time:64639ms step_avg:93.68ms
step:701/5100 train_loss:4.4973 train_time:64729ms step_avg:93.67ms
step:702/5100 train_loss:4.3910 train_time:64821ms step_avg:93.67ms
step:703/5100 train_loss:4.2997 train_time:64914ms step_avg:93.67ms
step:704/5100 train_loss:4.4809 train_time:65005ms step_avg:93.67ms
step:705/5100 train_loss:4.8309 train_time:65097ms step_avg:93.67ms
step:706/5100 train_loss:4.4127 train_time:65191ms step_avg:93.67ms
step:707/5100 train_loss:4.3617 train_time:65283ms step_avg:93.66ms
step:708/5100 train_loss:4.5327 train_time:65376ms step_avg:93.66ms
step:709/5100 train_loss:4.4270 train_time:65469ms step_avg:93.66ms
step:710/5100 train_loss:4.4314 train_time:65560ms step_avg:93.66ms
step:711/5100 train_loss:4.8270 train_time:65651ms step_avg:93.65ms
step:712/5100 train_loss:4.2914 train_time:65745ms step_avg:93.65ms
step:713/5100 train_loss:4.4721 train_time:65839ms step_avg:93.65ms
step:714/5100 train_loss:4.4136 train_time:65933ms step_avg:93.65ms
step:715/5100 train_loss:4.4133 train_time:66024ms step_avg:93.65ms
step:716/5100 train_loss:4.4564 train_time:66119ms step_avg:93.65ms
step:717/5100 train_loss:4.3324 train_time:66211ms step_avg:93.65ms
step:718/5100 train_loss:4.3336 train_time:66304ms step_avg:93.65ms
step:719/5100 train_loss:4.3241 train_time:66400ms step_avg:93.65ms
step:720/5100 train_loss:4.4022 train_time:66491ms step_avg:93.65ms
step:721/5100 train_loss:4.4518 train_time:66586ms step_avg:93.65ms
step:722/5100 train_loss:4.3894 train_time:66677ms step_avg:93.65ms
step:723/5100 train_loss:4.4176 train_time:66767ms step_avg:93.64ms
step:724/5100 train_loss:4.3927 train_time:66861ms step_avg:93.64ms
step:725/5100 train_loss:4.4519 train_time:66955ms step_avg:93.64ms
step:726/5100 train_loss:4.5081 train_time:67048ms step_avg:93.64ms
step:727/5100 train_loss:4.4276 train_time:67143ms step_avg:93.64ms
step:728/5100 train_loss:4.3198 train_time:67238ms step_avg:93.65ms
step:729/5100 train_loss:4.6498 train_time:67330ms step_avg:93.64ms
step:730/5100 train_loss:4.5087 train_time:67421ms step_avg:93.64ms
step:731/5100 train_loss:4.3919 train_time:67516ms step_avg:93.64ms
step:732/5100 train_loss:4.5624 train_time:67608ms step_avg:93.64ms
step:733/5100 train_loss:4.2335 train_time:67702ms step_avg:93.64ms
step:734/5100 train_loss:4.4692 train_time:67796ms step_avg:93.64ms
step:735/5100 train_loss:4.3769 train_time:67887ms step_avg:93.64ms
step:736/5100 train_loss:4.3965 train_time:67981ms step_avg:93.64ms
step:737/5100 train_loss:4.3796 train_time:68072ms step_avg:93.63ms
step:738/5100 train_loss:4.3450 train_time:68165ms step_avg:93.63ms
step:739/5100 train_loss:4.3583 train_time:68258ms step_avg:93.63ms
step:740/5100 train_loss:4.4190 train_time:68349ms step_avg:93.63ms
step:741/5100 train_loss:4.3714 train_time:68445ms step_avg:93.63ms
step:742/5100 train_loss:4.5118 train_time:68542ms step_avg:93.64ms
step:743/5100 train_loss:4.3937 train_time:68633ms step_avg:93.63ms
step:744/5100 train_loss:4.3541 train_time:68728ms step_avg:93.63ms
step:745/5100 train_loss:4.4340 train_time:68825ms step_avg:93.64ms
step:746/5100 train_loss:4.4347 train_time:68918ms step_avg:93.64ms
step:747/5100 train_loss:4.4864 train_time:69010ms step_avg:93.64ms
step:748/5100 train_loss:4.4689 train_time:69107ms step_avg:93.64ms
step:749/5100 train_loss:4.3456 train_time:69200ms step_avg:93.64ms
step:750/5100 train_loss:4.6740 train_time:69292ms step_avg:93.64ms
step:751/5100 train_loss:4.3628 train_time:69389ms step_avg:93.64ms
step:752/5100 train_loss:4.3358 train_time:69483ms step_avg:93.64ms
step:753/5100 train_loss:4.5214 train_time:69579ms step_avg:93.65ms
step:754/5100 train_loss:4.4591 train_time:69672ms step_avg:93.65ms
step:755/5100 train_loss:4.3755 train_time:69767ms step_avg:93.65ms
step:756/5100 train_loss:4.4739 train_time:69861ms step_avg:93.65ms
step:757/5100 train_loss:4.4945 train_time:69957ms step_avg:93.65ms
step:758/5100 train_loss:4.4305 train_time:70052ms step_avg:93.65ms
step:759/5100 train_loss:4.3147 train_time:70148ms step_avg:93.66ms
step:760/5100 train_loss:4.4471 train_time:70246ms step_avg:93.66ms
step:761/5100 train_loss:4.4152 train_time:70341ms step_avg:93.66ms
step:762/5100 train_loss:4.3833 train_time:70436ms step_avg:93.66ms
step:763/5100 train_loss:4.2096 train_time:70533ms step_avg:93.67ms
step:764/5100 train_loss:4.4751 train_time:70628ms step_avg:93.67ms
step:765/5100 train_loss:4.3580 train_time:70720ms step_avg:93.67ms
step:766/5100 train_loss:4.3104 train_time:70815ms step_avg:93.67ms
step:767/5100 train_loss:4.4237 train_time:70906ms step_avg:93.67ms
step:768/5100 train_loss:4.3344 train_time:71005ms step_avg:93.67ms
step:769/5100 train_loss:4.3430 train_time:71092ms step_avg:93.67ms
step:770/5100 train_loss:4.3935 train_time:71185ms step_avg:93.66ms
step:771/5100 train_loss:4.3926 train_time:71281ms step_avg:93.67ms
step:772/5100 train_loss:4.4006 train_time:71373ms step_avg:93.66ms
step:773/5100 train_loss:4.2813 train_time:71468ms step_avg:93.67ms
step:774/5100 train_loss:4.4887 train_time:71558ms step_avg:93.66ms
step:775/5100 train_loss:4.5833 train_time:71651ms step_avg:93.66ms
step:776/5100 train_loss:4.4473 train_time:71745ms step_avg:93.66ms
step:777/5100 train_loss:4.6443 train_time:71836ms step_avg:93.66ms
step:778/5100 train_loss:4.3727 train_time:71930ms step_avg:93.66ms
step:779/5100 train_loss:4.5085 train_time:72024ms step_avg:93.66ms
step:780/5100 train_loss:4.4070 train_time:72117ms step_avg:93.66ms
step:781/5100 train_loss:4.4413 train_time:72212ms step_avg:93.66ms
step:782/5100 train_loss:4.3358 train_time:72304ms step_avg:93.66ms
step:783/5100 train_loss:4.4245 train_time:72397ms step_avg:93.66ms
step:784/5100 train_loss:4.3575 train_time:72489ms step_avg:93.65ms
step:785/5100 train_loss:4.3983 train_time:72580ms step_avg:93.65ms
step:786/5100 train_loss:4.4386 train_time:72673ms step_avg:93.65ms
step:787/5100 train_loss:4.4344 train_time:72767ms step_avg:93.65ms
step:788/5100 train_loss:4.2835 train_time:72857ms step_avg:93.65ms
step:789/5100 train_loss:4.3640 train_time:72951ms step_avg:93.65ms
step:790/5100 train_loss:4.3353 train_time:73044ms step_avg:93.65ms
step:791/5100 train_loss:4.5193 train_time:73138ms step_avg:93.65ms
step:792/5100 train_loss:4.4191 train_time:73231ms step_avg:93.65ms
step:793/5100 train_loss:4.3617 train_time:73329ms step_avg:93.65ms
step:794/5100 train_loss:4.5108 train_time:73420ms step_avg:93.65ms
step:795/5100 train_loss:4.3263 train_time:73510ms step_avg:93.64ms
step:796/5100 train_loss:4.2737 train_time:73603ms step_avg:93.64ms
step:797/5100 train_loss:4.4997 train_time:73696ms step_avg:93.64ms
step:798/5100 train_loss:4.3588 train_time:73787ms step_avg:93.64ms
step:799/5100 train_loss:4.2701 train_time:73879ms step_avg:93.64ms
step:800/5100 train_loss:4.2790 train_time:73972ms step_avg:93.64ms
step:801/5100 train_loss:4.3542 train_time:74065ms step_avg:93.63ms
step:802/5100 train_loss:4.3736 train_time:74155ms step_avg:93.63ms
step:803/5100 train_loss:4.2817 train_time:74248ms step_avg:93.63ms
step:804/5100 train_loss:4.2920 train_time:74343ms step_avg:93.63ms
step:805/5100 train_loss:4.0027 train_time:74434ms step_avg:93.63ms
step:806/5100 train_loss:4.2624 train_time:74529ms step_avg:93.63ms
step:807/5100 train_loss:4.2575 train_time:74622ms step_avg:93.63ms
step:808/5100 train_loss:4.3574 train_time:74713ms step_avg:93.63ms
step:809/5100 train_loss:4.6000 train_time:74809ms step_avg:93.63ms
step:810/5100 train_loss:4.5286 train_time:74901ms step_avg:93.63ms
step:811/5100 train_loss:4.2880 train_time:74992ms step_avg:93.62ms
step:812/5100 train_loss:4.3821 train_time:75086ms step_avg:93.62ms
step:813/5100 train_loss:4.4106 train_time:75180ms step_avg:93.62ms
step:814/5100 train_loss:4.4207 train_time:75270ms step_avg:93.62ms
step:815/5100 train_loss:4.2025 train_time:75364ms step_avg:93.62ms
step:816/5100 train_loss:4.5164 train_time:75456ms step_avg:93.62ms
step:817/5100 train_loss:4.4148 train_time:75548ms step_avg:93.62ms
step:818/5100 train_loss:4.3743 train_time:75641ms step_avg:93.61ms
step:819/5100 train_loss:4.4092 train_time:75731ms step_avg:93.61ms
step:820/5100 train_loss:4.4726 train_time:75826ms step_avg:93.61ms
step:821/5100 train_loss:4.2644 train_time:75917ms step_avg:93.61ms
step:822/5100 train_loss:4.3705 train_time:76008ms step_avg:93.61ms
step:823/5100 train_loss:4.3566 train_time:76102ms step_avg:93.61ms
step:824/5100 train_loss:4.4625 train_time:76195ms step_avg:93.61ms
step:825/5100 train_loss:4.4355 train_time:76289ms step_avg:93.61ms
step:826/5100 train_loss:4.3830 train_time:76383ms step_avg:93.61ms
step:827/5100 train_loss:4.4060 train_time:76477ms step_avg:93.61ms
step:828/5100 train_loss:5.4355 train_time:76567ms step_avg:93.60ms
step:829/5100 train_loss:4.3191 train_time:76658ms step_avg:93.60ms
step:830/5100 train_loss:4.4352 train_time:76747ms step_avg:93.59ms
step:831/5100 train_loss:4.1613 train_time:76844ms step_avg:93.60ms
step:832/5100 train_loss:4.3608 train_time:76939ms step_avg:93.60ms
step:833/5100 train_loss:4.3679 train_time:77030ms step_avg:93.60ms
step:834/5100 train_loss:4.3798 train_time:77127ms step_avg:93.60ms
step:835/5100 train_loss:4.4098 train_time:77220ms step_avg:93.60ms
step:836/5100 train_loss:4.4682 train_time:77312ms step_avg:93.60ms
step:837/5100 train_loss:4.3599 train_time:77406ms step_avg:93.60ms
step:838/5100 train_loss:4.4031 train_time:77499ms step_avg:93.60ms
step:839/5100 train_loss:4.5287 train_time:77593ms step_avg:93.60ms
step:840/5100 train_loss:4.4410 train_time:77688ms step_avg:93.60ms
step:841/5100 train_loss:4.3104 train_time:77780ms step_avg:93.60ms
step:842/5100 train_loss:4.3252 train_time:77877ms step_avg:93.60ms
step:843/5100 train_loss:4.3219 train_time:77968ms step_avg:93.60ms
step:844/5100 train_loss:4.5413 train_time:78065ms step_avg:93.60ms
step:845/5100 train_loss:4.2504 train_time:78159ms step_avg:93.60ms
step:846/5100 train_loss:4.5410 train_time:78250ms step_avg:93.60ms
step:847/5100 train_loss:4.3627 train_time:78346ms step_avg:93.60ms
step:848/5100 train_loss:4.4133 train_time:78437ms step_avg:93.60ms
step:849/5100 train_loss:4.3843 train_time:78530ms step_avg:93.60ms
step:850/5100 train_loss:4.3440 train_time:78627ms step_avg:93.60ms
step:851/5100 train_loss:4.2934 train_time:78719ms step_avg:93.60ms
step:852/5100 train_loss:4.5097 train_time:78813ms step_avg:93.60ms
step:853/5100 train_loss:4.4695 train_time:78905ms step_avg:93.60ms
step:854/5100 train_loss:4.3748 train_time:78996ms step_avg:93.60ms
step:855/5100 train_loss:4.5493 train_time:79088ms step_avg:93.60ms
step:856/5100 train_loss:4.4850 train_time:79181ms step_avg:93.59ms
step:857/5100 train_loss:4.1896 train_time:79275ms step_avg:93.60ms
step:858/5100 train_loss:4.2018 train_time:79368ms step_avg:93.59ms
step:859/5100 train_loss:4.4621 train_time:79462ms step_avg:93.60ms
step:860/5100 train_loss:4.2358 train_time:79556ms step_avg:93.60ms
step:861/5100 train_loss:4.3367 train_time:79649ms step_avg:93.59ms
step:862/5100 train_loss:4.2519 train_time:79742ms step_avg:93.59ms
step:863/5100 train_loss:4.2014 train_time:79833ms step_avg:93.59ms
step:864/5100 train_loss:4.4018 train_time:79924ms step_avg:93.59ms
step:865/5100 train_loss:4.4131 train_time:80019ms step_avg:93.59ms
step:866/5100 train_loss:4.3238 train_time:80109ms step_avg:93.59ms
step:867/5100 train_loss:4.3462 train_time:80204ms step_avg:93.59ms
step:868/5100 train_loss:4.3406 train_time:80295ms step_avg:93.58ms
step:869/5100 train_loss:4.4560 train_time:80387ms step_avg:93.58ms
step:870/5100 train_loss:4.6006 train_time:80478ms step_avg:93.58ms
step:871/5100 train_loss:4.3257 train_time:80569ms step_avg:93.58ms
step:872/5100 train_loss:4.2929 train_time:80661ms step_avg:93.57ms
step:873/5100 train_loss:4.4585 train_time:80753ms step_avg:93.57ms
step:874/5100 train_loss:4.2970 train_time:80844ms step_avg:93.57ms
step:875/5100 train_loss:4.5060 train_time:80939ms step_avg:93.57ms
step:876/5100 train_loss:4.3316 train_time:81030ms step_avg:93.57ms
step:877/5100 train_loss:4.3304 train_time:81122ms step_avg:93.57ms
step:878/5100 train_loss:4.3902 train_time:81214ms step_avg:93.56ms
step:879/5100 train_loss:4.4082 train_time:81305ms step_avg:93.56ms
step:880/5100 train_loss:4.5299 train_time:81399ms step_avg:93.56ms
step:881/5100 train_loss:4.5350 train_time:81493ms step_avg:93.56ms
step:882/5100 train_loss:4.2726 train_time:81584ms step_avg:93.56ms
step:883/5100 train_loss:4.3574 train_time:81677ms step_avg:93.56ms
step:884/5100 train_loss:4.4123 train_time:81767ms step_avg:93.55ms
step:885/5100 train_loss:4.3416 train_time:81862ms step_avg:93.56ms
step:886/5100 train_loss:4.3236 train_time:81952ms step_avg:93.55ms
step:887/5100 train_loss:4.3712 train_time:82044ms step_avg:93.55ms
step:888/5100 train_loss:4.3625 train_time:82136ms step_avg:93.55ms
step:889/5100 train_loss:4.2511 train_time:82228ms step_avg:93.55ms
step:890/5100 train_loss:4.4180 train_time:82323ms step_avg:93.55ms
step:891/5100 train_loss:4.3079 train_time:82416ms step_avg:93.55ms
step:892/5100 train_loss:4.4017 train_time:82511ms step_avg:93.55ms
step:893/5100 train_loss:4.3496 train_time:82604ms step_avg:93.55ms
step:894/5100 train_loss:4.5151 train_time:82696ms step_avg:93.55ms
step:895/5100 train_loss:4.4759 train_time:82787ms step_avg:93.54ms
step:896/5100 train_loss:4.2569 train_time:82883ms step_avg:93.55ms
step:897/5100 train_loss:4.4243 train_time:82973ms step_avg:93.54ms
step:898/5100 train_loss:4.3289 train_time:83066ms step_avg:93.54ms
step:899/5100 train_loss:4.3909 train_time:83159ms step_avg:93.54ms
step:900/5100 train_loss:4.4908 train_time:83251ms step_avg:93.54ms
step:901/5100 train_loss:4.4874 train_time:83344ms step_avg:93.54ms
step:902/5100 train_loss:4.1969 train_time:83437ms step_avg:93.54ms
step:903/5100 train_loss:4.2739 train_time:83529ms step_avg:93.54ms
step:904/5100 train_loss:4.6369 train_time:83622ms step_avg:93.54ms
step:905/5100 train_loss:4.4818 train_time:83713ms step_avg:93.53ms
step:906/5100 train_loss:4.2261 train_time:83805ms step_avg:93.53ms
step:907/5100 train_loss:4.3718 train_time:83899ms step_avg:93.53ms
step:908/5100 train_loss:4.3342 train_time:83989ms step_avg:93.53ms
step:909/5100 train_loss:4.5090 train_time:84089ms step_avg:93.54ms
step:910/5100 train_loss:4.4243 train_time:84183ms step_avg:93.54ms
step:911/5100 train_loss:4.3223 train_time:84274ms step_avg:93.53ms
step:912/5100 train_loss:4.3750 train_time:84365ms step_avg:93.53ms
step:913/5100 train_loss:4.3873 train_time:84459ms step_avg:93.53ms
step:914/5100 train_loss:4.3507 train_time:84549ms step_avg:93.53ms
step:915/5100 train_loss:4.2617 train_time:84644ms step_avg:93.53ms
step:916/5100 train_loss:4.3765 train_time:84735ms step_avg:93.53ms
step:917/5100 train_loss:4.4806 train_time:84827ms step_avg:93.53ms
step:918/5100 train_loss:4.3537 train_time:84918ms step_avg:93.52ms
step:919/5100 train_loss:4.2991 train_time:85008ms step_avg:93.52ms
step:920/5100 train_loss:4.2188 train_time:85100ms step_avg:93.52ms
step:921/5100 train_loss:4.8496 train_time:85190ms step_avg:93.51ms
step:922/5100 train_loss:4.3432 train_time:85284ms step_avg:93.51ms
step:923/5100 train_loss:4.3573 train_time:85374ms step_avg:93.51ms
step:924/5100 train_loss:4.3702 train_time:85466ms step_avg:93.51ms
step:925/5100 train_loss:4.4867 train_time:85558ms step_avg:93.51ms
step:926/5100 train_loss:4.3791 train_time:85651ms step_avg:93.51ms
step:927/5100 train_loss:4.3021 train_time:85744ms step_avg:93.51ms
step:928/5100 train_loss:4.2970 train_time:85840ms step_avg:93.51ms
step:929/5100 train_loss:4.4639 train_time:85929ms step_avg:93.50ms
step:930/5100 train_loss:4.2319 train_time:86024ms step_avg:93.50ms
step:931/5100 train_loss:4.3777 train_time:86116ms step_avg:93.50ms
step:932/5100 train_loss:4.3707 train_time:86207ms step_avg:93.50ms
step:933/5100 train_loss:4.3407 train_time:86298ms step_avg:93.50ms
step:934/5100 train_loss:4.1556 train_time:86392ms step_avg:93.50ms
step:935/5100 train_loss:4.3809 train_time:86484ms step_avg:93.50ms
step:936/5100 train_loss:4.3494 train_time:86575ms step_avg:93.49ms
step:937/5100 train_loss:4.3282 train_time:86667ms step_avg:93.49ms
step:938/5100 train_loss:4.4793 train_time:86757ms step_avg:93.49ms
step:939/5100 train_loss:4.3981 train_time:86852ms step_avg:93.49ms
step:940/5100 train_loss:4.4507 train_time:86942ms step_avg:93.49ms
step:941/5100 train_loss:4.2569 train_time:87036ms step_avg:93.49ms
step:942/5100 train_loss:4.4327 train_time:87128ms step_avg:93.49ms
step:943/5100 train_loss:4.3208 train_time:87220ms step_avg:93.48ms
step:944/5100 train_loss:4.3145 train_time:87312ms step_avg:93.48ms
step:945/5100 train_loss:4.2347 train_time:87403ms step_avg:93.48ms
step:946/5100 train_loss:4.3415 train_time:87497ms step_avg:93.48ms
step:947/5100 train_loss:4.2499 train_time:87588ms step_avg:93.48ms
step:948/5100 train_loss:4.3735 train_time:87679ms step_avg:93.47ms
step:949/5100 train_loss:4.3051 train_time:87769ms step_avg:93.47ms
step:950/5100 train_loss:4.2436 train_time:87864ms step_avg:93.47ms
step:951/5100 train_loss:4.3810 train_time:87953ms step_avg:93.47ms
step:952/5100 train_loss:4.3434 train_time:88048ms step_avg:93.47ms
step:953/5100 train_loss:4.3143 train_time:88136ms step_avg:93.46ms
step:954/5100 train_loss:4.1944 train_time:88229ms step_avg:93.46ms
step:955/5100 train_loss:4.3052 train_time:88320ms step_avg:93.46ms
step:956/5100 train_loss:4.3249 train_time:88412ms step_avg:93.46ms
step:957/5100 train_loss:4.3019 train_time:88504ms step_avg:93.46ms
step:958/5100 train_loss:4.3457 train_time:88594ms step_avg:93.45ms
step:959/5100 train_loss:4.3343 train_time:88685ms step_avg:93.45ms
step:960/5100 train_loss:4.3662 train_time:88775ms step_avg:93.45ms
step:961/5100 train_loss:4.2733 train_time:88869ms step_avg:93.45ms
step:962/5100 train_loss:4.1878 train_time:88962ms step_avg:93.45ms
step:963/5100 train_loss:4.2061 train_time:89053ms step_avg:93.45ms
step:964/5100 train_loss:4.2837 train_time:89146ms step_avg:93.44ms
step:965/5100 train_loss:4.3364 train_time:89239ms step_avg:93.44ms
step:966/5100 train_loss:4.3312 train_time:89330ms step_avg:93.44ms
step:967/5100 train_loss:4.3444 train_time:89423ms step_avg:93.44ms
step:968/5100 train_loss:4.4225 train_time:89514ms step_avg:93.44ms
step:969/5100 train_loss:4.3640 train_time:89605ms step_avg:93.44ms
step:970/5100 train_loss:4.3462 train_time:89697ms step_avg:93.43ms
step:971/5100 train_loss:4.3738 train_time:89789ms step_avg:93.43ms
step:972/5100 train_loss:4.2694 train_time:89881ms step_avg:93.43ms
step:973/5100 train_loss:4.2765 train_time:89976ms step_avg:93.43ms
step:974/5100 train_loss:4.2319 train_time:90067ms step_avg:93.43ms
step:975/5100 train_loss:4.2577 train_time:90161ms step_avg:93.43ms
step:976/5100 train_loss:4.1580 train_time:90253ms step_avg:93.43ms
step:977/5100 train_loss:4.1656 train_time:90345ms step_avg:93.43ms
step:978/5100 train_loss:4.1422 train_time:90439ms step_avg:93.43ms
step:979/5100 train_loss:4.3851 train_time:90530ms step_avg:93.43ms
step:980/5100 train_loss:4.3715 train_time:90624ms step_avg:93.43ms
step:981/5100 train_loss:4.3124 train_time:90718ms step_avg:93.43ms
step:982/5100 train_loss:4.3240 train_time:90809ms step_avg:93.43ms
step:983/5100 train_loss:4.3736 train_time:90902ms step_avg:93.42ms
step:984/5100 train_loss:4.2010 train_time:90993ms step_avg:93.42ms
step:985/5100 train_loss:4.2904 train_time:91084ms step_avg:93.42ms
step:986/5100 train_loss:4.4819 train_time:91177ms step_avg:93.42ms
step:987/5100 train_loss:4.4095 train_time:91266ms step_avg:93.41ms
step:988/5100 train_loss:4.3092 train_time:91358ms step_avg:93.41ms
step:989/5100 train_loss:4.2365 train_time:91452ms step_avg:93.41ms
step:990/5100 train_loss:4.1726 train_time:91543ms step_avg:93.41ms
step:991/5100 train_loss:4.2118 train_time:91635ms step_avg:93.41ms
step:992/5100 train_loss:4.2890 train_time:91728ms step_avg:93.41ms
step:993/5100 train_loss:4.3109 train_time:91820ms step_avg:93.41ms
step:994/5100 train_loss:4.3434 train_time:91911ms step_avg:93.41ms
step:995/5100 train_loss:4.3430 train_time:92003ms step_avg:93.40ms
step:996/5100 train_loss:4.3748 train_time:92096ms step_avg:93.40ms
step:997/5100 train_loss:4.3381 train_time:92188ms step_avg:93.40ms
step:998/5100 train_loss:4.1985 train_time:92281ms step_avg:93.40ms
step:999/5100 train_loss:4.3234 train_time:92376ms step_avg:93.40ms
step:1000/5100 train_loss:4.3338 train_time:92469ms step_avg:93.40ms
step:1001/5100 train_loss:4.3425 train_time:92557ms step_avg:93.40ms
step:1002/5100 train_loss:4.3061 train_time:92649ms step_avg:93.40ms
step:1003/5100 train_loss:4.2774 train_time:92740ms step_avg:93.39ms
step:1004/5100 train_loss:4.3313 train_time:92831ms step_avg:93.39ms
step:1005/5100 train_loss:4.3586 train_time:92923ms step_avg:93.39ms
step:1006/5100 train_loss:4.1250 train_time:93014ms step_avg:93.39ms
step:1007/5100 train_loss:4.3238 train_time:93106ms step_avg:93.39ms
step:1008/5100 train_loss:4.2396 train_time:93198ms step_avg:93.38ms
step:1009/5100 train_loss:4.3088 train_time:93289ms step_avg:93.38ms
step:1010/5100 train_loss:4.3344 train_time:93380ms step_avg:93.38ms
step:1011/5100 train_loss:4.3178 train_time:93473ms step_avg:93.38ms
step:1012/5100 train_loss:4.4130 train_time:93562ms step_avg:93.38ms
step:1013/5100 train_loss:4.2737 train_time:93659ms step_avg:93.38ms
step:1014/5100 train_loss:4.3481 train_time:93749ms step_avg:93.38ms
step:1015/5100 train_loss:4.5217 train_time:93844ms step_avg:93.38ms
step:1016/5100 train_loss:4.5290 train_time:93934ms step_avg:93.37ms
step:1017/5100 train_loss:4.2107 train_time:94028ms step_avg:93.37ms
step:1018/5100 train_loss:4.2810 train_time:94119ms step_avg:93.37ms
step:1019/5100 train_loss:4.3189 train_time:94216ms step_avg:93.38ms
step:1020/5100 train_loss:4.1700 train_time:94306ms step_avg:93.37ms
step:1021/5100 train_loss:4.2182 train_time:94397ms step_avg:93.37ms
step:1022/5100 train_loss:4.3441 train_time:94489ms step_avg:93.37ms
step:1023/5100 train_loss:4.4538 train_time:94584ms step_avg:93.37ms
step:1024/5100 train_loss:4.3538 train_time:94674ms step_avg:93.37ms
step:1025/5100 train_loss:4.2810 train_time:94765ms step_avg:93.36ms
step:1026/5100 train_loss:4.5929 train_time:94856ms step_avg:93.36ms
step:1027/5100 train_loss:4.2990 train_time:94948ms step_avg:93.36ms
step:1028/5100 train_loss:4.4333 train_time:95040ms step_avg:93.36ms
step:1029/5100 train_loss:4.3236 train_time:95131ms step_avg:93.36ms
step:1030/5100 train_loss:4.3597 train_time:95224ms step_avg:93.36ms
step:1031/5100 train_loss:4.3519 train_time:95316ms step_avg:93.36ms
step:1032/5100 train_loss:4.2968 train_time:95408ms step_avg:93.35ms
step:1033/5100 train_loss:4.3256 train_time:95501ms step_avg:93.35ms
step:1034/5100 train_loss:4.2524 train_time:95595ms step_avg:93.35ms
step:1035/5100 train_loss:4.2132 train_time:95687ms step_avg:93.35ms
step:1036/5100 train_loss:4.1092 train_time:95778ms step_avg:93.35ms
step:1037/5100 train_loss:3.9699 train_time:95869ms step_avg:93.35ms
step:1038/5100 train_loss:4.2509 train_time:95960ms step_avg:93.35ms
step:1039/5100 train_loss:4.4004 train_time:96051ms step_avg:93.34ms
step:1040/5100 train_loss:4.1590 train_time:96144ms step_avg:93.34ms
step:1041/5100 train_loss:4.2357 train_time:96235ms step_avg:93.34ms
step:1042/5100 train_loss:4.3205 train_time:96328ms step_avg:93.34ms
step:1043/5100 train_loss:4.3178 train_time:96420ms step_avg:93.34ms
step:1044/5100 train_loss:4.2464 train_time:96511ms step_avg:93.34ms
step:1045/5100 train_loss:4.3824 train_time:96605ms step_avg:93.34ms
step:1046/5100 train_loss:4.4623 train_time:96696ms step_avg:93.34ms
step:1047/5100 train_loss:4.2663 train_time:96787ms step_avg:93.33ms
step:1048/5100 train_loss:4.3215 train_time:96880ms step_avg:93.33ms
step:1049/5100 train_loss:4.2779 train_time:96971ms step_avg:93.33ms
step:1050/5100 train_loss:4.2477 train_time:97064ms step_avg:93.33ms
step:1051/5100 train_loss:4.2745 train_time:97154ms step_avg:93.33ms
step:1052/5100 train_loss:4.2100 train_time:97246ms step_avg:93.33ms
step:1053/5100 train_loss:4.2628 train_time:97337ms step_avg:93.32ms
step:1054/5100 train_loss:4.2261 train_time:97430ms step_avg:93.32ms
step:1055/5100 train_loss:4.3932 train_time:97522ms step_avg:93.32ms
step:1056/5100 train_loss:4.3394 train_time:97614ms step_avg:93.32ms
step:1057/5100 train_loss:4.3679 train_time:97706ms step_avg:93.32ms
step:1058/5100 train_loss:4.3804 train_time:97798ms step_avg:93.32ms
step:1059/5100 train_loss:4.3573 train_time:97890ms step_avg:93.32ms
step:1060/5100 train_loss:4.2701 train_time:97983ms step_avg:93.32ms
step:1061/5100 train_loss:4.2500 train_time:98075ms step_avg:93.32ms
step:1062/5100 train_loss:4.2061 train_time:98166ms step_avg:93.31ms
step:1063/5100 train_loss:4.1882 train_time:98259ms step_avg:93.31ms
step:1064/5100 train_loss:4.2856 train_time:98349ms step_avg:93.31ms
step:1065/5100 train_loss:4.2368 train_time:98450ms step_avg:93.32ms
step:1066/5100 train_loss:4.2011 train_time:98542ms step_avg:93.32ms
step:1067/5100 train_loss:4.4060 train_time:98634ms step_avg:93.32ms
step:1068/5100 train_loss:4.3003 train_time:98725ms step_avg:93.31ms
step:1069/5100 train_loss:4.3208 train_time:98818ms step_avg:93.31ms
step:1070/5100 train_loss:4.3536 train_time:98911ms step_avg:93.31ms
step:1071/5100 train_loss:4.1940 train_time:99000ms step_avg:93.31ms
step:1072/5100 train_loss:4.2134 train_time:99095ms step_avg:93.31ms
step:1073/5100 train_loss:4.2063 train_time:99187ms step_avg:93.31ms
step:1074/5100 train_loss:4.3635 train_time:99280ms step_avg:93.31ms
step:1075/5100 train_loss:4.6596 train_time:99372ms step_avg:93.31ms
step:1076/5100 train_loss:4.4081 train_time:99462ms step_avg:93.30ms
step:1077/5100 train_loss:4.2157 train_time:99554ms step_avg:93.30ms
step:1078/5100 train_loss:4.2011 train_time:99646ms step_avg:93.30ms
step:1079/5100 train_loss:4.2644 train_time:99737ms step_avg:93.30ms
step:1080/5100 train_loss:4.2126 train_time:99830ms step_avg:93.30ms
step:1081/5100 train_loss:4.2213 train_time:99921ms step_avg:93.30ms
step:1082/5100 train_loss:4.1204 train_time:100013ms step_avg:93.30ms
step:1083/5100 train_loss:4.1933 train_time:100104ms step_avg:93.29ms
step:1084/5100 train_loss:4.3362 train_time:100197ms step_avg:93.29ms
step:1085/5100 train_loss:4.3551 train_time:100288ms step_avg:93.29ms
step:1086/5100 train_loss:4.1903 train_time:100382ms step_avg:93.29ms
step:1087/5100 train_loss:4.2138 train_time:100473ms step_avg:93.29ms
step:1088/5100 train_loss:4.3594 train_time:100564ms step_avg:93.29ms
step:1089/5100 train_loss:4.2734 train_time:100656ms step_avg:93.29ms
step:1090/5100 train_loss:4.3086 train_time:100747ms step_avg:93.28ms
step:1091/5100 train_loss:4.4284 train_time:100840ms step_avg:93.28ms
step:1092/5100 train_loss:4.1216 train_time:100931ms step_avg:93.28ms
step:1093/5100 train_loss:4.2987 train_time:101024ms step_avg:93.28ms
step:1094/5100 train_loss:4.2326 train_time:101116ms step_avg:93.28ms
step:1095/5100 train_loss:4.4064 train_time:101207ms step_avg:93.28ms
step:1096/5100 train_loss:4.1877 train_time:101299ms step_avg:93.28ms
step:1097/5100 train_loss:4.2235 train_time:101390ms step_avg:93.27ms
step:1098/5100 train_loss:4.2229 train_time:101484ms step_avg:93.28ms
step:1099/5100 train_loss:4.3397 train_time:101573ms step_avg:93.27ms
step:1100/5100 train_loss:4.2769 train_time:101664ms step_avg:93.27ms
step:1101/5100 train_loss:4.2364 train_time:101756ms step_avg:93.27ms
step:1102/5100 train_loss:4.2951 train_time:101847ms step_avg:93.27ms
step:1103/5100 train_loss:4.2782 train_time:101941ms step_avg:93.27ms
step:1104/5100 train_loss:4.3136 train_time:102031ms step_avg:93.26ms
step:1105/5100 train_loss:4.5068 train_time:102124ms step_avg:93.26ms
step:1106/5100 train_loss:4.3115 train_time:102216ms step_avg:93.26ms
step:1107/5100 train_loss:4.2331 train_time:102308ms step_avg:93.26ms
step:1108/5100 train_loss:4.2294 train_time:102400ms step_avg:93.26ms
step:1109/5100 train_loss:4.1292 train_time:102491ms step_avg:93.26ms
step:1110/5100 train_loss:4.3806 train_time:102584ms step_avg:93.26ms
step:1111/5100 train_loss:4.2911 train_time:102677ms step_avg:93.26ms
step:1112/5100 train_loss:4.3609 train_time:102767ms step_avg:93.26ms
step:1113/5100 train_loss:4.2878 train_time:102861ms step_avg:93.26ms
step:1114/5100 train_loss:4.3985 train_time:102950ms step_avg:93.25ms
step:1115/5100 train_loss:4.3366 train_time:103043ms step_avg:93.25ms
step:1116/5100 train_loss:4.2671 train_time:103134ms step_avg:93.25ms
step:1117/5100 train_loss:4.1875 train_time:103225ms step_avg:93.25ms
step:1118/5100 train_loss:4.2838 train_time:103317ms step_avg:93.25ms
step:1119/5100 train_loss:4.4634 train_time:103409ms step_avg:93.25ms
step:1120/5100 train_loss:4.3723 train_time:103501ms step_avg:93.24ms
step:1121/5100 train_loss:4.2815 train_time:103591ms step_avg:93.24ms
step:1122/5100 train_loss:4.2398 train_time:103684ms step_avg:93.24ms
step:1123/5100 train_loss:4.2908 train_time:103777ms step_avg:93.24ms
step:1124/5100 train_loss:4.1711 train_time:103868ms step_avg:93.24ms
step:1125/5100 train_loss:4.0010 train_time:103959ms step_avg:93.24ms
step:1126/5100 train_loss:4.1732 train_time:104050ms step_avg:93.23ms
step:1127/5100 train_loss:4.4006 train_time:104143ms step_avg:93.23ms
step:1128/5100 train_loss:4.3294 train_time:104236ms step_avg:93.23ms
step:1129/5100 train_loss:4.2692 train_time:104328ms step_avg:93.23ms
step:1130/5100 train_loss:4.2320 train_time:104421ms step_avg:93.23ms
step:1131/5100 train_loss:4.2482 train_time:104513ms step_avg:93.23ms
step:1132/5100 train_loss:4.5481 train_time:104607ms step_avg:93.23ms
step:1133/5100 train_loss:4.3992 train_time:104699ms step_avg:93.23ms
step:1134/5100 train_loss:4.3086 train_time:104792ms step_avg:93.23ms
step:1135/5100 train_loss:4.5436 train_time:104887ms step_avg:93.23ms
step:1136/5100 train_loss:4.2760 train_time:104979ms step_avg:93.23ms
step:1137/5100 train_loss:4.2683 train_time:105071ms step_avg:93.23ms
step:1138/5100 train_loss:4.1921 train_time:105163ms step_avg:93.23ms
step:1139/5100 train_loss:4.2829 train_time:105255ms step_avg:93.23ms
step:1140/5100 train_loss:4.2165 train_time:105345ms step_avg:93.23ms
step:1141/5100 train_loss:4.2308 train_time:105439ms step_avg:93.23ms
step:1142/5100 train_loss:4.3455 train_time:105531ms step_avg:93.23ms
step:1143/5100 train_loss:4.2462 train_time:105624ms step_avg:93.23ms
step:1144/5100 train_loss:4.2447 train_time:105716ms step_avg:93.22ms
step:1145/5100 train_loss:4.3046 train_time:105808ms step_avg:93.22ms
step:1146/5100 train_loss:4.3017 train_time:105901ms step_avg:93.22ms
step:1147/5100 train_loss:4.2515 train_time:105994ms step_avg:93.22ms
step:1148/5100 train_loss:4.2778 train_time:106085ms step_avg:93.22ms
step:1149/5100 train_loss:4.2203 train_time:106176ms step_avg:93.22ms
step:1150/5100 train_loss:4.4127 train_time:106268ms step_avg:93.22ms
step:1151/5100 train_loss:4.3323 train_time:106358ms step_avg:93.21ms
step:1152/5100 train_loss:4.1552 train_time:106449ms step_avg:93.21ms
step:1153/5100 train_loss:4.1548 train_time:106542ms step_avg:93.21ms
step:1154/5100 train_loss:4.2570 train_time:106633ms step_avg:93.21ms
step:1155/5100 train_loss:4.2990 train_time:106725ms step_avg:93.21ms
step:1156/5100 train_loss:4.2441 train_time:106817ms step_avg:93.21ms
step:1157/5100 train_loss:4.2123 train_time:106909ms step_avg:93.21ms
step:1158/5100 train_loss:4.2351 train_time:107000ms step_avg:93.21ms
step:1159/5100 train_loss:4.2054 train_time:107090ms step_avg:93.20ms
step:1160/5100 train_loss:4.2904 train_time:107183ms step_avg:93.20ms
step:1161/5100 train_loss:4.4044 train_time:107275ms step_avg:93.20ms
step:1162/5100 train_loss:4.1235 train_time:107366ms step_avg:93.20ms
step:1163/5100 train_loss:4.1835 train_time:107456ms step_avg:93.20ms
step:1164/5100 train_loss:4.2628 train_time:107549ms step_avg:93.20ms
step:1165/5100 train_loss:4.1520 train_time:107640ms step_avg:93.19ms
step:1166/5100 train_loss:4.2627 train_time:107730ms step_avg:93.19ms
step:1167/5100 train_loss:4.2179 train_time:107822ms step_avg:93.19ms
step:1168/5100 train_loss:4.1732 train_time:107914ms step_avg:93.19ms
step:1169/5100 train_loss:4.1865 train_time:108022ms step_avg:93.20ms
step:1170/5100 train_loss:4.2583 train_time:108115ms step_avg:93.20ms
step:1171/5100 train_loss:4.2350 train_time:108208ms step_avg:93.20ms
step:1172/5100 train_loss:4.1776 train_time:108300ms step_avg:93.20ms
step:1173/5100 train_loss:4.2416 train_time:108390ms step_avg:93.20ms
step:1174/5100 train_loss:4.3002 train_time:108481ms step_avg:93.20ms
step:1175/5100 train_loss:4.2844 train_time:108574ms step_avg:93.20ms
step:1176/5100 train_loss:4.2178 train_time:108664ms step_avg:93.19ms
step:1177/5100 train_loss:4.2238 train_time:108757ms step_avg:93.19ms
step:1178/5100 train_loss:4.3136 train_time:108848ms step_avg:93.19ms
step:1179/5100 train_loss:4.3558 train_time:108941ms step_avg:93.19ms
step:1180/5100 train_loss:4.1672 train_time:109033ms step_avg:93.19ms
step:1181/5100 train_loss:4.2987 train_time:109125ms step_avg:93.19ms
step:1182/5100 train_loss:4.0876 train_time:109218ms step_avg:93.19ms
step:1183/5100 train_loss:4.1912 train_time:109311ms step_avg:93.19ms
step:1184/5100 train_loss:4.2213 train_time:109403ms step_avg:93.19ms
step:1185/5100 train_loss:4.3574 train_time:109494ms step_avg:93.19ms
step:1186/5100 train_loss:4.2623 train_time:109586ms step_avg:93.18ms
step:1187/5100 train_loss:4.3034 train_time:109676ms step_avg:93.18ms
step:1188/5100 train_loss:4.2434 train_time:109767ms step_avg:93.18ms
step:1189/5100 train_loss:4.1045 train_time:109858ms step_avg:93.18ms
step:1190/5100 train_loss:4.2099 train_time:109949ms step_avg:93.18ms
step:1191/5100 train_loss:4.3162 train_time:110041ms step_avg:93.18ms
step:1192/5100 train_loss:4.3406 train_time:110132ms step_avg:93.17ms
step:1193/5100 train_loss:4.4204 train_time:110224ms step_avg:93.17ms
step:1194/5100 train_loss:4.3800 train_time:110315ms step_avg:93.17ms
step:1195/5100 train_loss:4.3083 train_time:110407ms step_avg:93.17ms
step:1196/5100 train_loss:4.5709 train_time:110500ms step_avg:93.17ms
step:1197/5100 train_loss:4.0737 train_time:110591ms step_avg:93.17ms
step:1198/5100 train_loss:4.2105 train_time:110684ms step_avg:93.17ms
step:1199/5100 train_loss:4.1155 train_time:110774ms step_avg:93.17ms
step:1200/5100 train_loss:4.3064 train_time:110865ms step_avg:93.16ms
step:1201/5100 train_loss:4.1909 train_time:110954ms step_avg:93.16ms
step:1202/5100 train_loss:4.2206 train_time:111046ms step_avg:93.16ms
step:1203/5100 train_loss:4.2519 train_time:111136ms step_avg:93.16ms
step:1204/5100 train_loss:4.3904 train_time:111229ms step_avg:93.16ms
step:1205/5100 train_loss:4.1981 train_time:111321ms step_avg:93.16ms
step:1206/5100 train_loss:4.2324 train_time:111415ms step_avg:93.16ms
step:1207/5100 train_loss:4.2220 train_time:111507ms step_avg:93.16ms
step:1208/5100 train_loss:4.1863 train_time:111599ms step_avg:93.15ms
step:1209/5100 train_loss:4.3350 train_time:111690ms step_avg:93.15ms
step:1210/5100 train_loss:4.2279 train_time:111784ms step_avg:93.15ms
step:1211/5100 train_loss:4.1397 train_time:111873ms step_avg:93.15ms
step:1212/5100 train_loss:4.1326 train_time:111964ms step_avg:93.15ms
step:1213/5100 train_loss:4.2293 train_time:112053ms step_avg:93.14ms
step:1214/5100 train_loss:4.0532 train_time:112147ms step_avg:93.15ms
step:1215/5100 train_loss:4.1876 train_time:112238ms step_avg:93.14ms
step:1216/5100 train_loss:4.1405 train_time:112329ms step_avg:93.14ms
step:1217/5100 train_loss:4.1509 train_time:112420ms step_avg:93.14ms
step:1218/5100 train_loss:4.3278 train_time:112513ms step_avg:93.14ms
step:1219/5100 train_loss:4.1333 train_time:112607ms step_avg:93.14ms
step:1220/5100 train_loss:4.1595 train_time:112701ms step_avg:93.14ms
step:1221/5100 train_loss:4.1681 train_time:112793ms step_avg:93.14ms
step:1222/5100 train_loss:4.3152 train_time:112887ms step_avg:93.14ms
step:1223/5100 train_loss:4.2240 train_time:112977ms step_avg:93.14ms
step:1224/5100 train_loss:4.0960 train_time:113069ms step_avg:93.14ms
step:1225/5100 train_loss:4.3014 train_time:113161ms step_avg:93.14ms
step:1226/5100 train_loss:4.3120 train_time:113252ms step_avg:93.13ms
step:1227/5100 train_loss:4.0943 train_time:113345ms step_avg:93.13ms
step:1228/5100 train_loss:4.2732 train_time:113437ms step_avg:93.13ms
step:1229/5100 train_loss:4.3358 train_time:113529ms step_avg:93.13ms
step:1230/5100 train_loss:4.1089 train_time:113620ms step_avg:93.13ms
step:1231/5100 train_loss:4.2068 train_time:113711ms step_avg:93.13ms
step:1232/5100 train_loss:4.2852 train_time:113804ms step_avg:93.13ms
step:1233/5100 train_loss:4.2589 train_time:113895ms step_avg:93.13ms
step:1234/5100 train_loss:4.2420 train_time:113986ms step_avg:93.13ms
step:1235/5100 train_loss:4.1577 train_time:114078ms step_avg:93.12ms
step:1236/5100 train_loss:4.3892 train_time:114170ms step_avg:93.12ms
step:1237/5100 train_loss:4.2548 train_time:114259ms step_avg:93.12ms
step:1238/5100 train_loss:4.1088 train_time:114350ms step_avg:93.12ms
step:1239/5100 train_loss:4.5952 train_time:114443ms step_avg:93.12ms
step:1240/5100 train_loss:4.3532 train_time:114536ms step_avg:93.12ms
step:1241/5100 train_loss:4.1720 train_time:114628ms step_avg:93.12ms
step:1242/5100 train_loss:4.3170 train_time:114720ms step_avg:93.12ms
step:1243/5100 train_loss:4.2232 train_time:114811ms step_avg:93.11ms
step:1244/5100 train_loss:4.1663 train_time:114903ms step_avg:93.11ms
step:1245/5100 train_loss:4.2163 train_time:114994ms step_avg:93.11ms
step:1246/5100 train_loss:4.2070 train_time:115089ms step_avg:93.11ms
step:1247/5100 train_loss:4.3857 train_time:115179ms step_avg:93.11ms
step:1248/5100 train_loss:4.2673 train_time:115271ms step_avg:93.11ms
step:1249/5100 train_loss:4.3312 train_time:115363ms step_avg:93.11ms
step:1250/5100 train_loss:4.3722 train_time:115453ms step_avg:93.11ms
step:1251/5100 train_loss:4.1233 train_time:115545ms step_avg:93.11ms
step:1252/5100 train_loss:4.2620 train_time:115639ms step_avg:93.11ms
step:1253/5100 train_loss:4.2503 train_time:115732ms step_avg:93.11ms
step:1254/5100 train_loss:4.3215 train_time:115825ms step_avg:93.11ms
step:1255/5100 train_loss:4.2511 train_time:115918ms step_avg:93.11ms
step:1256/5100 train_loss:4.2684 train_time:116010ms step_avg:93.11ms
step:1257/5100 train_loss:4.1772 train_time:116104ms step_avg:93.11ms
step:1258/5100 train_loss:4.2009 train_time:116194ms step_avg:93.10ms
step:1259/5100 train_loss:4.0713 train_time:116287ms step_avg:93.10ms
step:1260/5100 train_loss:4.1583 train_time:116378ms step_avg:93.10ms
step:1261/5100 train_loss:4.2221 train_time:116468ms step_avg:93.10ms
step:1262/5100 train_loss:4.2316 train_time:116559ms step_avg:93.10ms
step:1263/5100 train_loss:4.3183 train_time:116651ms step_avg:93.10ms
step:1264/5100 train_loss:4.1450 train_time:116743ms step_avg:93.10ms
step:1265/5100 train_loss:4.2176 train_time:116834ms step_avg:93.09ms
step:1266/5100 train_loss:4.2933 train_time:116925ms step_avg:93.09ms
step:1267/5100 train_loss:4.2212 train_time:117016ms step_avg:93.09ms
step:1268/5100 train_loss:4.3324 train_time:117109ms step_avg:93.09ms
step:1269/5100 train_loss:4.3129 train_time:117201ms step_avg:93.09ms
step:1270/5100 train_loss:4.1650 train_time:117292ms step_avg:93.09ms
step:1271/5100 train_loss:4.2157 train_time:117384ms step_avg:93.09ms
step:1272/5100 train_loss:4.2541 train_time:117475ms step_avg:93.09ms
step:1273/5100 train_loss:4.0783 train_time:117566ms step_avg:93.08ms
step:1274/5100 train_loss:4.0848 train_time:117661ms step_avg:93.09ms
step:1275/5100 train_loss:4.1748 train_time:117756ms step_avg:93.09ms
step:1276/5100 train_loss:4.3275 train_time:117854ms step_avg:93.09ms
step:1277/5100 train_loss:4.3675 train_time:117946ms step_avg:93.09ms
step:1278/5100 train_loss:4.1165 train_time:118040ms step_avg:93.09ms
step:1279/5100 train_loss:4.2618 train_time:118129ms step_avg:93.09ms
step:1280/5100 train_loss:4.2250 train_time:118222ms step_avg:93.09ms
step:1281/5100 train_loss:4.2654 train_time:118313ms step_avg:93.09ms
step:1282/5100 train_loss:4.3312 train_time:118405ms step_avg:93.09ms
step:1283/5100 train_loss:4.3321 train_time:118497ms step_avg:93.08ms
step:1284/5100 train_loss:4.3237 train_time:118587ms step_avg:93.08ms
step:1285/5100 train_loss:4.2412 train_time:118678ms step_avg:93.08ms
step:1286/5100 train_loss:4.1777 train_time:118768ms step_avg:93.08ms
step:1287/5100 train_loss:4.2910 train_time:118861ms step_avg:93.08ms
step:1288/5100 train_loss:4.1555 train_time:118950ms step_avg:93.08ms
step:1289/5100 train_loss:4.1229 train_time:119044ms step_avg:93.08ms
step:1290/5100 train_loss:4.3344 train_time:119134ms step_avg:93.07ms
step:1291/5100 train_loss:4.2372 train_time:119226ms step_avg:93.07ms
step:1292/5100 train_loss:4.2433 train_time:119318ms step_avg:93.07ms
step:1293/5100 train_loss:4.2720 train_time:119409ms step_avg:93.07ms
step:1294/5100 train_loss:4.2079 train_time:119502ms step_avg:93.07ms
step:1295/5100 train_loss:4.2469 train_time:119592ms step_avg:93.07ms
step:1296/5100 train_loss:4.1740 train_time:119686ms step_avg:93.07ms
step:1297/5100 train_loss:4.2006 train_time:119777ms step_avg:93.07ms
step:1298/5100 train_loss:4.2990 train_time:119870ms step_avg:93.07ms
step:1299/5100 train_loss:4.1386 train_time:119960ms step_avg:93.06ms
step:1300/5100 train_loss:4.2948 train_time:120051ms step_avg:93.06ms
step:1300/5100 val_loss:4.2076 train_time:120058ms step_avg:93.07ms
step:1301/5100 train_loss:4.2510 train_time:120145ms step_avg:93.06ms
step:1302/5100 train_loss:4.1664 train_time:120236ms step_avg:93.06ms
step:1303/5100 train_loss:4.1297 train_time:120333ms step_avg:93.06ms
step:1304/5100 train_loss:4.0801 train_time:120422ms step_avg:93.06ms
step:1305/5100 train_loss:4.1833 train_time:120514ms step_avg:93.06ms
step:1306/5100 train_loss:4.1755 train_time:120607ms step_avg:93.06ms
step:1307/5100 train_loss:4.3436 train_time:120697ms step_avg:93.06ms
step:1308/5100 train_loss:4.4570 train_time:120787ms step_avg:93.06ms
step:1309/5100 train_loss:4.2679 train_time:120878ms step_avg:93.05ms
step:1310/5100 train_loss:4.1162 train_time:120969ms step_avg:93.05ms
step:1311/5100 train_loss:4.3090 train_time:121062ms step_avg:93.05ms
step:1312/5100 train_loss:4.1248 train_time:121155ms step_avg:93.05ms
step:1313/5100 train_loss:4.2218 train_time:121247ms step_avg:93.05ms
step:1314/5100 train_loss:4.2506 train_time:121338ms step_avg:93.05ms
step:1315/5100 train_loss:4.1756 train_time:121431ms step_avg:93.05ms
step:1316/5100 train_loss:4.1674 train_time:121525ms step_avg:93.05ms
step:1317/5100 train_loss:3.9861 train_time:121618ms step_avg:93.05ms
step:1318/5100 train_loss:4.1923 train_time:121707ms step_avg:93.05ms
step:1319/5100 train_loss:4.2721 train_time:121798ms step_avg:93.05ms
step:1320/5100 train_loss:4.1180 train_time:121888ms step_avg:93.04ms
step:1321/5100 train_loss:4.3830 train_time:121979ms step_avg:93.04ms
step:1322/5100 train_loss:4.3107 train_time:122070ms step_avg:93.04ms
step:1323/5100 train_loss:4.2779 train_time:122163ms step_avg:93.04ms
step:1324/5100 train_loss:4.1889 train_time:122254ms step_avg:93.04ms
step:1325/5100 train_loss:4.1763 train_time:122345ms step_avg:93.04ms
step:1326/5100 train_loss:4.3355 train_time:122437ms step_avg:93.04ms
step:1327/5100 train_loss:4.2644 train_time:122528ms step_avg:93.04ms
step:1328/5100 train_loss:4.2801 train_time:122619ms step_avg:93.03ms
step:1329/5100 train_loss:4.1164 train_time:122711ms step_avg:93.03ms
step:1330/5100 train_loss:4.1644 train_time:122802ms step_avg:93.03ms
step:1331/5100 train_loss:4.1837 train_time:122896ms step_avg:93.03ms
step:1332/5100 train_loss:4.0770 train_time:122987ms step_avg:93.03ms
step:1333/5100 train_loss:4.1545 train_time:123081ms step_avg:93.03ms
step:1334/5100 train_loss:4.2351 train_time:123175ms step_avg:93.03ms
step:1335/5100 train_loss:4.2297 train_time:123268ms step_avg:93.03ms
step:1336/5100 train_loss:4.0466 train_time:123362ms step_avg:93.03ms
step:1337/5100 train_loss:4.2188 train_time:123453ms step_avg:93.03ms
step:1338/5100 train_loss:4.2405 train_time:123545ms step_avg:93.03ms
step:1339/5100 train_loss:4.1396 train_time:123638ms step_avg:93.03ms
step:1340/5100 train_loss:4.3492 train_time:123729ms step_avg:93.03ms
step:1341/5100 train_loss:4.1921 train_time:123822ms step_avg:93.03ms
step:1342/5100 train_loss:4.1771 train_time:123913ms step_avg:93.03ms
step:1343/5100 train_loss:4.1856 train_time:124006ms step_avg:93.03ms
step:1344/5100 train_loss:4.0792 train_time:124096ms step_avg:93.03ms
step:1345/5100 train_loss:4.1618 train_time:124188ms step_avg:93.02ms
step:1346/5100 train_loss:4.1354 train_time:124279ms step_avg:93.02ms
step:1347/5100 train_loss:4.1505 train_time:124370ms step_avg:93.02ms
step:1348/5100 train_loss:4.1164 train_time:124464ms step_avg:93.02ms
step:1349/5100 train_loss:4.1407 train_time:124556ms step_avg:93.02ms
step:1350/5100 train_loss:4.2252 train_time:124649ms step_avg:93.02ms
step:1351/5100 train_loss:4.2858 train_time:124739ms step_avg:93.02ms
step:1352/5100 train_loss:4.1524 train_time:124831ms step_avg:93.02ms
step:1353/5100 train_loss:4.1833 train_time:124923ms step_avg:93.02ms
step:1354/5100 train_loss:4.0244 train_time:125014ms step_avg:93.02ms
step:1355/5100 train_loss:4.2412 train_time:125106ms step_avg:93.02ms
step:1356/5100 train_loss:4.3585 train_time:125197ms step_avg:93.01ms
step:1357/5100 train_loss:4.1114 train_time:125288ms step_avg:93.01ms
step:1358/5100 train_loss:4.2849 train_time:125379ms step_avg:93.01ms
step:1359/5100 train_loss:4.0796 train_time:125472ms step_avg:93.01ms
step:1360/5100 train_loss:4.1411 train_time:125564ms step_avg:93.01ms
step:1361/5100 train_loss:3.9837 train_time:125655ms step_avg:93.01ms
step:1362/5100 train_loss:4.1833 train_time:125752ms step_avg:93.01ms
step:1363/5100 train_loss:4.2774 train_time:125845ms step_avg:93.01ms
step:1364/5100 train_loss:4.2984 train_time:125932ms step_avg:93.01ms
step:1365/5100 train_loss:4.1074 train_time:126025ms step_avg:93.01ms
step:1366/5100 train_loss:3.7383 train_time:126115ms step_avg:93.00ms
step:1367/5100 train_loss:4.1620 train_time:126206ms step_avg:93.00ms
step:1368/5100 train_loss:4.2245 train_time:126296ms step_avg:93.00ms
step:1369/5100 train_loss:4.3652 train_time:126388ms step_avg:93.00ms
step:1370/5100 train_loss:4.2375 train_time:126479ms step_avg:93.00ms
step:1371/5100 train_loss:4.2530 train_time:126569ms step_avg:93.00ms
step:1372/5100 train_loss:4.3523 train_time:126661ms step_avg:93.00ms
step:1373/5100 train_loss:4.1518 train_time:126753ms step_avg:93.00ms
step:1374/5100 train_loss:4.1287 train_time:126845ms step_avg:93.00ms
step:1375/5100 train_loss:4.1662 train_time:126937ms step_avg:92.99ms
step:1376/5100 train_loss:4.4480 train_time:127029ms step_avg:92.99ms
step:1377/5100 train_loss:4.2812 train_time:127121ms step_avg:92.99ms
step:1378/5100 train_loss:4.2593 train_time:127212ms step_avg:92.99ms
step:1379/5100 train_loss:4.1856 train_time:127303ms step_avg:92.99ms
step:1380/5100 train_loss:4.2888 train_time:127393ms step_avg:92.99ms
step:1381/5100 train_loss:4.3052 train_time:127487ms step_avg:92.99ms
step:1382/5100 train_loss:4.1162 train_time:127581ms step_avg:92.99ms
step:1383/5100 train_loss:4.1806 train_time:127672ms step_avg:92.99ms
step:1384/5100 train_loss:4.0754 train_time:127767ms step_avg:92.99ms
step:1385/5100 train_loss:4.0826 train_time:127858ms step_avg:92.99ms
step:1386/5100 train_loss:4.4152 train_time:127951ms step_avg:92.99ms
step:1387/5100 train_loss:4.1515 train_time:128044ms step_avg:92.99ms
step:1388/5100 train_loss:4.1036 train_time:128135ms step_avg:92.99ms
step:1389/5100 train_loss:4.2112 train_time:128227ms step_avg:92.99ms
step:1390/5100 train_loss:4.3198 train_time:128323ms step_avg:92.99ms
step:1391/5100 train_loss:4.2279 train_time:128411ms step_avg:92.98ms
step:1392/5100 train_loss:4.1322 train_time:128504ms step_avg:92.98ms
step:1393/5100 train_loss:4.1916 train_time:128594ms step_avg:92.98ms
step:1394/5100 train_loss:4.2243 train_time:128688ms step_avg:92.98ms
step:1395/5100 train_loss:4.1434 train_time:128780ms step_avg:92.98ms
step:1396/5100 train_loss:4.0731 train_time:128872ms step_avg:92.98ms
step:1397/5100 train_loss:4.2863 train_time:128966ms step_avg:92.98ms
step:1398/5100 train_loss:4.1468 train_time:129056ms step_avg:92.98ms
step:1399/5100 train_loss:4.3436 train_time:129147ms step_avg:92.98ms
step:1400/5100 train_loss:4.3499 train_time:129237ms step_avg:92.98ms
step:1401/5100 train_loss:4.0808 train_time:129328ms step_avg:92.97ms
step:1402/5100 train_loss:4.0881 train_time:129419ms step_avg:92.97ms
step:1403/5100 train_loss:4.1783 train_time:129509ms step_avg:92.97ms
step:1404/5100 train_loss:4.1993 train_time:129601ms step_avg:92.97ms
step:1405/5100 train_loss:4.1615 train_time:129690ms step_avg:92.97ms
step:1406/5100 train_loss:4.2120 train_time:129783ms step_avg:92.97ms
step:1407/5100 train_loss:4.1875 train_time:129874ms step_avg:92.97ms
step:1408/5100 train_loss:4.2351 train_time:129966ms step_avg:92.97ms
step:1409/5100 train_loss:4.1619 train_time:130058ms step_avg:92.96ms
step:1410/5100 train_loss:4.0626 train_time:130150ms step_avg:92.96ms
step:1411/5100 train_loss:4.1340 train_time:130244ms step_avg:92.97ms
step:1412/5100 train_loss:4.1441 train_time:130336ms step_avg:92.96ms
step:1413/5100 train_loss:4.2354 train_time:130427ms step_avg:92.96ms
step:1414/5100 train_loss:4.3435 train_time:130518ms step_avg:92.96ms
step:1415/5100 train_loss:4.1573 train_time:130611ms step_avg:92.96ms
step:1416/5100 train_loss:4.2652 train_time:130702ms step_avg:92.96ms
step:1417/5100 train_loss:4.0974 train_time:130793ms step_avg:92.96ms
step:1418/5100 train_loss:4.1842 train_time:130885ms step_avg:92.96ms
step:1419/5100 train_loss:4.0815 train_time:130977ms step_avg:92.96ms
step:1420/5100 train_loss:4.0816 train_time:131068ms step_avg:92.96ms
step:1421/5100 train_loss:4.1520 train_time:131159ms step_avg:92.95ms
step:1422/5100 train_loss:4.2173 train_time:131249ms step_avg:92.95ms
step:1423/5100 train_loss:4.3190 train_time:131342ms step_avg:92.95ms
step:1424/5100 train_loss:4.2600 train_time:131433ms step_avg:92.95ms
step:1425/5100 train_loss:4.2858 train_time:131724ms step_avg:93.09ms
step:1426/5100 train_loss:4.1333 train_time:131814ms step_avg:93.09ms
step:1427/5100 train_loss:4.1674 train_time:131905ms step_avg:93.09ms
step:1428/5100 train_loss:4.3181 train_time:131997ms step_avg:93.09ms
step:1429/5100 train_loss:4.3123 train_time:132088ms step_avg:93.09ms
step:1430/5100 train_loss:4.1456 train_time:132181ms step_avg:93.08ms
step:1431/5100 train_loss:4.2407 train_time:132272ms step_avg:93.08ms
step:1432/5100 train_loss:4.1592 train_time:132364ms step_avg:93.08ms
step:1433/5100 train_loss:4.1013 train_time:132455ms step_avg:93.08ms
step:1434/5100 train_loss:4.1143 train_time:132547ms step_avg:93.08ms
step:1435/5100 train_loss:4.1184 train_time:132642ms step_avg:93.08ms
step:1436/5100 train_loss:4.2342 train_time:132732ms step_avg:93.08ms
step:1437/5100 train_loss:4.2480 train_time:132823ms step_avg:93.08ms
step:1438/5100 train_loss:4.2181 train_time:132915ms step_avg:93.08ms
step:1439/5100 train_loss:4.0904 train_time:133006ms step_avg:93.08ms
step:1440/5100 train_loss:4.2108 train_time:133097ms step_avg:93.07ms
step:1441/5100 train_loss:4.1336 train_time:133188ms step_avg:93.07ms
step:1442/5100 train_loss:4.2979 train_time:133279ms step_avg:93.07ms
step:1443/5100 train_loss:4.1113 train_time:133370ms step_avg:93.07ms
step:1444/5100 train_loss:4.2602 train_time:133463ms step_avg:93.07ms
step:1445/5100 train_loss:4.0252 train_time:133553ms step_avg:93.07ms
step:1446/5100 train_loss:4.0923 train_time:133645ms step_avg:93.07ms
step:1447/5100 train_loss:4.0424 train_time:133737ms step_avg:93.07ms
step:1448/5100 train_loss:4.1443 train_time:133828ms step_avg:93.07ms
step:1449/5100 train_loss:4.2336 train_time:133920ms step_avg:93.06ms
step:1450/5100 train_loss:4.1548 train_time:134025ms step_avg:93.07ms
step:1451/5100 train_loss:4.1552 train_time:134113ms step_avg:93.07ms
step:1452/5100 train_loss:4.1590 train_time:134204ms step_avg:93.07ms
step:1453/5100 train_loss:4.1211 train_time:134294ms step_avg:93.07ms
step:1454/5100 train_loss:4.1560 train_time:134385ms step_avg:93.06ms
step:1455/5100 train_loss:4.2541 train_time:134478ms step_avg:93.06ms
step:1456/5100 train_loss:4.2399 train_time:134570ms step_avg:93.06ms
step:1457/5100 train_loss:4.2247 train_time:134663ms step_avg:93.06ms
step:1458/5100 train_loss:4.1504 train_time:134755ms step_avg:93.06ms
step:1459/5100 train_loss:4.1768 train_time:134846ms step_avg:93.06ms
step:1460/5100 train_loss:4.1002 train_time:134938ms step_avg:93.06ms
step:1461/5100 train_loss:4.0997 train_time:135028ms step_avg:93.06ms
step:1462/5100 train_loss:4.1246 train_time:135121ms step_avg:93.06ms
step:1463/5100 train_loss:4.1480 train_time:135212ms step_avg:93.06ms
step:1464/5100 train_loss:4.1382 train_time:135303ms step_avg:93.06ms
step:1465/5100 train_loss:4.1087 train_time:135392ms step_avg:93.05ms
step:1466/5100 train_loss:4.1422 train_time:135485ms step_avg:93.05ms
step:1467/5100 train_loss:4.1785 train_time:135579ms step_avg:93.05ms
step:1468/5100 train_loss:4.1691 train_time:135670ms step_avg:93.05ms
step:1469/5100 train_loss:4.2378 train_time:135762ms step_avg:93.05ms
step:1470/5100 train_loss:4.2624 train_time:135854ms step_avg:93.05ms
step:1471/5100 train_loss:4.4006 train_time:135946ms step_avg:93.05ms
step:1472/5100 train_loss:4.1367 train_time:136038ms step_avg:93.05ms
step:1473/5100 train_loss:4.0219 train_time:136128ms step_avg:93.05ms
step:1474/5100 train_loss:4.2181 train_time:136220ms step_avg:93.05ms
step:1475/5100 train_loss:4.1041 train_time:136310ms step_avg:93.04ms
step:1476/5100 train_loss:3.9719 train_time:136402ms step_avg:93.04ms
step:1477/5100 train_loss:4.1555 train_time:136492ms step_avg:93.04ms
step:1478/5100 train_loss:4.1910 train_time:136584ms step_avg:93.04ms
step:1479/5100 train_loss:4.1120 train_time:136676ms step_avg:93.04ms
step:1480/5100 train_loss:4.2313 train_time:136767ms step_avg:93.04ms
step:1481/5100 train_loss:4.2318 train_time:136860ms step_avg:93.04ms
step:1482/5100 train_loss:4.1924 train_time:136952ms step_avg:93.04ms
step:1483/5100 train_loss:4.0800 train_time:137047ms step_avg:93.04ms
step:1484/5100 train_loss:4.1654 train_time:137137ms step_avg:93.04ms
step:1485/5100 train_loss:4.2360 train_time:137228ms step_avg:93.04ms
step:1486/5100 train_loss:4.2760 train_time:137319ms step_avg:93.03ms
step:1487/5100 train_loss:4.0535 train_time:137409ms step_avg:93.03ms
step:1488/5100 train_loss:4.1555 train_time:137501ms step_avg:93.03ms
step:1489/5100 train_loss:4.0327 train_time:137592ms step_avg:93.03ms
step:1490/5100 train_loss:4.2502 train_time:137685ms step_avg:93.03ms
step:1491/5100 train_loss:4.1209 train_time:137775ms step_avg:93.03ms
step:1492/5100 train_loss:4.2312 train_time:137868ms step_avg:93.03ms
step:1493/5100 train_loss:4.1526 train_time:137960ms step_avg:93.03ms
step:1494/5100 train_loss:4.2045 train_time:138053ms step_avg:93.03ms
step:1495/5100 train_loss:4.1955 train_time:138143ms step_avg:93.03ms
step:1496/5100 train_loss:4.2951 train_time:138234ms step_avg:93.02ms
step:1497/5100 train_loss:4.1760 train_time:138326ms step_avg:93.02ms
step:1498/5100 train_loss:4.1860 train_time:138418ms step_avg:93.02ms
step:1499/5100 train_loss:4.4297 train_time:138508ms step_avg:93.02ms
step:1500/5100 train_loss:4.0302 train_time:138600ms step_avg:93.02ms
step:1501/5100 train_loss:4.2344 train_time:138691ms step_avg:93.02ms
step:1502/5100 train_loss:4.1835 train_time:138783ms step_avg:93.02ms
step:1503/5100 train_loss:4.1113 train_time:138874ms step_avg:93.02ms
step:1504/5100 train_loss:4.1291 train_time:138966ms step_avg:93.02ms
step:1505/5100 train_loss:4.2622 train_time:139058ms step_avg:93.02ms
step:1506/5100 train_loss:4.1149 train_time:139149ms step_avg:93.01ms
step:1507/5100 train_loss:4.1205 train_time:139243ms step_avg:93.01ms
step:1508/5100 train_loss:4.2729 train_time:139335ms step_avg:93.01ms
step:1509/5100 train_loss:4.1273 train_time:139426ms step_avg:93.01ms
step:1510/5100 train_loss:4.0000 train_time:139518ms step_avg:93.01ms
step:1511/5100 train_loss:4.2501 train_time:139608ms step_avg:93.01ms
step:1512/5100 train_loss:3.9632 train_time:139699ms step_avg:93.01ms
step:1513/5100 train_loss:4.1243 train_time:139790ms step_avg:93.01ms
step:1514/5100 train_loss:4.2320 train_time:139883ms step_avg:93.01ms
step:1515/5100 train_loss:4.3044 train_time:139975ms step_avg:93.01ms
step:1516/5100 train_loss:4.1269 train_time:140067ms step_avg:93.01ms
step:1517/5100 train_loss:4.1619 train_time:140161ms step_avg:93.01ms
step:1518/5100 train_loss:4.1141 train_time:140251ms step_avg:93.00ms
step:1519/5100 train_loss:4.0918 train_time:140345ms step_avg:93.01ms
step:1520/5100 train_loss:4.0471 train_time:140436ms step_avg:93.00ms
step:1521/5100 train_loss:4.1440 train_time:140527ms step_avg:93.00ms
step:1522/5100 train_loss:4.3128 train_time:140618ms step_avg:93.00ms
step:1523/5100 train_loss:4.8721 train_time:140711ms step_avg:93.00ms
step:1524/5100 train_loss:4.0082 train_time:140801ms step_avg:93.00ms
step:1525/5100 train_loss:4.0834 train_time:141146ms step_avg:93.17ms
step:1526/5100 train_loss:4.0790 train_time:141237ms step_avg:93.16ms
step:1527/5100 train_loss:4.1194 train_time:141328ms step_avg:93.16ms
step:1528/5100 train_loss:4.1311 train_time:141420ms step_avg:93.16ms
step:1529/5100 train_loss:4.1058 train_time:141512ms step_avg:93.16ms
step:1530/5100 train_loss:4.1089 train_time:141602ms step_avg:93.16ms
step:1531/5100 train_loss:4.1036 train_time:141691ms step_avg:93.16ms
step:1532/5100 train_loss:4.0763 train_time:141783ms step_avg:93.16ms
step:1533/5100 train_loss:4.0951 train_time:141874ms step_avg:93.15ms
step:1534/5100 train_loss:3.8970 train_time:141967ms step_avg:93.15ms
step:1535/5100 train_loss:4.0615 train_time:142059ms step_avg:93.15ms
step:1536/5100 train_loss:4.1745 train_time:142150ms step_avg:93.15ms
step:1537/5100 train_loss:4.2784 train_time:142243ms step_avg:93.15ms
step:1538/5100 train_loss:4.3586 train_time:142335ms step_avg:93.15ms
step:1539/5100 train_loss:4.1699 train_time:142427ms step_avg:93.15ms
step:1540/5100 train_loss:4.2220 train_time:142518ms step_avg:93.15ms
step:1541/5100 train_loss:4.3350 train_time:142608ms step_avg:93.15ms
step:1542/5100 train_loss:4.2037 train_time:142702ms step_avg:93.15ms
step:1543/5100 train_loss:4.2679 train_time:142794ms step_avg:93.15ms
step:1544/5100 train_loss:3.9017 train_time:142887ms step_avg:93.15ms
step:1545/5100 train_loss:4.2691 train_time:142979ms step_avg:93.15ms
step:1546/5100 train_loss:4.2259 train_time:143071ms step_avg:93.14ms
step:1547/5100 train_loss:4.1468 train_time:143163ms step_avg:93.14ms
step:1548/5100 train_loss:4.1771 train_time:143256ms step_avg:93.14ms
step:1549/5100 train_loss:4.2095 train_time:143350ms step_avg:93.15ms
step:1550/5100 train_loss:4.1451 train_time:143442ms step_avg:93.14ms
step:1551/5100 train_loss:4.1987 train_time:143536ms step_avg:93.14ms
step:1552/5100 train_loss:4.3025 train_time:143630ms step_avg:93.14ms
step:1553/5100 train_loss:4.1757 train_time:143721ms step_avg:93.14ms
step:1554/5100 train_loss:4.2065 train_time:143812ms step_avg:93.14ms
step:1555/5100 train_loss:4.1001 train_time:143904ms step_avg:93.14ms
step:1556/5100 train_loss:4.2144 train_time:143996ms step_avg:93.14ms
step:1557/5100 train_loss:4.3255 train_time:144088ms step_avg:93.14ms
step:1558/5100 train_loss:4.2315 train_time:144179ms step_avg:93.14ms
step:1559/5100 train_loss:4.4009 train_time:144272ms step_avg:93.14ms
step:1560/5100 train_loss:4.1094 train_time:144363ms step_avg:93.14ms
step:1561/5100 train_loss:4.1620 train_time:144455ms step_avg:93.14ms
step:1562/5100 train_loss:4.2646 train_time:144547ms step_avg:93.14ms
step:1563/5100 train_loss:4.0999 train_time:144640ms step_avg:93.14ms
step:1564/5100 train_loss:3.9928 train_time:144730ms step_avg:93.13ms
step:1565/5100 train_loss:4.1614 train_time:144822ms step_avg:93.13ms
step:1566/5100 train_loss:4.3475 train_time:144911ms step_avg:93.13ms
step:1567/5100 train_loss:4.2066 train_time:145002ms step_avg:93.13ms
step:1568/5100 train_loss:4.1347 train_time:145093ms step_avg:93.13ms
step:1569/5100 train_loss:4.1714 train_time:145185ms step_avg:93.13ms
step:1570/5100 train_loss:4.1555 train_time:145276ms step_avg:93.13ms
step:1571/5100 train_loss:4.1319 train_time:145368ms step_avg:93.12ms
step:1572/5100 train_loss:4.6020 train_time:145460ms step_avg:93.12ms
step:1573/5100 train_loss:4.1638 train_time:145553ms step_avg:93.12ms
step:1574/5100 train_loss:4.0961 train_time:145646ms step_avg:93.12ms
step:1575/5100 train_loss:4.0601 train_time:145736ms step_avg:93.12ms
step:1576/5100 train_loss:4.0899 train_time:145829ms step_avg:93.12ms
step:1577/5100 train_loss:4.1177 train_time:145919ms step_avg:93.12ms
step:1578/5100 train_loss:4.2080 train_time:146010ms step_avg:93.12ms
step:1579/5100 train_loss:4.0413 train_time:146102ms step_avg:93.12ms
step:1580/5100 train_loss:4.2591 train_time:146192ms step_avg:93.12ms
step:1581/5100 train_loss:4.0728 train_time:146284ms step_avg:93.12ms
step:1582/5100 train_loss:4.1668 train_time:146375ms step_avg:93.11ms
step:1583/5100 train_loss:4.2096 train_time:146469ms step_avg:93.11ms
step:1584/5100 train_loss:4.2239 train_time:146561ms step_avg:93.11ms
step:1585/5100 train_loss:4.2259 train_time:146656ms step_avg:93.11ms
step:1586/5100 train_loss:4.1137 train_time:146746ms step_avg:93.11ms
step:1587/5100 train_loss:4.2789 train_time:146838ms step_avg:93.11ms
step:1588/5100 train_loss:4.1790 train_time:146930ms step_avg:93.11ms
step:1589/5100 train_loss:4.0589 train_time:147023ms step_avg:93.11ms
step:1590/5100 train_loss:4.2002 train_time:147113ms step_avg:93.11ms
step:1591/5100 train_loss:4.0599 train_time:147203ms step_avg:93.11ms
step:1592/5100 train_loss:4.0421 train_time:147293ms step_avg:93.11ms
step:1593/5100 train_loss:4.1262 train_time:147386ms step_avg:93.11ms
step:1594/5100 train_loss:4.2187 train_time:147478ms step_avg:93.10ms
step:1595/5100 train_loss:4.2110 train_time:147568ms step_avg:93.10ms
step:1596/5100 train_loss:4.1326 train_time:147660ms step_avg:93.10ms
step:1597/5100 train_loss:4.1177 train_time:147752ms step_avg:93.10ms
step:1598/5100 train_loss:4.1047 train_time:147845ms step_avg:93.10ms
step:1599/5100 train_loss:4.1451 train_time:147937ms step_avg:93.10ms
step:1600/5100 train_loss:4.2958 train_time:148027ms step_avg:93.10ms
step:1601/5100 train_loss:4.1288 train_time:148119ms step_avg:93.10ms
step:1602/5100 train_loss:4.5597 train_time:148209ms step_avg:93.10ms
step:1603/5100 train_loss:4.9682 train_time:148302ms step_avg:93.10ms
step:1604/5100 train_loss:4.1764 train_time:148392ms step_avg:93.09ms
step:1605/5100 train_loss:4.1148 train_time:148485ms step_avg:93.09ms
step:1606/5100 train_loss:4.0533 train_time:148577ms step_avg:93.09ms
step:1607/5100 train_loss:4.0232 train_time:148669ms step_avg:93.09ms
step:1608/5100 train_loss:4.1896 train_time:148760ms step_avg:93.09ms
step:1609/5100 train_loss:4.2228 train_time:148852ms step_avg:93.09ms
step:1610/5100 train_loss:3.9844 train_time:148943ms step_avg:93.09ms
step:1611/5100 train_loss:4.4139 train_time:149034ms step_avg:93.09ms
step:1612/5100 train_loss:4.1567 train_time:149127ms step_avg:93.09ms
step:1613/5100 train_loss:4.1363 train_time:149219ms step_avg:93.09ms
step:1614/5100 train_loss:4.1277 train_time:149309ms step_avg:93.09ms
step:1615/5100 train_loss:4.2696 train_time:149401ms step_avg:93.09ms
step:1616/5100 train_loss:4.1490 train_time:149491ms step_avg:93.08ms
step:1617/5100 train_loss:4.1948 train_time:149584ms step_avg:93.08ms
step:1618/5100 train_loss:4.1518 train_time:149677ms step_avg:93.08ms
step:1619/5100 train_loss:4.1829 train_time:149768ms step_avg:93.08ms
step:1620/5100 train_loss:4.1221 train_time:149861ms step_avg:93.08ms
step:1621/5100 train_loss:4.0173 train_time:149956ms step_avg:93.08ms
step:1622/5100 train_loss:4.2241 train_time:150048ms step_avg:93.08ms
step:1623/5100 train_loss:4.1010 train_time:150140ms step_avg:93.08ms
step:1624/5100 train_loss:4.4309 train_time:150231ms step_avg:93.08ms
step:1625/5100 train_loss:4.3000 train_time:150323ms step_avg:93.08ms
step:1626/5100 train_loss:4.0921 train_time:150415ms step_avg:93.08ms
step:1627/5100 train_loss:4.0984 train_time:150506ms step_avg:93.08ms
step:1628/5100 train_loss:4.2371 train_time:150596ms step_avg:93.08ms
step:1629/5100 train_loss:4.2428 train_time:150688ms step_avg:93.07ms
step:1630/5100 train_loss:4.2946 train_time:150783ms step_avg:93.08ms
step:1631/5100 train_loss:4.2198 train_time:150876ms step_avg:93.08ms
step:1632/5100 train_loss:4.2341 train_time:150968ms step_avg:93.07ms
step:1633/5100 train_loss:4.0715 train_time:151061ms step_avg:93.08ms
step:1634/5100 train_loss:4.2661 train_time:151153ms step_avg:93.07ms
step:1635/5100 train_loss:4.1474 train_time:151247ms step_avg:93.07ms
step:1636/5100 train_loss:4.1393 train_time:151339ms step_avg:93.07ms
step:1637/5100 train_loss:4.1780 train_time:151429ms step_avg:93.07ms
step:1638/5100 train_loss:4.1104 train_time:151522ms step_avg:93.07ms
step:1639/5100 train_loss:4.2841 train_time:151615ms step_avg:93.07ms
step:1640/5100 train_loss:4.3102 train_time:151705ms step_avg:93.07ms
step:1641/5100 train_loss:4.1357 train_time:151796ms step_avg:93.07ms
step:1642/5100 train_loss:4.0829 train_time:151888ms step_avg:93.07ms
step:1643/5100 train_loss:4.1217 train_time:151980ms step_avg:93.07ms
step:1644/5100 train_loss:4.1203 train_time:152071ms step_avg:93.07ms
step:1645/5100 train_loss:4.1556 train_time:152164ms step_avg:93.07ms
step:1646/5100 train_loss:4.0465 train_time:152255ms step_avg:93.07ms
step:1647/5100 train_loss:3.9743 train_time:152347ms step_avg:93.06ms
step:1648/5100 train_loss:3.9863 train_time:152438ms step_avg:93.06ms
step:1649/5100 train_loss:4.0784 train_time:152530ms step_avg:93.06ms
step:1650/5100 train_loss:4.0660 train_time:152622ms step_avg:93.06ms
step:1651/5100 train_loss:4.1157 train_time:152713ms step_avg:93.06ms
step:1652/5100 train_loss:4.1304 train_time:152808ms step_avg:93.06ms
step:1653/5100 train_loss:4.2250 train_time:152901ms step_avg:93.06ms
step:1654/5100 train_loss:4.2302 train_time:152991ms step_avg:93.06ms
step:1655/5100 train_loss:4.1399 train_time:153085ms step_avg:93.06ms
step:1656/5100 train_loss:4.1863 train_time:153177ms step_avg:93.06ms
step:1657/5100 train_loss:4.1509 train_time:153268ms step_avg:93.06ms
step:1658/5100 train_loss:4.2986 train_time:153360ms step_avg:93.06ms
step:1659/5100 train_loss:4.0705 train_time:153452ms step_avg:93.06ms
step:1660/5100 train_loss:4.1782 train_time:153545ms step_avg:93.06ms
step:1661/5100 train_loss:4.1313 train_time:153637ms step_avg:93.06ms
step:1662/5100 train_loss:4.3850 train_time:153730ms step_avg:93.06ms
step:1663/5100 train_loss:4.1349 train_time:153822ms step_avg:93.06ms
step:1664/5100 train_loss:4.2833 train_time:153913ms step_avg:93.05ms
step:1665/5100 train_loss:4.2414 train_time:154004ms step_avg:93.05ms
step:1666/5100 train_loss:4.0127 train_time:154095ms step_avg:93.05ms
step:1667/5100 train_loss:4.2399 train_time:154186ms step_avg:93.05ms
step:1668/5100 train_loss:4.1099 train_time:154278ms step_avg:93.05ms
step:1669/5100 train_loss:4.0860 train_time:154368ms step_avg:93.05ms
step:1670/5100 train_loss:4.2205 train_time:154461ms step_avg:93.05ms
step:1671/5100 train_loss:4.2843 train_time:154552ms step_avg:93.05ms
step:1672/5100 train_loss:4.1244 train_time:154645ms step_avg:93.05ms
step:1673/5100 train_loss:4.0931 train_time:154736ms step_avg:93.05ms
step:1674/5100 train_loss:4.0670 train_time:154828ms step_avg:93.05ms
step:1675/5100 train_loss:4.0523 train_time:154919ms step_avg:93.04ms
step:1676/5100 train_loss:3.8728 train_time:155009ms step_avg:93.04ms
step:1677/5100 train_loss:4.0741 train_time:155100ms step_avg:93.04ms
step:1678/5100 train_loss:3.9853 train_time:155189ms step_avg:93.04ms
step:1679/5100 train_loss:4.2157 train_time:155281ms step_avg:93.04ms
step:1680/5100 train_loss:4.1227 train_time:155372ms step_avg:93.04ms
step:1681/5100 train_loss:4.2862 train_time:155464ms step_avg:93.04ms
step:1682/5100 train_loss:4.1285 train_time:155556ms step_avg:93.04ms
step:1683/5100 train_loss:4.1634 train_time:155648ms step_avg:93.04ms
step:1684/5100 train_loss:4.0345 train_time:155739ms step_avg:93.03ms
step:1685/5100 train_loss:4.2849 train_time:155831ms step_avg:93.03ms
step:1686/5100 train_loss:4.1188 train_time:155922ms step_avg:93.03ms
step:1687/5100 train_loss:4.1026 train_time:156014ms step_avg:93.03ms
step:1688/5100 train_loss:4.0762 train_time:156104ms step_avg:93.03ms
step:1689/5100 train_loss:4.1789 train_time:156194ms step_avg:93.03ms
step:1690/5100 train_loss:4.1770 train_time:156285ms step_avg:93.03ms
step:1691/5100 train_loss:4.1586 train_time:156378ms step_avg:93.03ms
step:1692/5100 train_loss:4.0824 train_time:156468ms step_avg:93.02ms
step:1693/5100 train_loss:4.0999 train_time:156561ms step_avg:93.02ms
step:1694/5100 train_loss:4.1659 train_time:156652ms step_avg:93.02ms
step:1695/5100 train_loss:4.1257 train_time:156744ms step_avg:93.02ms
step:1696/5100 train_loss:4.0813 train_time:156835ms step_avg:93.02ms
step:1697/5100 train_loss:4.1374 train_time:156927ms step_avg:93.02ms
step:1698/5100 train_loss:4.1956 train_time:157018ms step_avg:93.02ms
step:1699/5100 train_loss:4.1175 train_time:157115ms step_avg:93.02ms
step:1700/5100 train_loss:4.1654 train_time:157207ms step_avg:93.02ms
step:1701/5100 train_loss:4.2684 train_time:157297ms step_avg:93.02ms
step:1702/5100 train_loss:4.0527 train_time:157388ms step_avg:93.02ms
step:1703/5100 train_loss:4.0927 train_time:157481ms step_avg:93.02ms
step:1704/5100 train_loss:4.2299 train_time:157572ms step_avg:93.02ms
step:1705/5100 train_loss:4.1760 train_time:157664ms step_avg:93.02ms
step:1706/5100 train_loss:4.0787 train_time:157756ms step_avg:93.02ms
step:1707/5100 train_loss:4.0548 train_time:157847ms step_avg:93.02ms
step:1708/5100 train_loss:4.0739 train_time:157940ms step_avg:93.02ms
step:1709/5100 train_loss:4.2363 train_time:158031ms step_avg:93.01ms
step:1710/5100 train_loss:4.1611 train_time:158123ms step_avg:93.01ms
step:1711/5100 train_loss:4.1557 train_time:158213ms step_avg:93.01ms
step:1712/5100 train_loss:4.1737 train_time:158306ms step_avg:93.01ms
step:1713/5100 train_loss:4.0976 train_time:158399ms step_avg:93.01ms
step:1714/5100 train_loss:4.1460 train_time:158488ms step_avg:93.01ms
step:1715/5100 train_loss:4.1907 train_time:158580ms step_avg:93.01ms
step:1716/5100 train_loss:4.0765 train_time:158671ms step_avg:93.01ms
step:1717/5100 train_loss:4.2407 train_time:158764ms step_avg:93.01ms
step:1718/5100 train_loss:4.0864 train_time:158856ms step_avg:93.01ms
step:1719/5100 train_loss:3.9937 train_time:158947ms step_avg:93.01ms
step:1720/5100 train_loss:4.1261 train_time:159039ms step_avg:93.01ms
step:1721/5100 train_loss:4.3022 train_time:159129ms step_avg:93.00ms
step:1722/5100 train_loss:4.1264 train_time:159224ms step_avg:93.00ms
step:1723/5100 train_loss:4.1307 train_time:159318ms step_avg:93.01ms
step:1724/5100 train_loss:4.1826 train_time:159408ms step_avg:93.00ms
step:1725/5100 train_loss:4.1457 train_time:159500ms step_avg:93.00ms
step:1726/5100 train_loss:4.0268 train_time:159592ms step_avg:93.00ms
step:1727/5100 train_loss:4.0482 train_time:159683ms step_avg:93.00ms
step:1728/5100 train_loss:4.0845 train_time:159773ms step_avg:93.00ms
step:1729/5100 train_loss:4.0768 train_time:159868ms step_avg:93.00ms
step:1730/5100 train_loss:4.2444 train_time:159957ms step_avg:93.00ms
step:1731/5100 train_loss:4.1212 train_time:160049ms step_avg:93.00ms
step:1732/5100 train_loss:4.1996 train_time:160141ms step_avg:93.00ms
step:1733/5100 train_loss:4.0464 train_time:160232ms step_avg:93.00ms
step:1734/5100 train_loss:4.0518 train_time:160323ms step_avg:92.99ms
step:1735/5100 train_loss:4.0358 train_time:160415ms step_avg:92.99ms
step:1736/5100 train_loss:4.1820 train_time:160506ms step_avg:92.99ms
step:1737/5100 train_loss:4.1630 train_time:160597ms step_avg:92.99ms
step:1738/5100 train_loss:4.2166 train_time:160687ms step_avg:92.99ms
step:1739/5100 train_loss:4.1390 train_time:160779ms step_avg:92.99ms
step:1740/5100 train_loss:4.3998 train_time:160869ms step_avg:92.99ms
step:1741/5100 train_loss:4.1847 train_time:160962ms step_avg:92.99ms
step:1742/5100 train_loss:4.0780 train_time:161058ms step_avg:92.99ms
step:1743/5100 train_loss:4.1222 train_time:161147ms step_avg:92.99ms
step:1744/5100 train_loss:4.2409 train_time:161244ms step_avg:92.99ms
step:1745/5100 train_loss:4.1002 train_time:161336ms step_avg:92.99ms
step:1746/5100 train_loss:4.1271 train_time:161426ms step_avg:92.99ms
step:1747/5100 train_loss:4.0536 train_time:161518ms step_avg:92.99ms
step:1748/5100 train_loss:4.0753 train_time:161609ms step_avg:92.99ms
step:1749/5100 train_loss:4.1429 train_time:161702ms step_avg:92.99ms
step:1750/5100 train_loss:3.9877 train_time:161794ms step_avg:92.99ms
step:1751/5100 train_loss:4.1197 train_time:161887ms step_avg:92.98ms
step:1752/5100 train_loss:4.0878 train_time:161980ms step_avg:92.99ms
step:1753/5100 train_loss:4.1896 train_time:162072ms step_avg:92.98ms
step:1754/5100 train_loss:4.0294 train_time:162165ms step_avg:92.98ms
step:1755/5100 train_loss:4.1752 train_time:162257ms step_avg:92.98ms
step:1756/5100 train_loss:4.2704 train_time:162349ms step_avg:92.98ms
step:1757/5100 train_loss:4.0494 train_time:162443ms step_avg:92.98ms
step:1758/5100 train_loss:4.1067 train_time:162535ms step_avg:92.98ms
step:1759/5100 train_loss:4.1239 train_time:162628ms step_avg:92.98ms
step:1760/5100 train_loss:4.0670 train_time:162719ms step_avg:92.98ms
step:1761/5100 train_loss:4.0632 train_time:162810ms step_avg:92.98ms
step:1762/5100 train_loss:4.0033 train_time:162903ms step_avg:92.98ms
step:1763/5100 train_loss:4.0829 train_time:162996ms step_avg:92.98ms
step:1764/5100 train_loss:3.9987 train_time:163087ms step_avg:92.98ms
step:1765/5100 train_loss:4.0462 train_time:163180ms step_avg:92.98ms
step:1766/5100 train_loss:4.4330 train_time:163271ms step_avg:92.98ms
step:1767/5100 train_loss:4.1628 train_time:163363ms step_avg:92.98ms
step:1768/5100 train_loss:4.0452 train_time:163453ms step_avg:92.98ms
step:1769/5100 train_loss:4.1027 train_time:163545ms step_avg:92.98ms
step:1770/5100 train_loss:4.1833 train_time:163637ms step_avg:92.98ms
step:1771/5100 train_loss:4.1644 train_time:163729ms step_avg:92.98ms
step:1772/5100 train_loss:4.0146 train_time:163823ms step_avg:92.98ms
step:1773/5100 train_loss:4.0356 train_time:163916ms step_avg:92.98ms
step:1774/5100 train_loss:4.0955 train_time:164007ms step_avg:92.97ms
step:1775/5100 train_loss:4.0583 train_time:164098ms step_avg:92.97ms
step:1776/5100 train_loss:4.0207 train_time:164189ms step_avg:92.97ms
step:1777/5100 train_loss:4.0769 train_time:164282ms step_avg:92.97ms
step:1778/5100 train_loss:4.0668 train_time:164375ms step_avg:92.97ms
step:1779/5100 train_loss:4.0873 train_time:164468ms step_avg:92.97ms
step:1780/5100 train_loss:4.1520 train_time:164561ms step_avg:92.97ms
step:1781/5100 train_loss:4.1009 train_time:164652ms step_avg:92.97ms
step:1782/5100 train_loss:4.2083 train_time:164744ms step_avg:92.97ms
step:1783/5100 train_loss:4.0211 train_time:164837ms step_avg:92.97ms
step:1784/5100 train_loss:4.3126 train_time:164929ms step_avg:92.97ms
step:1785/5100 train_loss:4.0463 train_time:165023ms step_avg:92.97ms
step:1786/5100 train_loss:4.2703 train_time:165115ms step_avg:92.97ms
step:1787/5100 train_loss:4.0916 train_time:165207ms step_avg:92.97ms
step:1788/5100 train_loss:4.1659 train_time:165298ms step_avg:92.97ms
step:1789/5100 train_loss:4.2475 train_time:165389ms step_avg:92.97ms
step:1790/5100 train_loss:4.2958 train_time:165483ms step_avg:92.97ms
step:1791/5100 train_loss:4.3519 train_time:165575ms step_avg:92.97ms
step:1792/5100 train_loss:4.0804 train_time:165668ms step_avg:92.97ms
step:1793/5100 train_loss:4.0038 train_time:165762ms step_avg:92.97ms
step:1794/5100 train_loss:4.2641 train_time:165855ms step_avg:92.97ms
step:1795/5100 train_loss:4.0846 train_time:165947ms step_avg:92.97ms
step:1796/5100 train_loss:4.0769 train_time:166039ms step_avg:92.97ms
step:1797/5100 train_loss:4.2206 train_time:166129ms step_avg:92.97ms
step:1798/5100 train_loss:4.1484 train_time:166222ms step_avg:92.97ms
step:1799/5100 train_loss:3.9300 train_time:166313ms step_avg:92.96ms
step:1800/5100 train_loss:4.2910 train_time:166405ms step_avg:92.96ms
step:1801/5100 train_loss:4.0620 train_time:166496ms step_avg:92.96ms
step:1802/5100 train_loss:4.0266 train_time:166588ms step_avg:92.96ms
step:1803/5100 train_loss:4.0961 train_time:166681ms step_avg:92.96ms
step:1804/5100 train_loss:4.0016 train_time:166773ms step_avg:92.96ms
step:1805/5100 train_loss:4.1069 train_time:166864ms step_avg:92.96ms
step:1806/5100 train_loss:4.0591 train_time:166957ms step_avg:92.96ms
step:1807/5100 train_loss:4.0367 train_time:167049ms step_avg:92.96ms
step:1808/5100 train_loss:4.0236 train_time:167143ms step_avg:92.96ms
step:1809/5100 train_loss:4.0407 train_time:167236ms step_avg:92.96ms
step:1810/5100 train_loss:4.2765 train_time:167328ms step_avg:92.96ms
step:1811/5100 train_loss:4.0904 train_time:167421ms step_avg:92.96ms
step:1812/5100 train_loss:4.0341 train_time:167515ms step_avg:92.96ms
step:1813/5100 train_loss:4.1461 train_time:167607ms step_avg:92.96ms
step:1814/5100 train_loss:4.0921 train_time:167699ms step_avg:92.96ms
step:1815/5100 train_loss:4.0325 train_time:167791ms step_avg:92.96ms
step:1816/5100 train_loss:4.0558 train_time:167885ms step_avg:92.96ms
step:1817/5100 train_loss:4.1323 train_time:167976ms step_avg:92.96ms
step:1818/5100 train_loss:4.0447 train_time:168067ms step_avg:92.96ms
step:1819/5100 train_loss:4.0150 train_time:168161ms step_avg:92.96ms
step:1820/5100 train_loss:4.0649 train_time:168254ms step_avg:92.96ms
step:1821/5100 train_loss:4.1917 train_time:168345ms step_avg:92.96ms
step:1822/5100 train_loss:4.1813 train_time:168436ms step_avg:92.96ms
step:1823/5100 train_loss:4.1922 train_time:168527ms step_avg:92.95ms
step:1824/5100 train_loss:4.1370 train_time:168621ms step_avg:92.96ms
step:1825/5100 train_loss:4.2031 train_time:168711ms step_avg:92.95ms
step:1826/5100 train_loss:4.0783 train_time:168803ms step_avg:92.95ms
step:1827/5100 train_loss:4.2368 train_time:168897ms step_avg:92.95ms
step:1828/5100 train_loss:4.1523 train_time:168988ms step_avg:92.95ms
step:1829/5100 train_loss:4.0788 train_time:169080ms step_avg:92.95ms
step:1830/5100 train_loss:4.1707 train_time:169171ms step_avg:92.95ms
step:1831/5100 train_loss:3.9670 train_time:169264ms step_avg:92.95ms
step:1832/5100 train_loss:4.2006 train_time:169355ms step_avg:92.95ms
step:1833/5100 train_loss:4.0638 train_time:169448ms step_avg:92.95ms
step:1834/5100 train_loss:4.1079 train_time:169541ms step_avg:92.95ms
step:1835/5100 train_loss:4.1173 train_time:169637ms step_avg:92.95ms
step:1836/5100 train_loss:4.2120 train_time:169730ms step_avg:92.95ms
step:1837/5100 train_loss:4.2114 train_time:169823ms step_avg:92.95ms
step:1838/5100 train_loss:4.2066 train_time:169916ms step_avg:92.95ms
step:1839/5100 train_loss:4.1117 train_time:170007ms step_avg:92.95ms
step:1840/5100 train_loss:4.1182 train_time:170100ms step_avg:92.95ms
step:1841/5100 train_loss:4.0486 train_time:170190ms step_avg:92.95ms
step:1842/5100 train_loss:4.2329 train_time:170284ms step_avg:92.95ms
step:1843/5100 train_loss:4.0070 train_time:170378ms step_avg:92.95ms
step:1844/5100 train_loss:4.0826 train_time:170471ms step_avg:92.95ms
step:1845/5100 train_loss:3.9694 train_time:170563ms step_avg:92.95ms
step:1846/5100 train_loss:3.9939 train_time:170655ms step_avg:92.95ms
step:1847/5100 train_loss:3.9616 train_time:170748ms step_avg:92.95ms
step:1848/5100 train_loss:4.0999 train_time:170841ms step_avg:92.95ms
step:1849/5100 train_loss:4.0290 train_time:170932ms step_avg:92.95ms
step:1850/5100 train_loss:4.2075 train_time:171024ms step_avg:92.95ms
step:1851/5100 train_loss:4.2214 train_time:171117ms step_avg:92.95ms
step:1852/5100 train_loss:4.0183 train_time:171209ms step_avg:92.95ms
step:1853/5100 train_loss:4.1035 train_time:171302ms step_avg:92.95ms
step:1854/5100 train_loss:4.1104 train_time:171391ms step_avg:92.95ms
step:1855/5100 train_loss:4.0323 train_time:171484ms step_avg:92.95ms
step:1856/5100 train_loss:4.1556 train_time:171577ms step_avg:92.95ms
step:1857/5100 train_loss:4.2294 train_time:171668ms step_avg:92.94ms
step:1858/5100 train_loss:4.0183 train_time:171759ms step_avg:92.94ms
step:1859/5100 train_loss:4.0425 train_time:171851ms step_avg:92.94ms
step:1860/5100 train_loss:4.0460 train_time:171943ms step_avg:92.94ms
step:1861/5100 train_loss:4.0779 train_time:172035ms step_avg:92.94ms
step:1862/5100 train_loss:3.9992 train_time:172127ms step_avg:92.94ms
step:1863/5100 train_loss:4.1659 train_time:172218ms step_avg:92.94ms
step:1864/5100 train_loss:4.1041 train_time:172308ms step_avg:92.94ms
step:1865/5100 train_loss:4.2068 train_time:172398ms step_avg:92.94ms
step:1866/5100 train_loss:4.1053 train_time:172488ms step_avg:92.94ms
step:1867/5100 train_loss:4.0764 train_time:172581ms step_avg:92.94ms
step:1868/5100 train_loss:4.0714 train_time:172671ms step_avg:92.93ms
step:1869/5100 train_loss:4.0811 train_time:172764ms step_avg:92.93ms
step:1870/5100 train_loss:4.1630 train_time:172855ms step_avg:92.93ms
step:1871/5100 train_loss:4.0867 train_time:172948ms step_avg:92.93ms
step:1872/5100 train_loss:4.0924 train_time:173039ms step_avg:92.93ms
step:1873/5100 train_loss:4.2822 train_time:173132ms step_avg:92.93ms
step:1874/5100 train_loss:3.9720 train_time:173225ms step_avg:92.93ms
step:1875/5100 train_loss:4.2411 train_time:173318ms step_avg:92.93ms
step:1876/5100 train_loss:4.1327 train_time:173409ms step_avg:92.93ms
step:1877/5100 train_loss:4.2899 train_time:173503ms step_avg:92.93ms
step:1878/5100 train_loss:3.9658 train_time:173593ms step_avg:92.93ms
step:1879/5100 train_loss:3.9699 train_time:173686ms step_avg:92.93ms
step:1880/5100 train_loss:4.0781 train_time:173778ms step_avg:92.93ms
step:1881/5100 train_loss:4.3196 train_time:173870ms step_avg:92.93ms
step:1882/5100 train_loss:4.0726 train_time:173962ms step_avg:92.93ms
step:1883/5100 train_loss:4.1493 train_time:174055ms step_avg:92.93ms
step:1884/5100 train_loss:4.1559 train_time:174150ms step_avg:92.93ms
step:1885/5100 train_loss:4.0995 train_time:174243ms step_avg:92.93ms
step:1886/5100 train_loss:4.4405 train_time:174335ms step_avg:92.93ms
step:1887/5100 train_loss:4.1457 train_time:174428ms step_avg:92.93ms
step:1888/5100 train_loss:4.1627 train_time:174520ms step_avg:92.93ms
step:1889/5100 train_loss:4.0156 train_time:174612ms step_avg:92.93ms
step:1890/5100 train_loss:4.1407 train_time:174703ms step_avg:92.93ms
step:1891/5100 train_loss:4.2332 train_time:174795ms step_avg:92.93ms
step:1892/5100 train_loss:4.1224 train_time:174887ms step_avg:92.93ms
step:1893/5100 train_loss:4.2481 train_time:174981ms step_avg:92.93ms
step:1894/5100 train_loss:4.1696 train_time:175072ms step_avg:92.93ms
step:1895/5100 train_loss:4.1530 train_time:175166ms step_avg:92.93ms
step:1896/5100 train_loss:3.9357 train_time:175258ms step_avg:92.93ms
step:1897/5100 train_loss:4.1385 train_time:175352ms step_avg:92.93ms
step:1898/5100 train_loss:4.6311 train_time:175446ms step_avg:92.93ms
step:1899/5100 train_loss:4.1803 train_time:175537ms step_avg:92.93ms
step:1900/5100 train_loss:4.2558 train_time:175630ms step_avg:92.93ms
step:1901/5100 train_loss:4.0788 train_time:175724ms step_avg:92.93ms
step:1902/5100 train_loss:4.0953 train_time:175817ms step_avg:92.93ms
step:1903/5100 train_loss:4.0016 train_time:175908ms step_avg:92.93ms
step:1904/5100 train_loss:4.2062 train_time:175999ms step_avg:92.92ms
step:1905/5100 train_loss:4.1038 train_time:176089ms step_avg:92.92ms
step:1906/5100 train_loss:4.2063 train_time:176182ms step_avg:92.92ms
step:1907/5100 train_loss:4.1634 train_time:176273ms step_avg:92.92ms
step:1908/5100 train_loss:4.2182 train_time:176366ms step_avg:92.92ms
step:1909/5100 train_loss:4.1180 train_time:176458ms step_avg:92.92ms
step:1910/5100 train_loss:4.0275 train_time:176549ms step_avg:92.92ms
step:1911/5100 train_loss:4.1457 train_time:176642ms step_avg:92.92ms
step:1912/5100 train_loss:4.0843 train_time:176734ms step_avg:92.92ms
step:1913/5100 train_loss:4.0056 train_time:176825ms step_avg:92.92ms
step:1914/5100 train_loss:4.1539 train_time:176917ms step_avg:92.92ms
step:1915/5100 train_loss:4.1330 train_time:177008ms step_avg:92.92ms
step:1916/5100 train_loss:4.0171 train_time:177102ms step_avg:92.92ms
step:1917/5100 train_loss:4.0328 train_time:177194ms step_avg:92.92ms
step:1918/5100 train_loss:3.9502 train_time:177287ms step_avg:92.92ms
step:1919/5100 train_loss:4.1744 train_time:177379ms step_avg:92.92ms
step:1920/5100 train_loss:3.9747 train_time:177470ms step_avg:92.92ms
step:1921/5100 train_loss:4.0187 train_time:177567ms step_avg:92.92ms
step:1922/5100 train_loss:4.0099 train_time:177658ms step_avg:92.92ms
step:1923/5100 train_loss:4.3473 train_time:177751ms step_avg:92.92ms
step:1924/5100 train_loss:4.1832 train_time:177843ms step_avg:92.92ms
step:1925/5100 train_loss:3.9294 train_time:177935ms step_avg:92.92ms
step:1926/5100 train_loss:4.1176 train_time:178027ms step_avg:92.92ms
step:1927/5100 train_loss:4.0391 train_time:178121ms step_avg:92.92ms
step:1928/5100 train_loss:4.2426 train_time:178214ms step_avg:92.92ms
step:1929/5100 train_loss:4.2104 train_time:178306ms step_avg:92.92ms
step:1930/5100 train_loss:4.1046 train_time:178398ms step_avg:92.92ms
step:1931/5100 train_loss:4.1611 train_time:178491ms step_avg:92.92ms
step:1932/5100 train_loss:4.8676 train_time:178582ms step_avg:92.91ms
step:1933/5100 train_loss:4.3144 train_time:178673ms step_avg:92.91ms
step:1934/5100 train_loss:3.9970 train_time:178764ms step_avg:92.91ms
step:1935/5100 train_loss:4.2170 train_time:178856ms step_avg:92.91ms
step:1936/5100 train_loss:3.9406 train_time:178948ms step_avg:92.91ms
step:1937/5100 train_loss:4.1751 train_time:179039ms step_avg:92.91ms
step:1938/5100 train_loss:4.0628 train_time:179131ms step_avg:92.91ms
step:1939/5100 train_loss:4.5085 train_time:179223ms step_avg:92.91ms
step:1940/5100 train_loss:4.2169 train_time:179314ms step_avg:92.91ms
step:1941/5100 train_loss:4.0663 train_time:179407ms step_avg:92.91ms
step:1942/5100 train_loss:4.3227 train_time:179498ms step_avg:92.91ms
step:1943/5100 train_loss:4.0984 train_time:179588ms step_avg:92.91ms
step:1944/5100 train_loss:4.1272 train_time:179681ms step_avg:92.91ms
step:1945/5100 train_loss:4.0270 train_time:179771ms step_avg:92.90ms
step:1946/5100 train_loss:4.0926 train_time:179863ms step_avg:92.90ms
step:1947/5100 train_loss:4.0995 train_time:179957ms step_avg:92.91ms
step:1948/5100 train_loss:4.1193 train_time:180046ms step_avg:92.90ms
step:1948/5100 val_loss:4.0953 train_time:180053ms step_avg:92.91ms
step:1949/5100 train_loss:3.9815 train_time:180139ms step_avg:92.90ms
step:1950/5100 train_loss:4.0391 train_time:180230ms step_avg:92.90ms
step:1951/5100 train_loss:4.1434 train_time:180323ms step_avg:92.90ms
step:1952/5100 train_loss:4.2285 train_time:180412ms step_avg:92.90ms
step:1953/5100 train_loss:4.1652 train_time:180503ms step_avg:92.90ms
step:1954/5100 train_loss:4.1155 train_time:180595ms step_avg:92.90ms
step:1955/5100 train_loss:4.1291 train_time:180685ms step_avg:92.90ms
step:1956/5100 train_loss:4.0826 train_time:180777ms step_avg:92.90ms
step:1957/5100 train_loss:4.2377 train_time:180867ms step_avg:92.90ms
step:1958/5100 train_loss:4.0794 train_time:180961ms step_avg:92.90ms
step:1959/5100 train_loss:4.2213 train_time:181051ms step_avg:92.89ms
step:1960/5100 train_loss:3.9890 train_time:181145ms step_avg:92.89ms
step:1961/5100 train_loss:4.1042 train_time:181236ms step_avg:92.89ms
step:1962/5100 train_loss:4.1364 train_time:181328ms step_avg:92.89ms
step:1963/5100 train_loss:4.1535 train_time:181420ms step_avg:92.89ms
step:1964/5100 train_loss:3.8602 train_time:181511ms step_avg:92.89ms
step:1965/5100 train_loss:3.8651 train_time:181602ms step_avg:92.89ms
step:1966/5100 train_loss:4.1184 train_time:181693ms step_avg:92.89ms
step:1967/5100 train_loss:4.1403 train_time:181784ms step_avg:92.89ms
step:1968/5100 train_loss:3.9989 train_time:181876ms step_avg:92.89ms
step:1969/5100 train_loss:3.9808 train_time:181973ms step_avg:92.89ms
step:1970/5100 train_loss:4.0585 train_time:182065ms step_avg:92.89ms
step:1971/5100 train_loss:4.0661 train_time:182156ms step_avg:92.89ms
step:1972/5100 train_loss:4.2803 train_time:182248ms step_avg:92.89ms
step:1973/5100 train_loss:4.2543 train_time:182340ms step_avg:92.89ms
step:1974/5100 train_loss:3.9376 train_time:182430ms step_avg:92.89ms
step:1975/5100 train_loss:4.0748 train_time:182521ms step_avg:92.89ms
step:1976/5100 train_loss:4.0753 train_time:182611ms step_avg:92.88ms
step:1977/5100 train_loss:3.9561 train_time:182701ms step_avg:92.88ms
step:1978/5100 train_loss:3.9538 train_time:182793ms step_avg:92.88ms
step:1979/5100 train_loss:4.0883 train_time:182885ms step_avg:92.88ms
step:1980/5100 train_loss:4.0290 train_time:182978ms step_avg:92.88ms
step:1981/5100 train_loss:4.0526 train_time:183070ms step_avg:92.88ms
step:1982/5100 train_loss:4.0071 train_time:183161ms step_avg:92.88ms
step:1983/5100 train_loss:4.2004 train_time:183255ms step_avg:92.88ms
step:1984/5100 train_loss:4.1902 train_time:183347ms step_avg:92.88ms
step:1985/5100 train_loss:4.0749 train_time:183440ms step_avg:92.88ms
step:1986/5100 train_loss:4.0992 train_time:183530ms step_avg:92.88ms
step:1987/5100 train_loss:4.0094 train_time:183622ms step_avg:92.88ms
step:1988/5100 train_loss:3.9295 train_time:183713ms step_avg:92.88ms
step:1989/5100 train_loss:4.1712 train_time:183804ms step_avg:92.88ms
step:1990/5100 train_loss:4.0524 train_time:183895ms step_avg:92.88ms
step:1991/5100 train_loss:3.9913 train_time:183986ms step_avg:92.88ms
step:1992/5100 train_loss:3.8875 train_time:184079ms step_avg:92.88ms
step:1993/5100 train_loss:4.1639 train_time:184173ms step_avg:92.88ms
step:1994/5100 train_loss:4.1453 train_time:184265ms step_avg:92.88ms
step:1995/5100 train_loss:4.1820 train_time:184359ms step_avg:92.88ms
step:1996/5100 train_loss:4.0451 train_time:184453ms step_avg:92.88ms
step:1997/5100 train_loss:4.1275 train_time:184544ms step_avg:92.88ms
step:1998/5100 train_loss:4.1823 train_time:184638ms step_avg:92.88ms
step:1999/5100 train_loss:4.0424 train_time:184729ms step_avg:92.88ms
step:2000/5100 train_loss:4.1396 train_time:184821ms step_avg:92.87ms
step:2001/5100 train_loss:4.0750 train_time:184914ms step_avg:92.87ms
step:2002/5100 train_loss:4.0645 train_time:185007ms step_avg:92.87ms
step:2003/5100 train_loss:4.0606 train_time:185099ms step_avg:92.87ms
step:2004/5100 train_loss:4.0346 train_time:185190ms step_avg:92.87ms
step:2005/5100 train_loss:3.8522 train_time:185283ms step_avg:92.87ms
step:2006/5100 train_loss:4.0467 train_time:185375ms step_avg:92.87ms
step:2007/5100 train_loss:4.1584 train_time:185466ms step_avg:92.87ms
step:2008/5100 train_loss:4.0524 train_time:185558ms step_avg:92.87ms
step:2009/5100 train_loss:4.1632 train_time:185648ms step_avg:92.87ms
step:2010/5100 train_loss:4.0322 train_time:185742ms step_avg:92.87ms
step:2011/5100 train_loss:3.9931 train_time:185836ms step_avg:92.87ms
step:2012/5100 train_loss:4.1777 train_time:185929ms step_avg:92.87ms
step:2013/5100 train_loss:4.3024 train_time:186022ms step_avg:92.87ms
step:2014/5100 train_loss:4.1311 train_time:186116ms step_avg:92.87ms
step:2015/5100 train_loss:4.2322 train_time:186208ms step_avg:92.87ms
step:2016/5100 train_loss:4.2053 train_time:186301ms step_avg:92.87ms
step:2017/5100 train_loss:4.0117 train_time:186393ms step_avg:92.87ms
step:2018/5100 train_loss:4.1687 train_time:186485ms step_avg:92.87ms
step:2019/5100 train_loss:4.0132 train_time:186580ms step_avg:92.87ms
step:2020/5100 train_loss:4.1448 train_time:186672ms step_avg:92.87ms
step:2021/5100 train_loss:4.1567 train_time:186766ms step_avg:92.87ms
step:2022/5100 train_loss:4.1087 train_time:186863ms step_avg:92.87ms
step:2023/5100 train_loss:4.0132 train_time:186956ms step_avg:92.87ms
step:2024/5100 train_loss:4.0643 train_time:187048ms step_avg:92.87ms
step:2025/5100 train_loss:4.0003 train_time:187140ms step_avg:92.87ms
step:2026/5100 train_loss:4.1220 train_time:187232ms step_avg:92.87ms
step:2027/5100 train_loss:4.0790 train_time:187325ms step_avg:92.87ms
step:2028/5100 train_loss:4.3333 train_time:187419ms step_avg:92.87ms
step:2029/5100 train_loss:4.0436 train_time:187512ms step_avg:92.87ms
step:2030/5100 train_loss:4.0133 train_time:187604ms step_avg:92.87ms
step:2031/5100 train_loss:3.9564 train_time:187697ms step_avg:92.87ms
step:2032/5100 train_loss:4.0725 train_time:187787ms step_avg:92.87ms
step:2033/5100 train_loss:4.0426 train_time:187881ms step_avg:92.87ms
step:2034/5100 train_loss:4.0810 train_time:187974ms step_avg:92.87ms
step:2035/5100 train_loss:4.0259 train_time:188066ms step_avg:92.87ms
step:2036/5100 train_loss:4.0951 train_time:188160ms step_avg:92.87ms
step:2037/5100 train_loss:3.9820 train_time:188252ms step_avg:92.87ms
step:2038/5100 train_loss:4.0870 train_time:188346ms step_avg:92.87ms
step:2039/5100 train_loss:4.1389 train_time:188438ms step_avg:92.87ms
step:2040/5100 train_loss:4.0884 train_time:188528ms step_avg:92.87ms
step:2041/5100 train_loss:4.2330 train_time:188621ms step_avg:92.87ms
step:2042/5100 train_loss:4.0663 train_time:188711ms step_avg:92.87ms
step:2043/5100 train_loss:3.9607 train_time:188802ms step_avg:92.87ms
step:2044/5100 train_loss:4.1296 train_time:188891ms step_avg:92.87ms
step:2045/5100 train_loss:4.2017 train_time:188984ms step_avg:92.87ms
step:2046/5100 train_loss:4.1515 train_time:189077ms step_avg:92.87ms
step:2047/5100 train_loss:4.0449 train_time:189170ms step_avg:92.87ms
step:2048/5100 train_loss:4.1450 train_time:189263ms step_avg:92.87ms
step:2049/5100 train_loss:4.0835 train_time:189355ms step_avg:92.87ms
step:2050/5100 train_loss:4.0589 train_time:189446ms step_avg:92.87ms
step:2051/5100 train_loss:4.0458 train_time:189539ms step_avg:92.87ms
step:2052/5100 train_loss:4.0848 train_time:189631ms step_avg:92.87ms
step:2053/5100 train_loss:3.9880 train_time:189723ms step_avg:92.86ms
step:2054/5100 train_loss:4.0614 train_time:189816ms step_avg:92.86ms
step:2055/5100 train_loss:4.0706 train_time:189908ms step_avg:92.86ms
step:2056/5100 train_loss:3.9852 train_time:190000ms step_avg:92.86ms
step:2057/5100 train_loss:4.1368 train_time:190091ms step_avg:92.86ms
step:2058/5100 train_loss:4.0358 train_time:190183ms step_avg:92.86ms
step:2059/5100 train_loss:4.1834 train_time:190274ms step_avg:92.86ms
step:2060/5100 train_loss:4.0737 train_time:190367ms step_avg:92.86ms
step:2061/5100 train_loss:4.0530 train_time:190460ms step_avg:92.86ms
step:2062/5100 train_loss:4.1034 train_time:190554ms step_avg:92.86ms
step:2063/5100 train_loss:4.0572 train_time:190647ms step_avg:92.86ms
step:2064/5100 train_loss:4.2640 train_time:190742ms step_avg:92.86ms
step:2065/5100 train_loss:4.3459 train_time:190835ms step_avg:92.86ms
step:2066/5100 train_loss:4.2698 train_time:190928ms step_avg:92.86ms
step:2067/5100 train_loss:3.9695 train_time:191022ms step_avg:92.86ms
step:2068/5100 train_loss:4.2011 train_time:191114ms step_avg:92.86ms
step:2069/5100 train_loss:4.0992 train_time:191205ms step_avg:92.86ms
step:2070/5100 train_loss:4.1761 train_time:191297ms step_avg:92.86ms
step:2071/5100 train_loss:4.1113 train_time:191389ms step_avg:92.86ms
step:2072/5100 train_loss:4.0034 train_time:191481ms step_avg:92.86ms
step:2073/5100 train_loss:4.0699 train_time:191573ms step_avg:92.86ms
step:2074/5100 train_loss:4.0677 train_time:191665ms step_avg:92.86ms
step:2075/5100 train_loss:4.0853 train_time:191758ms step_avg:92.86ms
step:2076/5100 train_loss:3.9720 train_time:191850ms step_avg:92.86ms
step:2077/5100 train_loss:3.9974 train_time:191943ms step_avg:92.86ms
step:2078/5100 train_loss:4.1813 train_time:192036ms step_avg:92.86ms
step:2079/5100 train_loss:4.1476 train_time:192127ms step_avg:92.86ms
step:2080/5100 train_loss:3.9928 train_time:192219ms step_avg:92.86ms
step:2081/5100 train_loss:4.1266 train_time:192310ms step_avg:92.86ms
step:2082/5100 train_loss:3.9845 train_time:192402ms step_avg:92.86ms
step:2083/5100 train_loss:4.0289 train_time:192493ms step_avg:92.86ms
step:2084/5100 train_loss:4.0600 train_time:192585ms step_avg:92.86ms
step:2085/5100 train_loss:4.0209 train_time:192678ms step_avg:92.86ms
step:2086/5100 train_loss:4.0144 train_time:192769ms step_avg:92.86ms
step:2087/5100 train_loss:4.0996 train_time:192864ms step_avg:92.86ms
step:2088/5100 train_loss:4.2964 train_time:192958ms step_avg:92.86ms
step:2089/5100 train_loss:3.9461 train_time:193052ms step_avg:92.86ms
step:2090/5100 train_loss:4.0013 train_time:193144ms step_avg:92.86ms
step:2091/5100 train_loss:4.0603 train_time:193238ms step_avg:92.86ms
step:2092/5100 train_loss:4.0139 train_time:193332ms step_avg:92.86ms
step:2093/5100 train_loss:3.8308 train_time:193426ms step_avg:92.86ms
step:2094/5100 train_loss:4.0223 train_time:193521ms step_avg:92.86ms
step:2095/5100 train_loss:4.0853 train_time:193614ms step_avg:92.86ms
step:2096/5100 train_loss:4.0703 train_time:193706ms step_avg:92.86ms
step:2097/5100 train_loss:4.1622 train_time:193798ms step_avg:92.86ms
step:2098/5100 train_loss:4.1258 train_time:193890ms step_avg:92.86ms
step:2099/5100 train_loss:4.1317 train_time:193982ms step_avg:92.86ms
step:2100/5100 train_loss:4.1711 train_time:194073ms step_avg:92.86ms
step:2101/5100 train_loss:4.0978 train_time:194165ms step_avg:92.86ms
step:2102/5100 train_loss:4.1797 train_time:194260ms step_avg:92.86ms
step:2103/5100 train_loss:3.9899 train_time:194354ms step_avg:92.86ms
step:2104/5100 train_loss:4.1136 train_time:194448ms step_avg:92.86ms
step:2105/5100 train_loss:4.0691 train_time:194541ms step_avg:92.86ms
step:2106/5100 train_loss:3.9841 train_time:194636ms step_avg:92.86ms
step:2107/5100 train_loss:4.1804 train_time:194729ms step_avg:92.86ms
step:2108/5100 train_loss:4.1638 train_time:194822ms step_avg:92.86ms
step:2109/5100 train_loss:4.0541 train_time:194914ms step_avg:92.86ms
step:2110/5100 train_loss:4.1629 train_time:195007ms step_avg:92.86ms
step:2111/5100 train_loss:4.0708 train_time:195099ms step_avg:92.86ms
step:2112/5100 train_loss:4.0718 train_time:195190ms step_avg:92.86ms
step:2113/5100 train_loss:4.1156 train_time:195283ms step_avg:92.86ms
step:2114/5100 train_loss:4.1604 train_time:195375ms step_avg:92.86ms
step:2115/5100 train_loss:4.5338 train_time:195468ms step_avg:92.86ms
step:2116/5100 train_loss:4.1392 train_time:195560ms step_avg:92.86ms
step:2117/5100 train_loss:3.9578 train_time:195653ms step_avg:92.86ms
step:2118/5100 train_loss:4.0456 train_time:195745ms step_avg:92.86ms
step:2119/5100 train_loss:3.9468 train_time:195839ms step_avg:92.86ms
step:2120/5100 train_loss:3.9886 train_time:195931ms step_avg:92.86ms
step:2121/5100 train_loss:3.8624 train_time:196023ms step_avg:92.86ms
step:2122/5100 train_loss:4.0531 train_time:196118ms step_avg:92.86ms
step:2123/5100 train_loss:4.0787 train_time:196213ms step_avg:92.86ms
step:2124/5100 train_loss:4.0356 train_time:196303ms step_avg:92.86ms
step:2125/5100 train_loss:4.0120 train_time:196397ms step_avg:92.86ms
step:2126/5100 train_loss:4.0042 train_time:196487ms step_avg:92.86ms
step:2127/5100 train_loss:4.0049 train_time:196580ms step_avg:92.86ms
step:2128/5100 train_loss:4.1740 train_time:196672ms step_avg:92.86ms
step:2129/5100 train_loss:4.1060 train_time:196765ms step_avg:92.86ms
step:2130/5100 train_loss:4.1671 train_time:196858ms step_avg:92.86ms
step:2131/5100 train_loss:4.2609 train_time:196954ms step_avg:92.86ms
step:2132/5100 train_loss:4.0327 train_time:197047ms step_avg:92.86ms
step:2133/5100 train_loss:4.1171 train_time:197142ms step_avg:92.86ms
step:2134/5100 train_loss:4.0009 train_time:197232ms step_avg:92.86ms
step:2135/5100 train_loss:4.0096 train_time:197327ms step_avg:92.86ms
step:2136/5100 train_loss:4.0104 train_time:197420ms step_avg:92.86ms
step:2137/5100 train_loss:3.9882 train_time:197512ms step_avg:92.86ms
step:2138/5100 train_loss:4.0491 train_time:197604ms step_avg:92.86ms
step:2139/5100 train_loss:4.0223 train_time:197696ms step_avg:92.86ms
step:2140/5100 train_loss:4.1991 train_time:197788ms step_avg:92.86ms
step:2141/5100 train_loss:4.0911 train_time:197882ms step_avg:92.86ms
step:2142/5100 train_loss:4.0069 train_time:197974ms step_avg:92.86ms
step:2143/5100 train_loss:4.0501 train_time:198066ms step_avg:92.86ms
step:2144/5100 train_loss:4.0753 train_time:198159ms step_avg:92.86ms
step:2145/5100 train_loss:4.1144 train_time:198253ms step_avg:92.86ms
step:2146/5100 train_loss:3.9916 train_time:198344ms step_avg:92.86ms
step:2147/5100 train_loss:4.0262 train_time:198438ms step_avg:92.86ms
step:2148/5100 train_loss:4.0047 train_time:198532ms step_avg:92.86ms
step:2149/5100 train_loss:3.9584 train_time:198625ms step_avg:92.86ms
step:2150/5100 train_loss:4.0505 train_time:198720ms step_avg:92.86ms
step:2151/5100 train_loss:3.9516 train_time:198813ms step_avg:92.86ms
step:2152/5100 train_loss:4.1849 train_time:198904ms step_avg:92.86ms
step:2153/5100 train_loss:3.9698 train_time:198997ms step_avg:92.86ms
step:2154/5100 train_loss:4.0093 train_time:199089ms step_avg:92.86ms
step:2155/5100 train_loss:4.1445 train_time:199184ms step_avg:92.86ms
step:2156/5100 train_loss:4.0576 train_time:199276ms step_avg:92.86ms
step:2157/5100 train_loss:4.0194 train_time:199367ms step_avg:92.86ms
step:2158/5100 train_loss:4.3053 train_time:199459ms step_avg:92.86ms
step:2159/5100 train_loss:4.1883 train_time:199551ms step_avg:92.86ms
step:2160/5100 train_loss:4.0470 train_time:199643ms step_avg:92.86ms
step:2161/5100 train_loss:3.8872 train_time:199735ms step_avg:92.86ms
step:2162/5100 train_loss:4.0419 train_time:199828ms step_avg:92.86ms
step:2163/5100 train_loss:4.1823 train_time:199920ms step_avg:92.86ms
step:2164/5100 train_loss:4.1466 train_time:200015ms step_avg:92.86ms
step:2165/5100 train_loss:4.0711 train_time:200105ms step_avg:92.86ms
step:2166/5100 train_loss:4.0264 train_time:200200ms step_avg:92.86ms
step:2167/5100 train_loss:4.0609 train_time:200292ms step_avg:92.86ms
step:2168/5100 train_loss:4.0472 train_time:200386ms step_avg:92.86ms
step:2169/5100 train_loss:4.2087 train_time:200480ms step_avg:92.86ms
step:2170/5100 train_loss:4.1658 train_time:200572ms step_avg:92.86ms
step:2171/5100 train_loss:4.0624 train_time:200667ms step_avg:92.86ms
step:2172/5100 train_loss:4.1315 train_time:200762ms step_avg:92.86ms
step:2173/5100 train_loss:4.0201 train_time:200858ms step_avg:92.86ms
step:2174/5100 train_loss:4.2383 train_time:200949ms step_avg:92.86ms
step:2175/5100 train_loss:4.0061 train_time:201043ms step_avg:92.86ms
step:2176/5100 train_loss:4.2180 train_time:201136ms step_avg:92.86ms
step:2177/5100 train_loss:4.0342 train_time:201227ms step_avg:92.86ms
step:2178/5100 train_loss:3.8971 train_time:201321ms step_avg:92.86ms
step:2179/5100 train_loss:4.0239 train_time:201411ms step_avg:92.86ms
step:2180/5100 train_loss:4.0690 train_time:201503ms step_avg:92.86ms
step:2181/5100 train_loss:4.0117 train_time:201595ms step_avg:92.86ms
step:2182/5100 train_loss:4.1690 train_time:201687ms step_avg:92.86ms
step:2183/5100 train_loss:4.0412 train_time:201780ms step_avg:92.86ms
step:2184/5100 train_loss:4.0233 train_time:201872ms step_avg:92.86ms
step:2185/5100 train_loss:3.9996 train_time:201964ms step_avg:92.86ms
step:2186/5100 train_loss:4.2153 train_time:202059ms step_avg:92.86ms
step:2187/5100 train_loss:4.0260 train_time:202150ms step_avg:92.86ms
step:2188/5100 train_loss:4.1718 train_time:202243ms step_avg:92.86ms
step:2189/5100 train_loss:4.0854 train_time:202336ms step_avg:92.86ms
step:2190/5100 train_loss:4.1086 train_time:202428ms step_avg:92.86ms
step:2191/5100 train_loss:4.1258 train_time:202521ms step_avg:92.86ms
step:2192/5100 train_loss:4.0071 train_time:202613ms step_avg:92.86ms
step:2193/5100 train_loss:4.1396 train_time:202704ms step_avg:92.86ms
step:2194/5100 train_loss:4.0738 train_time:202797ms step_avg:92.86ms
step:2195/5100 train_loss:3.9987 train_time:202889ms step_avg:92.86ms
step:2196/5100 train_loss:3.8169 train_time:202984ms step_avg:92.86ms
step:2197/5100 train_loss:3.9580 train_time:203078ms step_avg:92.86ms
step:2198/5100 train_loss:4.0188 train_time:203168ms step_avg:92.86ms
step:2199/5100 train_loss:4.1514 train_time:203263ms step_avg:92.86ms
step:2200/5100 train_loss:4.0899 train_time:203357ms step_avg:92.86ms
step:2201/5100 train_loss:4.1300 train_time:203450ms step_avg:92.86ms
step:2202/5100 train_loss:3.9382 train_time:203544ms step_avg:92.86ms
step:2203/5100 train_loss:4.1066 train_time:203637ms step_avg:92.86ms
step:2204/5100 train_loss:4.0644 train_time:203730ms step_avg:92.86ms
step:2205/5100 train_loss:4.0581 train_time:203824ms step_avg:92.86ms
step:2206/5100 train_loss:4.1050 train_time:203918ms step_avg:92.86ms
step:2207/5100 train_loss:4.3293 train_time:204011ms step_avg:92.86ms
step:2208/5100 train_loss:4.1806 train_time:204103ms step_avg:92.86ms
step:2209/5100 train_loss:3.9781 train_time:204196ms step_avg:92.86ms
step:2210/5100 train_loss:4.0602 train_time:204287ms step_avg:92.86ms
step:2211/5100 train_loss:4.1370 train_time:204381ms step_avg:92.86ms
step:2212/5100 train_loss:4.1045 train_time:204474ms step_avg:92.86ms
step:2213/5100 train_loss:4.1769 train_time:204569ms step_avg:92.86ms
step:2214/5100 train_loss:4.0932 train_time:204660ms step_avg:92.86ms
step:2215/5100 train_loss:4.1345 train_time:204754ms step_avg:92.86ms
step:2216/5100 train_loss:4.0062 train_time:204846ms step_avg:92.86ms
step:2217/5100 train_loss:4.0188 train_time:204940ms step_avg:92.86ms
step:2218/5100 train_loss:4.1824 train_time:205033ms step_avg:92.86ms
step:2219/5100 train_loss:3.9357 train_time:205127ms step_avg:92.86ms
step:2220/5100 train_loss:3.9606 train_time:205220ms step_avg:92.86ms
step:2221/5100 train_loss:4.0265 train_time:205313ms step_avg:92.86ms
step:2222/5100 train_loss:4.0267 train_time:205407ms step_avg:92.86ms
step:2223/5100 train_loss:4.1814 train_time:205501ms step_avg:92.86ms
step:2224/5100 train_loss:4.0181 train_time:205591ms step_avg:92.86ms
step:2225/5100 train_loss:4.0204 train_time:205683ms step_avg:92.86ms
step:2226/5100 train_loss:4.0407 train_time:205778ms step_avg:92.86ms
step:2227/5100 train_loss:4.2387 train_time:205870ms step_avg:92.86ms
step:2228/5100 train_loss:4.0756 train_time:205980ms step_avg:92.87ms
step:2229/5100 train_loss:4.0118 train_time:206073ms step_avg:92.87ms
step:2230/5100 train_loss:4.0645 train_time:206165ms step_avg:92.87ms
step:2231/5100 train_loss:4.0941 train_time:206259ms step_avg:92.87ms
step:2232/5100 train_loss:3.9652 train_time:206354ms step_avg:92.87ms
step:2233/5100 train_loss:3.8272 train_time:206448ms step_avg:92.87ms
step:2234/5100 train_loss:4.0222 train_time:206540ms step_avg:92.87ms
step:2235/5100 train_loss:4.0877 train_time:206633ms step_avg:92.87ms
step:2236/5100 train_loss:3.8797 train_time:206725ms step_avg:92.87ms
step:2237/5100 train_loss:4.1164 train_time:206820ms step_avg:92.87ms
step:2238/5100 train_loss:4.0482 train_time:206913ms step_avg:92.87ms
step:2239/5100 train_loss:4.2486 train_time:207006ms step_avg:92.87ms
step:2240/5100 train_loss:4.0637 train_time:207100ms step_avg:92.87ms
step:2241/5100 train_loss:4.1418 train_time:207194ms step_avg:92.87ms
step:2242/5100 train_loss:4.2170 train_time:207286ms step_avg:92.87ms
step:2243/5100 train_loss:4.0968 train_time:207381ms step_avg:92.87ms
step:2244/5100 train_loss:4.1119 train_time:207476ms step_avg:92.87ms
step:2245/5100 train_loss:4.0022 train_time:207565ms step_avg:92.87ms
step:2246/5100 train_loss:4.2048 train_time:207659ms step_avg:92.87ms
step:2247/5100 train_loss:4.0539 train_time:207757ms step_avg:92.87ms
step:2248/5100 train_loss:4.2424 train_time:207848ms step_avg:92.87ms
step:2249/5100 train_loss:3.9836 train_time:207941ms step_avg:92.87ms
step:2250/5100 train_loss:4.0725 train_time:208036ms step_avg:92.87ms
step:2251/5100 train_loss:4.0555 train_time:208128ms step_avg:92.87ms
step:2252/5100 train_loss:4.0785 train_time:208220ms step_avg:92.87ms
step:2253/5100 train_loss:4.0948 train_time:208311ms step_avg:92.87ms
step:2254/5100 train_loss:4.1846 train_time:208404ms step_avg:92.87ms
step:2255/5100 train_loss:4.0783 train_time:208494ms step_avg:92.87ms
step:2256/5100 train_loss:4.2404 train_time:208586ms step_avg:92.87ms
step:2257/5100 train_loss:4.1438 train_time:208681ms step_avg:92.87ms
step:2258/5100 train_loss:4.0208 train_time:208775ms step_avg:92.87ms
step:2259/5100 train_loss:4.2661 train_time:208869ms step_avg:92.87ms
step:2260/5100 train_loss:3.9511 train_time:208964ms step_avg:92.87ms
step:2261/5100 train_loss:3.9973 train_time:209058ms step_avg:92.87ms
step:2262/5100 train_loss:3.9474 train_time:209150ms step_avg:92.87ms
step:2263/5100 train_loss:4.0229 train_time:209243ms step_avg:92.87ms
step:2264/5100 train_loss:4.0361 train_time:209336ms step_avg:92.87ms
step:2265/5100 train_loss:3.9894 train_time:209428ms step_avg:92.87ms
step:2266/5100 train_loss:4.1596 train_time:209521ms step_avg:92.87ms
step:2267/5100 train_loss:4.0060 train_time:209613ms step_avg:92.87ms
step:2268/5100 train_loss:4.1910 train_time:209705ms step_avg:92.87ms
step:2269/5100 train_loss:4.1045 train_time:209798ms step_avg:92.87ms
step:2270/5100 train_loss:4.1615 train_time:209889ms step_avg:92.87ms
step:2271/5100 train_loss:4.1573 train_time:209982ms step_avg:92.87ms
step:2272/5100 train_loss:3.9459 train_time:210074ms step_avg:92.87ms
step:2273/5100 train_loss:3.9472 train_time:210168ms step_avg:92.87ms
step:2274/5100 train_loss:4.0197 train_time:210261ms step_avg:92.87ms
step:2275/5100 train_loss:3.9760 train_time:210357ms step_avg:92.87ms
step:2276/5100 train_loss:3.9635 train_time:210448ms step_avg:92.87ms
step:2277/5100 train_loss:4.1227 train_time:210541ms step_avg:92.87ms
step:2278/5100 train_loss:4.0219 train_time:210635ms step_avg:92.87ms
step:2279/5100 train_loss:4.1774 train_time:210727ms step_avg:92.87ms
step:2280/5100 train_loss:4.0470 train_time:210821ms step_avg:92.87ms
step:2281/5100 train_loss:4.1530 train_time:210913ms step_avg:92.87ms
step:2282/5100 train_loss:4.1334 train_time:211003ms step_avg:92.87ms
step:2283/5100 train_loss:4.1488 train_time:211094ms step_avg:92.87ms
step:2284/5100 train_loss:4.0347 train_time:211186ms step_avg:92.87ms
step:2285/5100 train_loss:4.1377 train_time:211279ms step_avg:92.87ms
step:2286/5100 train_loss:4.0413 train_time:211371ms step_avg:92.87ms
step:2287/5100 train_loss:4.1947 train_time:211466ms step_avg:92.87ms
step:2288/5100 train_loss:4.2275 train_time:211559ms step_avg:92.87ms
step:2289/5100 train_loss:4.0398 train_time:211651ms step_avg:92.87ms
step:2290/5100 train_loss:3.9874 train_time:211744ms step_avg:92.87ms
step:2291/5100 train_loss:4.0872 train_time:211838ms step_avg:92.87ms
step:2292/5100 train_loss:3.9747 train_time:211929ms step_avg:92.87ms
step:2293/5100 train_loss:3.9992 train_time:212024ms step_avg:92.87ms
step:2294/5100 train_loss:4.1157 train_time:212121ms step_avg:92.87ms
step:2295/5100 train_loss:4.0237 train_time:212213ms step_avg:92.87ms
step:2296/5100 train_loss:4.0482 train_time:212305ms step_avg:92.87ms
step:2297/5100 train_loss:4.0734 train_time:212397ms step_avg:92.87ms
step:2298/5100 train_loss:4.0255 train_time:212487ms step_avg:92.87ms
step:2299/5100 train_loss:4.1056 train_time:212582ms step_avg:92.87ms
step:2300/5100 train_loss:4.0894 train_time:212676ms step_avg:92.87ms
step:2301/5100 train_loss:3.9544 train_time:212768ms step_avg:92.87ms
step:2302/5100 train_loss:4.0250 train_time:212859ms step_avg:92.87ms
step:2303/5100 train_loss:4.1266 train_time:212951ms step_avg:92.87ms
step:2304/5100 train_loss:4.0639 train_time:213045ms step_avg:92.87ms
step:2305/5100 train_loss:4.0154 train_time:213136ms step_avg:92.87ms
step:2306/5100 train_loss:3.9177 train_time:213227ms step_avg:92.87ms
step:2307/5100 train_loss:4.1593 train_time:213321ms step_avg:92.87ms
step:2308/5100 train_loss:4.0735 train_time:213413ms step_avg:92.87ms
step:2309/5100 train_loss:4.0761 train_time:213504ms step_avg:92.87ms
step:2310/5100 train_loss:4.0740 train_time:213594ms step_avg:92.87ms
step:2311/5100 train_loss:3.9652 train_time:213685ms step_avg:92.87ms
step:2312/5100 train_loss:4.0122 train_time:213776ms step_avg:92.87ms
step:2313/5100 train_loss:4.0086 train_time:213870ms step_avg:92.87ms
step:2314/5100 train_loss:4.1624 train_time:213961ms step_avg:92.87ms
step:2315/5100 train_loss:4.1549 train_time:214056ms step_avg:92.87ms
step:2316/5100 train_loss:4.1212 train_time:214148ms step_avg:92.87ms
step:2317/5100 train_loss:4.0186 train_time:214241ms step_avg:92.87ms
step:2318/5100 train_loss:4.0585 train_time:214334ms step_avg:92.87ms
step:2319/5100 train_loss:3.9645 train_time:214425ms step_avg:92.87ms
step:2320/5100 train_loss:3.8723 train_time:214518ms step_avg:92.86ms
step:2321/5100 train_loss:4.1876 train_time:214610ms step_avg:92.86ms
step:2322/5100 train_loss:4.1091 train_time:214702ms step_avg:92.86ms
step:2323/5100 train_loss:3.9929 train_time:214795ms step_avg:92.86ms
step:2324/5100 train_loss:4.0337 train_time:214889ms step_avg:92.86ms
step:2325/5100 train_loss:4.0123 train_time:214981ms step_avg:92.86ms
step:2326/5100 train_loss:4.0545 train_time:215073ms step_avg:92.86ms
step:2327/5100 train_loss:4.0547 train_time:215166ms step_avg:92.86ms
step:2328/5100 train_loss:4.1294 train_time:215261ms step_avg:92.87ms
step:2329/5100 train_loss:4.0938 train_time:215355ms step_avg:92.87ms
step:2330/5100 train_loss:4.0706 train_time:215448ms step_avg:92.87ms
step:2331/5100 train_loss:3.9498 train_time:215542ms step_avg:92.87ms
step:2332/5100 train_loss:3.9698 train_time:215636ms step_avg:92.87ms
step:2333/5100 train_loss:4.0094 train_time:215728ms step_avg:92.87ms
step:2334/5100 train_loss:4.0415 train_time:215821ms step_avg:92.87ms
step:2335/5100 train_loss:3.9706 train_time:215913ms step_avg:92.87ms
step:2336/5100 train_loss:4.1404 train_time:216003ms step_avg:92.86ms
step:2337/5100 train_loss:4.0694 train_time:216095ms step_avg:92.86ms
step:2338/5100 train_loss:4.0728 train_time:216185ms step_avg:92.86ms
step:2339/5100 train_loss:4.1600 train_time:216278ms step_avg:92.86ms
step:2340/5100 train_loss:4.1269 train_time:216368ms step_avg:92.86ms
step:2341/5100 train_loss:4.1308 train_time:216462ms step_avg:92.86ms
step:2342/5100 train_loss:4.0560 train_time:216555ms step_avg:92.86ms
step:2343/5100 train_loss:4.0089 train_time:216648ms step_avg:92.86ms
step:2344/5100 train_loss:4.0734 train_time:216740ms step_avg:92.86ms
step:2345/5100 train_loss:4.0601 train_time:216834ms step_avg:92.86ms
step:2346/5100 train_loss:4.0529 train_time:216928ms step_avg:92.86ms
step:2347/5100 train_loss:3.9532 train_time:217020ms step_avg:92.86ms
step:2348/5100 train_loss:4.0166 train_time:217113ms step_avg:92.86ms
step:2349/5100 train_loss:3.9481 train_time:217208ms step_avg:92.86ms
step:2350/5100 train_loss:4.0557 train_time:217301ms step_avg:92.86ms
step:2351/5100 train_loss:4.0584 train_time:217392ms step_avg:92.86ms
step:2352/5100 train_loss:3.9610 train_time:217486ms step_avg:92.86ms
step:2353/5100 train_loss:4.3287 train_time:217579ms step_avg:92.86ms
step:2354/5100 train_loss:4.3735 train_time:217673ms step_avg:92.86ms
step:2355/5100 train_loss:4.2428 train_time:217765ms step_avg:92.86ms
step:2356/5100 train_loss:4.3068 train_time:217858ms step_avg:92.86ms
step:2357/5100 train_loss:4.2874 train_time:217950ms step_avg:92.86ms
step:2358/5100 train_loss:4.0503 train_time:218043ms step_avg:92.86ms
step:2359/5100 train_loss:3.9335 train_time:218135ms step_avg:92.86ms
step:2360/5100 train_loss:4.0566 train_time:218228ms step_avg:92.86ms
step:2361/5100 train_loss:3.8151 train_time:218321ms step_avg:92.86ms
step:2362/5100 train_loss:3.7090 train_time:218414ms step_avg:92.86ms
step:2363/5100 train_loss:4.1391 train_time:218506ms step_avg:92.86ms
step:2364/5100 train_loss:4.2522 train_time:218600ms step_avg:92.86ms
step:2365/5100 train_loss:4.2071 train_time:218690ms step_avg:92.86ms
step:2366/5100 train_loss:4.1357 train_time:218782ms step_avg:92.86ms
step:2367/5100 train_loss:3.9657 train_time:218875ms step_avg:92.86ms
step:2368/5100 train_loss:4.1859 train_time:218968ms step_avg:92.86ms
step:2369/5100 train_loss:4.0005 train_time:219062ms step_avg:92.86ms
step:2370/5100 train_loss:4.0541 train_time:219156ms step_avg:92.86ms
step:2371/5100 train_loss:3.9482 train_time:219248ms step_avg:92.86ms
step:2372/5100 train_loss:3.9730 train_time:219342ms step_avg:92.86ms
step:2373/5100 train_loss:4.0862 train_time:219433ms step_avg:92.86ms
step:2374/5100 train_loss:3.9879 train_time:219525ms step_avg:92.86ms
step:2375/5100 train_loss:3.9627 train_time:219617ms step_avg:92.86ms
step:2376/5100 train_loss:4.1618 train_time:219710ms step_avg:92.86ms
step:2377/5100 train_loss:4.0133 train_time:219801ms step_avg:92.86ms
step:2378/5100 train_loss:3.9618 train_time:219891ms step_avg:92.86ms
step:2379/5100 train_loss:4.0789 train_time:219982ms step_avg:92.86ms
step:2380/5100 train_loss:4.0358 train_time:220079ms step_avg:92.86ms
step:2381/5100 train_loss:4.0448 train_time:220171ms step_avg:92.86ms
step:2382/5100 train_loss:4.0972 train_time:220262ms step_avg:92.86ms
step:2383/5100 train_loss:4.0779 train_time:220356ms step_avg:92.86ms
step:2384/5100 train_loss:4.1161 train_time:220447ms step_avg:92.86ms
step:2385/5100 train_loss:4.1587 train_time:220540ms step_avg:92.86ms
step:2386/5100 train_loss:4.0333 train_time:220634ms step_avg:92.86ms
step:2387/5100 train_loss:3.9744 train_time:220725ms step_avg:92.86ms
step:2388/5100 train_loss:3.9448 train_time:220819ms step_avg:92.86ms
step:2389/5100 train_loss:4.0097 train_time:220911ms step_avg:92.86ms
step:2390/5100 train_loss:4.0646 train_time:221004ms step_avg:92.86ms
step:2391/5100 train_loss:3.9241 train_time:221095ms step_avg:92.86ms
step:2392/5100 train_loss:3.9960 train_time:221186ms step_avg:92.86ms
step:2393/5100 train_loss:4.0007 train_time:221281ms step_avg:92.86ms
step:2394/5100 train_loss:3.9016 train_time:221374ms step_avg:92.86ms
step:2395/5100 train_loss:4.1645 train_time:221471ms step_avg:92.86ms
step:2396/5100 train_loss:4.1361 train_time:221561ms step_avg:92.86ms
step:2397/5100 train_loss:3.9649 train_time:221654ms step_avg:92.86ms
step:2398/5100 train_loss:4.0269 train_time:221748ms step_avg:92.86ms
step:2399/5100 train_loss:4.0714 train_time:221842ms step_avg:92.86ms
step:2400/5100 train_loss:4.0196 train_time:221936ms step_avg:92.86ms
step:2401/5100 train_loss:4.0471 train_time:222028ms step_avg:92.86ms
step:2402/5100 train_loss:3.9907 train_time:222120ms step_avg:92.86ms
step:2403/5100 train_loss:3.9565 train_time:222213ms step_avg:92.86ms
step:2404/5100 train_loss:3.9686 train_time:222305ms step_avg:92.86ms
step:2405/5100 train_loss:4.0914 train_time:222399ms step_avg:92.86ms
step:2406/5100 train_loss:4.0307 train_time:222492ms step_avg:92.86ms
step:2407/5100 train_loss:4.0741 train_time:222584ms step_avg:92.86ms
step:2408/5100 train_loss:4.1062 train_time:222675ms step_avg:92.86ms
step:2409/5100 train_loss:3.9908 train_time:222767ms step_avg:92.86ms
step:2410/5100 train_loss:3.9744 train_time:222860ms step_avg:92.86ms
step:2411/5100 train_loss:4.0655 train_time:222953ms step_avg:92.86ms
step:2412/5100 train_loss:4.1349 train_time:223043ms step_avg:92.86ms
step:2413/5100 train_loss:4.1095 train_time:223137ms step_avg:92.86ms
step:2414/5100 train_loss:4.1522 train_time:223229ms step_avg:92.86ms
step:2415/5100 train_loss:4.0296 train_time:223323ms step_avg:92.86ms
step:2416/5100 train_loss:3.9948 train_time:223415ms step_avg:92.86ms
step:2417/5100 train_loss:4.0555 train_time:223508ms step_avg:92.86ms
step:2418/5100 train_loss:3.8934 train_time:223600ms step_avg:92.86ms
step:2419/5100 train_loss:3.9998 train_time:223694ms step_avg:92.86ms
step:2420/5100 train_loss:4.0448 train_time:223786ms step_avg:92.86ms
step:2421/5100 train_loss:4.0322 train_time:223878ms step_avg:92.86ms
step:2422/5100 train_loss:3.9447 train_time:223970ms step_avg:92.86ms
step:2423/5100 train_loss:4.0811 train_time:224064ms step_avg:92.86ms
step:2424/5100 train_loss:4.0022 train_time:224156ms step_avg:92.86ms
step:2425/5100 train_loss:4.0529 train_time:224248ms step_avg:92.86ms
step:2426/5100 train_loss:4.1955 train_time:224341ms step_avg:92.86ms
step:2427/5100 train_loss:4.0071 train_time:224433ms step_avg:92.86ms
step:2428/5100 train_loss:4.0904 train_time:224526ms step_avg:92.86ms
step:2429/5100 train_loss:4.0003 train_time:224619ms step_avg:92.86ms
step:2430/5100 train_loss:3.9282 train_time:224712ms step_avg:92.86ms
step:2431/5100 train_loss:4.0519 train_time:224803ms step_avg:92.86ms
step:2432/5100 train_loss:3.9508 train_time:224894ms step_avg:92.85ms
step:2433/5100 train_loss:4.0030 train_time:224985ms step_avg:92.85ms
step:2434/5100 train_loss:3.9538 train_time:225079ms step_avg:92.85ms
step:2435/5100 train_loss:4.0045 train_time:225170ms step_avg:92.85ms
step:2436/5100 train_loss:3.9347 train_time:225262ms step_avg:92.85ms
step:2437/5100 train_loss:4.0066 train_time:225355ms step_avg:92.85ms
step:2438/5100 train_loss:4.2806 train_time:225447ms step_avg:92.85ms
step:2439/5100 train_loss:4.5482 train_time:225541ms step_avg:92.85ms
step:2440/5100 train_loss:3.8716 train_time:225633ms step_avg:92.85ms
step:2441/5100 train_loss:3.8900 train_time:225724ms step_avg:92.85ms
step:2442/5100 train_loss:4.0043 train_time:225816ms step_avg:92.85ms
step:2443/5100 train_loss:4.1044 train_time:225906ms step_avg:92.85ms
step:2444/5100 train_loss:4.0577 train_time:225999ms step_avg:92.85ms
step:2445/5100 train_loss:3.8506 train_time:226089ms step_avg:92.85ms
step:2446/5100 train_loss:4.0497 train_time:226181ms step_avg:92.85ms
step:2447/5100 train_loss:4.0361 train_time:226273ms step_avg:92.85ms
step:2448/5100 train_loss:4.0143 train_time:226367ms step_avg:92.85ms
step:2449/5100 train_loss:3.9612 train_time:226461ms step_avg:92.85ms
step:2450/5100 train_loss:4.0387 train_time:226552ms step_avg:92.85ms
step:2451/5100 train_loss:4.0552 train_time:226645ms step_avg:92.85ms
step:2452/5100 train_loss:3.8883 train_time:226738ms step_avg:92.85ms
step:2453/5100 train_loss:4.0936 train_time:226830ms step_avg:92.85ms
step:2454/5100 train_loss:3.8893 train_time:226922ms step_avg:92.85ms
step:2455/5100 train_loss:3.9253 train_time:227014ms step_avg:92.85ms
step:2456/5100 train_loss:4.2404 train_time:227106ms step_avg:92.85ms
step:2457/5100 train_loss:4.0952 train_time:227199ms step_avg:92.85ms
step:2458/5100 train_loss:3.9612 train_time:227290ms step_avg:92.85ms
step:2459/5100 train_loss:3.9416 train_time:227384ms step_avg:92.85ms
step:2460/5100 train_loss:3.9932 train_time:227479ms step_avg:92.85ms
step:2461/5100 train_loss:3.9748 train_time:227572ms step_avg:92.85ms
step:2462/5100 train_loss:4.1341 train_time:227666ms step_avg:92.85ms
step:2463/5100 train_loss:4.0831 train_time:227760ms step_avg:92.85ms
step:2464/5100 train_loss:4.1569 train_time:227853ms step_avg:92.85ms
step:2465/5100 train_loss:3.9495 train_time:227944ms step_avg:92.85ms
step:2466/5100 train_loss:4.1486 train_time:228038ms step_avg:92.85ms
step:2467/5100 train_loss:4.1250 train_time:228131ms step_avg:92.85ms
step:2468/5100 train_loss:3.9191 train_time:228224ms step_avg:92.85ms
step:2469/5100 train_loss:3.9104 train_time:228317ms step_avg:92.85ms
step:2470/5100 train_loss:3.8388 train_time:228411ms step_avg:92.85ms
step:2471/5100 train_loss:3.9460 train_time:228515ms step_avg:92.85ms
step:2472/5100 train_loss:3.9561 train_time:228608ms step_avg:92.85ms
step:2473/5100 train_loss:3.9081 train_time:228699ms step_avg:92.85ms
step:2474/5100 train_loss:4.0978 train_time:228790ms step_avg:92.85ms
step:2475/5100 train_loss:3.9871 train_time:228886ms step_avg:92.85ms
step:2476/5100 train_loss:4.0025 train_time:228976ms step_avg:92.85ms
step:2477/5100 train_loss:4.2010 train_time:229068ms step_avg:92.85ms
step:2478/5100 train_loss:4.1217 train_time:229162ms step_avg:92.85ms
step:2479/5100 train_loss:4.1643 train_time:229255ms step_avg:92.85ms
step:2480/5100 train_loss:4.0182 train_time:229349ms step_avg:92.85ms
step:2481/5100 train_loss:4.0583 train_time:229442ms step_avg:92.85ms
step:2482/5100 train_loss:4.0725 train_time:229534ms step_avg:92.85ms
step:2483/5100 train_loss:4.0431 train_time:229625ms step_avg:92.85ms
step:2484/5100 train_loss:4.2672 train_time:229719ms step_avg:92.85ms
step:2485/5100 train_loss:4.1205 train_time:229810ms step_avg:92.85ms
step:2486/5100 train_loss:3.9184 train_time:229902ms step_avg:92.85ms
step:2487/5100 train_loss:4.0175 train_time:229993ms step_avg:92.85ms
step:2488/5100 train_loss:3.9469 train_time:230085ms step_avg:92.85ms
step:2489/5100 train_loss:4.0909 train_time:230177ms step_avg:92.85ms
step:2490/5100 train_loss:4.1704 train_time:230272ms step_avg:92.85ms
step:2491/5100 train_loss:4.0428 train_time:230367ms step_avg:92.85ms
step:2492/5100 train_loss:4.0592 train_time:230458ms step_avg:92.85ms
step:2493/5100 train_loss:4.0657 train_time:230550ms step_avg:92.85ms
step:2494/5100 train_loss:4.0855 train_time:230644ms step_avg:92.85ms
step:2495/5100 train_loss:3.9548 train_time:230735ms step_avg:92.85ms
step:2496/5100 train_loss:3.9843 train_time:230829ms step_avg:92.85ms
step:2497/5100 train_loss:4.0500 train_time:230922ms step_avg:92.85ms
step:2498/5100 train_loss:3.9332 train_time:231015ms step_avg:92.85ms
step:2499/5100 train_loss:3.9413 train_time:231107ms step_avg:92.85ms
step:2500/5100 train_loss:4.1456 train_time:231198ms step_avg:92.85ms
step:2501/5100 train_loss:4.0097 train_time:231290ms step_avg:92.85ms
step:2502/5100 train_loss:3.9018 train_time:231384ms step_avg:92.85ms
step:2503/5100 train_loss:4.0536 train_time:231478ms step_avg:92.85ms
step:2504/5100 train_loss:3.9858 train_time:231569ms step_avg:92.85ms
step:2505/5100 train_loss:4.0601 train_time:231664ms step_avg:92.85ms
step:2506/5100 train_loss:4.0433 train_time:231759ms step_avg:92.85ms
step:2507/5100 train_loss:4.0285 train_time:231851ms step_avg:92.85ms
step:2508/5100 train_loss:4.0181 train_time:231944ms step_avg:92.85ms
step:2509/5100 train_loss:4.1394 train_time:232035ms step_avg:92.85ms
step:2510/5100 train_loss:4.0107 train_time:232126ms step_avg:92.85ms
step:2511/5100 train_loss:4.1728 train_time:232219ms step_avg:92.85ms
step:2512/5100 train_loss:3.9606 train_time:232313ms step_avg:92.85ms
step:2513/5100 train_loss:3.9261 train_time:232405ms step_avg:92.85ms
step:2514/5100 train_loss:3.8738 train_time:232499ms step_avg:92.85ms
step:2515/5100 train_loss:4.0177 train_time:232591ms step_avg:92.85ms
step:2516/5100 train_loss:3.9277 train_time:232685ms step_avg:92.85ms
step:2517/5100 train_loss:4.0221 train_time:232777ms step_avg:92.85ms
step:2518/5100 train_loss:4.0029 train_time:232869ms step_avg:92.85ms
step:2519/5100 train_loss:4.0420 train_time:232964ms step_avg:92.85ms
step:2520/5100 train_loss:3.9832 train_time:233056ms step_avg:92.85ms
step:2521/5100 train_loss:3.9952 train_time:233147ms step_avg:92.85ms
step:2522/5100 train_loss:3.9497 train_time:233240ms step_avg:92.85ms
step:2523/5100 train_loss:3.7534 train_time:233334ms step_avg:92.85ms
step:2524/5100 train_loss:4.0766 train_time:233427ms step_avg:92.85ms
step:2525/5100 train_loss:3.9792 train_time:233520ms step_avg:92.85ms
step:2526/5100 train_loss:3.9249 train_time:233613ms step_avg:92.85ms
step:2527/5100 train_loss:3.8741 train_time:233705ms step_avg:92.85ms
step:2528/5100 train_loss:3.8377 train_time:233798ms step_avg:92.85ms
step:2529/5100 train_loss:4.0253 train_time:233888ms step_avg:92.85ms
step:2530/5100 train_loss:3.9647 train_time:233981ms step_avg:92.85ms
step:2531/5100 train_loss:4.0051 train_time:234074ms step_avg:92.85ms
step:2532/5100 train_loss:4.0191 train_time:234166ms step_avg:92.85ms
step:2533/5100 train_loss:3.9996 train_time:234261ms step_avg:92.85ms
step:2534/5100 train_loss:4.0177 train_time:234353ms step_avg:92.85ms
step:2535/5100 train_loss:3.9596 train_time:234446ms step_avg:92.85ms
step:2536/5100 train_loss:3.9432 train_time:234539ms step_avg:92.85ms
step:2537/5100 train_loss:3.9410 train_time:234631ms step_avg:92.85ms
step:2538/5100 train_loss:4.0315 train_time:234725ms step_avg:92.85ms
step:2539/5100 train_loss:3.9918 train_time:234819ms step_avg:92.85ms
step:2540/5100 train_loss:3.9424 train_time:234912ms step_avg:92.85ms
step:2541/5100 train_loss:3.9698 train_time:235003ms step_avg:92.85ms
step:2542/5100 train_loss:3.9557 train_time:235097ms step_avg:92.85ms
step:2543/5100 train_loss:3.9937 train_time:235186ms step_avg:92.85ms
step:2544/5100 train_loss:3.9310 train_time:235281ms step_avg:92.85ms
step:2545/5100 train_loss:3.8307 train_time:235372ms step_avg:92.85ms
step:2546/5100 train_loss:3.9928 train_time:235466ms step_avg:92.85ms
step:2547/5100 train_loss:3.9086 train_time:235558ms step_avg:92.85ms
step:2548/5100 train_loss:4.0285 train_time:235650ms step_avg:92.85ms
step:2549/5100 train_loss:3.9236 train_time:235743ms step_avg:92.85ms
step:2550/5100 train_loss:4.0754 train_time:235834ms step_avg:92.85ms
step:2551/5100 train_loss:3.9708 train_time:235925ms step_avg:92.85ms
step:2552/5100 train_loss:3.9444 train_time:236018ms step_avg:92.85ms
step:2553/5100 train_loss:4.1685 train_time:236109ms step_avg:92.85ms
step:2554/5100 train_loss:3.8880 train_time:236202ms step_avg:92.85ms
step:2555/5100 train_loss:3.9341 train_time:236293ms step_avg:92.85ms
step:2556/5100 train_loss:4.0153 train_time:236385ms step_avg:92.85ms
step:2557/5100 train_loss:3.9702 train_time:236479ms step_avg:92.85ms
step:2558/5100 train_loss:4.2839 train_time:236569ms step_avg:92.84ms
step:2559/5100 train_loss:4.0942 train_time:236664ms step_avg:92.85ms
step:2560/5100 train_loss:4.0944 train_time:236757ms step_avg:92.85ms
step:2561/5100 train_loss:4.0450 train_time:236847ms step_avg:92.84ms
step:2562/5100 train_loss:3.8185 train_time:236941ms step_avg:92.85ms
step:2563/5100 train_loss:3.9858 train_time:237033ms step_avg:92.84ms
step:2564/5100 train_loss:3.9267 train_time:237124ms step_avg:92.84ms
step:2565/5100 train_loss:4.0137 train_time:237217ms step_avg:92.84ms
step:2566/5100 train_loss:3.9748 train_time:237308ms step_avg:92.84ms
step:2567/5100 train_loss:4.0316 train_time:237401ms step_avg:92.84ms
step:2568/5100 train_loss:3.9615 train_time:237493ms step_avg:92.84ms
step:2569/5100 train_loss:3.8540 train_time:237585ms step_avg:92.84ms
step:2570/5100 train_loss:4.0298 train_time:237679ms step_avg:92.84ms
step:2571/5100 train_loss:4.0088 train_time:237770ms step_avg:92.84ms
step:2572/5100 train_loss:4.1031 train_time:237863ms step_avg:92.84ms
step:2573/5100 train_loss:4.1067 train_time:237956ms step_avg:92.84ms
step:2574/5100 train_loss:4.0343 train_time:238048ms step_avg:92.84ms
step:2575/5100 train_loss:4.0068 train_time:238141ms step_avg:92.84ms
step:2576/5100 train_loss:3.9356 train_time:238233ms step_avg:92.84ms
step:2577/5100 train_loss:4.0392 train_time:238325ms step_avg:92.84ms
step:2578/5100 train_loss:3.9564 train_time:238418ms step_avg:92.84ms
step:2579/5100 train_loss:3.8718 train_time:238509ms step_avg:92.84ms
step:2580/5100 train_loss:4.0259 train_time:238601ms step_avg:92.84ms
step:2581/5100 train_loss:4.0126 train_time:238693ms step_avg:92.84ms
step:2582/5100 train_loss:3.9976 train_time:238786ms step_avg:92.84ms
step:2583/5100 train_loss:4.0868 train_time:238880ms step_avg:92.84ms
step:2584/5100 train_loss:3.9944 train_time:238974ms step_avg:92.84ms
step:2585/5100 train_loss:4.1009 train_time:239066ms step_avg:92.84ms
step:2586/5100 train_loss:3.8738 train_time:239161ms step_avg:92.84ms
step:2587/5100 train_loss:3.9520 train_time:239253ms step_avg:92.84ms
step:2588/5100 train_loss:4.0742 train_time:239346ms step_avg:92.84ms
step:2589/5100 train_loss:4.0410 train_time:239439ms step_avg:92.84ms
step:2590/5100 train_loss:3.9989 train_time:239532ms step_avg:92.84ms
step:2591/5100 train_loss:4.0382 train_time:239624ms step_avg:92.84ms
step:2592/5100 train_loss:4.1874 train_time:239719ms step_avg:92.84ms
step:2593/5100 train_loss:3.9160 train_time:239812ms step_avg:92.84ms
step:2594/5100 train_loss:3.9432 train_time:239904ms step_avg:92.84ms
step:2595/5100 train_loss:3.9965 train_time:239996ms step_avg:92.84ms
step:2595/5100 val_loss:3.9657 train_time:240004ms step_avg:92.84ms
step:2596/5100 train_loss:3.7976 train_time:240090ms step_avg:92.84ms
step:2597/5100 train_loss:3.8863 train_time:240182ms step_avg:92.84ms
step:2598/5100 train_loss:3.8871 train_time:240275ms step_avg:92.84ms
step:2599/5100 train_loss:4.1004 train_time:240369ms step_avg:92.84ms
step:2600/5100 train_loss:4.0339 train_time:240462ms step_avg:92.84ms
step:2601/5100 train_loss:4.0530 train_time:240553ms step_avg:92.84ms
step:2602/5100 train_loss:4.1508 train_time:240644ms step_avg:92.84ms
step:2603/5100 train_loss:4.0068 train_time:240738ms step_avg:92.84ms
step:2604/5100 train_loss:4.0589 train_time:240830ms step_avg:92.84ms
step:2605/5100 train_loss:4.0259 train_time:240924ms step_avg:92.84ms
step:2606/5100 train_loss:3.9874 train_time:241018ms step_avg:92.84ms
step:2607/5100 train_loss:3.9690 train_time:241108ms step_avg:92.84ms
step:2608/5100 train_loss:3.9812 train_time:241199ms step_avg:92.84ms
step:2609/5100 train_loss:4.0656 train_time:241291ms step_avg:92.84ms
step:2610/5100 train_loss:3.8701 train_time:241385ms step_avg:92.84ms
step:2611/5100 train_loss:3.9727 train_time:241479ms step_avg:92.84ms
step:2612/5100 train_loss:3.8792 train_time:241572ms step_avg:92.84ms
step:2613/5100 train_loss:4.0670 train_time:241666ms step_avg:92.84ms
step:2614/5100 train_loss:4.0675 train_time:241758ms step_avg:92.84ms
step:2615/5100 train_loss:4.4737 train_time:241851ms step_avg:92.84ms
step:2616/5100 train_loss:3.9948 train_time:241945ms step_avg:92.84ms
step:2617/5100 train_loss:3.9653 train_time:242038ms step_avg:92.84ms
step:2618/5100 train_loss:3.8806 train_time:242130ms step_avg:92.84ms
step:2619/5100 train_loss:4.2282 train_time:242222ms step_avg:92.84ms
step:2620/5100 train_loss:4.2446 train_time:242318ms step_avg:92.84ms
step:2621/5100 train_loss:4.1987 train_time:242408ms step_avg:92.84ms
step:2622/5100 train_loss:3.9400 train_time:242500ms step_avg:92.84ms
step:2623/5100 train_loss:4.1497 train_time:242591ms step_avg:92.84ms
step:2624/5100 train_loss:4.0726 train_time:242684ms step_avg:92.84ms
step:2625/5100 train_loss:3.9861 train_time:242776ms step_avg:92.84ms
step:2626/5100 train_loss:3.9152 train_time:242868ms step_avg:92.84ms
step:2627/5100 train_loss:4.0162 train_time:242959ms step_avg:92.84ms
step:2628/5100 train_loss:4.0601 train_time:243050ms step_avg:92.84ms
step:2629/5100 train_loss:3.9747 train_time:243145ms step_avg:92.84ms
step:2630/5100 train_loss:4.0685 train_time:243235ms step_avg:92.84ms
step:2631/5100 train_loss:3.9025 train_time:243328ms step_avg:92.84ms
step:2632/5100 train_loss:3.8945 train_time:243421ms step_avg:92.84ms
step:2633/5100 train_loss:4.1034 train_time:243512ms step_avg:92.84ms
step:2634/5100 train_loss:3.9625 train_time:243604ms step_avg:92.84ms
step:2635/5100 train_loss:4.0551 train_time:243696ms step_avg:92.84ms
step:2636/5100 train_loss:3.9491 train_time:243788ms step_avg:92.84ms
step:2637/5100 train_loss:4.2348 train_time:243879ms step_avg:92.84ms
step:2638/5100 train_loss:3.9351 train_time:243970ms step_avg:92.83ms
step:2639/5100 train_loss:3.8199 train_time:244062ms step_avg:92.83ms
step:2640/5100 train_loss:4.0568 train_time:244155ms step_avg:92.83ms
step:2641/5100 train_loss:4.0338 train_time:244247ms step_avg:92.83ms
step:2642/5100 train_loss:3.7833 train_time:244341ms step_avg:92.83ms
step:2643/5100 train_loss:3.9232 train_time:244432ms step_avg:92.83ms
step:2644/5100 train_loss:3.9575 train_time:244525ms step_avg:92.83ms
step:2645/5100 train_loss:3.8991 train_time:244617ms step_avg:92.83ms
step:2646/5100 train_loss:3.8988 train_time:244708ms step_avg:92.83ms
step:2647/5100 train_loss:4.0494 train_time:244800ms step_avg:92.83ms
step:2648/5100 train_loss:3.9920 train_time:244892ms step_avg:92.83ms
step:2649/5100 train_loss:3.9165 train_time:244984ms step_avg:92.83ms
step:2650/5100 train_loss:3.9661 train_time:245077ms step_avg:92.83ms
step:2651/5100 train_loss:4.4720 train_time:245171ms step_avg:92.83ms
step:2652/5100 train_loss:3.9083 train_time:245265ms step_avg:92.83ms
step:2653/5100 train_loss:3.9222 train_time:245359ms step_avg:92.83ms
step:2654/5100 train_loss:3.9003 train_time:245452ms step_avg:92.83ms
step:2655/5100 train_loss:3.9819 train_time:245544ms step_avg:92.83ms
step:2656/5100 train_loss:3.9193 train_time:245637ms step_avg:92.83ms
step:2657/5100 train_loss:3.8397 train_time:245729ms step_avg:92.83ms
step:2658/5100 train_loss:4.0201 train_time:245822ms step_avg:92.83ms
step:2659/5100 train_loss:3.9117 train_time:245915ms step_avg:92.83ms
step:2660/5100 train_loss:3.8679 train_time:246007ms step_avg:92.83ms
step:2661/5100 train_loss:3.9525 train_time:246099ms step_avg:92.83ms
step:2662/5100 train_loss:3.9911 train_time:246191ms step_avg:92.83ms
step:2663/5100 train_loss:3.9428 train_time:246283ms step_avg:92.83ms
step:2664/5100 train_loss:3.9429 train_time:246377ms step_avg:92.83ms
step:2665/5100 train_loss:3.8767 train_time:246471ms step_avg:92.83ms
step:2666/5100 train_loss:3.8024 train_time:246564ms step_avg:92.83ms
step:2667/5100 train_loss:3.8103 train_time:246656ms step_avg:92.83ms
step:2668/5100 train_loss:4.0910 train_time:246750ms step_avg:92.83ms
step:2669/5100 train_loss:3.8564 train_time:246844ms step_avg:92.83ms
step:2670/5100 train_loss:3.8853 train_time:246937ms step_avg:92.83ms
step:2671/5100 train_loss:3.9056 train_time:247029ms step_avg:92.83ms
step:2672/5100 train_loss:3.8885 train_time:247121ms step_avg:92.83ms
step:2673/5100 train_loss:3.8584 train_time:247213ms step_avg:92.83ms
step:2674/5100 train_loss:3.9724 train_time:247304ms step_avg:92.83ms
step:2675/5100 train_loss:3.9715 train_time:247397ms step_avg:92.83ms
step:2676/5100 train_loss:3.9001 train_time:247492ms step_avg:92.83ms
step:2677/5100 train_loss:4.0574 train_time:247584ms step_avg:92.83ms
step:2678/5100 train_loss:3.9558 train_time:247676ms step_avg:92.83ms
step:2679/5100 train_loss:4.0815 train_time:247769ms step_avg:92.83ms
step:2680/5100 train_loss:3.8617 train_time:247863ms step_avg:92.83ms
step:2681/5100 train_loss:3.9153 train_time:247955ms step_avg:92.83ms
step:2682/5100 train_loss:3.9378 train_time:248048ms step_avg:92.83ms
step:2683/5100 train_loss:3.9931 train_time:248143ms step_avg:92.83ms
step:2684/5100 train_loss:3.9486 train_time:248236ms step_avg:92.83ms
step:2685/5100 train_loss:3.9767 train_time:248330ms step_avg:92.83ms
step:2686/5100 train_loss:4.4586 train_time:248421ms step_avg:92.83ms
step:2687/5100 train_loss:4.0244 train_time:248512ms step_avg:92.83ms
step:2688/5100 train_loss:4.0885 train_time:248606ms step_avg:92.83ms
step:2689/5100 train_loss:3.9156 train_time:248694ms step_avg:92.83ms
step:2690/5100 train_loss:4.1300 train_time:248787ms step_avg:92.83ms
step:2691/5100 train_loss:3.9958 train_time:248881ms step_avg:92.83ms
step:2692/5100 train_loss:3.9965 train_time:248973ms step_avg:92.83ms
step:2693/5100 train_loss:3.8700 train_time:249068ms step_avg:92.83ms
step:2694/5100 train_loss:3.8342 train_time:249161ms step_avg:92.83ms
step:2695/5100 train_loss:4.4878 train_time:249252ms step_avg:92.83ms
step:2696/5100 train_loss:4.3983 train_time:249346ms step_avg:92.83ms
step:2697/5100 train_loss:4.9659 train_time:249438ms step_avg:92.83ms
step:2698/5100 train_loss:4.0486 train_time:249530ms step_avg:92.83ms
step:2699/5100 train_loss:3.9791 train_time:249624ms step_avg:92.83ms
step:2700/5100 train_loss:4.0339 train_time:249715ms step_avg:92.83ms
step:2701/5100 train_loss:3.9884 train_time:249808ms step_avg:92.83ms
step:2702/5100 train_loss:4.0478 train_time:249900ms step_avg:92.83ms
step:2703/5100 train_loss:4.0057 train_time:249992ms step_avg:92.83ms
step:2704/5100 train_loss:4.0017 train_time:250087ms step_avg:92.83ms
step:2705/5100 train_loss:3.9549 train_time:250180ms step_avg:92.83ms
step:2706/5100 train_loss:3.9390 train_time:250272ms step_avg:92.83ms
step:2707/5100 train_loss:4.0149 train_time:250365ms step_avg:92.83ms
step:2708/5100 train_loss:3.7022 train_time:250456ms step_avg:92.83ms
step:2709/5100 train_loss:4.0427 train_time:250549ms step_avg:92.83ms
step:2710/5100 train_loss:3.9238 train_time:250640ms step_avg:92.83ms
step:2711/5100 train_loss:3.9471 train_time:250733ms step_avg:92.83ms
step:2712/5100 train_loss:4.0192 train_time:250824ms step_avg:92.83ms
step:2713/5100 train_loss:3.8893 train_time:250916ms step_avg:92.83ms
step:2714/5100 train_loss:3.9199 train_time:251009ms step_avg:92.83ms
step:2715/5100 train_loss:3.8852 train_time:251098ms step_avg:92.83ms
step:2716/5100 train_loss:3.8556 train_time:251189ms step_avg:92.83ms
step:2717/5100 train_loss:3.8866 train_time:251284ms step_avg:92.83ms
step:2718/5100 train_loss:3.9427 train_time:251377ms step_avg:92.83ms
step:2719/5100 train_loss:3.9881 train_time:251470ms step_avg:92.83ms
step:2720/5100 train_loss:3.9674 train_time:251561ms step_avg:92.83ms
step:2721/5100 train_loss:3.9483 train_time:251655ms step_avg:92.83ms
step:2722/5100 train_loss:3.9982 train_time:251746ms step_avg:92.83ms
step:2723/5100 train_loss:3.8703 train_time:251838ms step_avg:92.83ms
step:2724/5100 train_loss:3.8224 train_time:251931ms step_avg:92.83ms
step:2725/5100 train_loss:3.9072 train_time:252024ms step_avg:92.83ms
step:2726/5100 train_loss:3.8552 train_time:252116ms step_avg:92.83ms
step:2727/5100 train_loss:3.9094 train_time:252210ms step_avg:92.83ms
step:2728/5100 train_loss:4.0569 train_time:252302ms step_avg:92.83ms
step:2729/5100 train_loss:3.9545 train_time:252393ms step_avg:92.83ms
step:2730/5100 train_loss:3.9297 train_time:252487ms step_avg:92.83ms
step:2731/5100 train_loss:3.8905 train_time:252578ms step_avg:92.83ms
step:2732/5100 train_loss:3.8313 train_time:252669ms step_avg:92.82ms
step:2733/5100 train_loss:3.9533 train_time:252767ms step_avg:92.83ms
step:2734/5100 train_loss:4.0670 train_time:252859ms step_avg:92.83ms
step:2735/5100 train_loss:3.8705 train_time:252951ms step_avg:92.83ms
step:2736/5100 train_loss:3.9171 train_time:253046ms step_avg:92.83ms
step:2737/5100 train_loss:3.9235 train_time:253139ms step_avg:92.83ms
step:2738/5100 train_loss:3.8923 train_time:253231ms step_avg:92.83ms
step:2739/5100 train_loss:3.9180 train_time:253324ms step_avg:92.83ms
step:2740/5100 train_loss:3.9590 train_time:253417ms step_avg:92.83ms
step:2741/5100 train_loss:3.9679 train_time:253508ms step_avg:92.83ms
step:2742/5100 train_loss:4.0015 train_time:253601ms step_avg:92.83ms
step:2743/5100 train_loss:3.9057 train_time:253693ms step_avg:92.83ms
step:2744/5100 train_loss:4.3294 train_time:253786ms step_avg:92.83ms
step:2745/5100 train_loss:3.9636 train_time:253878ms step_avg:92.83ms
step:2746/5100 train_loss:3.9684 train_time:253969ms step_avg:92.82ms
step:2747/5100 train_loss:4.0065 train_time:254063ms step_avg:92.83ms
step:2748/5100 train_loss:3.9865 train_time:254156ms step_avg:92.83ms
step:2749/5100 train_loss:3.9743 train_time:254248ms step_avg:92.83ms
step:2750/5100 train_loss:3.8777 train_time:254341ms step_avg:92.83ms
step:2751/5100 train_loss:4.0507 train_time:254434ms step_avg:92.83ms
step:2752/5100 train_loss:3.9914 train_time:254527ms step_avg:92.83ms
step:2753/5100 train_loss:3.7207 train_time:254619ms step_avg:92.83ms
step:2754/5100 train_loss:3.8433 train_time:254711ms step_avg:92.82ms
step:2755/5100 train_loss:3.9369 train_time:254803ms step_avg:92.82ms
step:2756/5100 train_loss:3.9958 train_time:254896ms step_avg:92.82ms
step:2757/5100 train_loss:4.0301 train_time:254987ms step_avg:92.82ms
step:2758/5100 train_loss:3.9394 train_time:255079ms step_avg:92.82ms
step:2759/5100 train_loss:3.8905 train_time:255171ms step_avg:92.82ms
step:2760/5100 train_loss:3.8398 train_time:255264ms step_avg:92.82ms
step:2761/5100 train_loss:3.9353 train_time:255360ms step_avg:92.82ms
step:2762/5100 train_loss:4.2395 train_time:255452ms step_avg:92.82ms
step:2763/5100 train_loss:3.9092 train_time:255544ms step_avg:92.82ms
step:2764/5100 train_loss:3.8719 train_time:255637ms step_avg:92.82ms
step:2765/5100 train_loss:3.8305 train_time:255729ms step_avg:92.82ms
step:2766/5100 train_loss:3.6594 train_time:255822ms step_avg:92.82ms
step:2767/5100 train_loss:3.8215 train_time:255912ms step_avg:92.82ms
step:2768/5100 train_loss:3.7731 train_time:256004ms step_avg:92.82ms
step:2769/5100 train_loss:3.9170 train_time:256097ms step_avg:92.82ms
step:2770/5100 train_loss:3.9987 train_time:256188ms step_avg:92.82ms
step:2771/5100 train_loss:3.9573 train_time:256279ms step_avg:92.82ms
step:2772/5100 train_loss:3.9640 train_time:256371ms step_avg:92.82ms
step:2773/5100 train_loss:3.9170 train_time:256464ms step_avg:92.82ms
step:2774/5100 train_loss:3.9035 train_time:256555ms step_avg:92.82ms
step:2775/5100 train_loss:3.8475 train_time:256648ms step_avg:92.82ms
step:2776/5100 train_loss:3.9387 train_time:256739ms step_avg:92.82ms
step:2777/5100 train_loss:3.9278 train_time:256831ms step_avg:92.82ms
step:2778/5100 train_loss:3.9822 train_time:256925ms step_avg:92.82ms
step:2779/5100 train_loss:3.8879 train_time:257017ms step_avg:92.82ms
step:2780/5100 train_loss:3.8638 train_time:257108ms step_avg:92.82ms
step:2781/5100 train_loss:3.9048 train_time:257199ms step_avg:92.82ms
step:2782/5100 train_loss:3.8916 train_time:257289ms step_avg:92.82ms
step:2783/5100 train_loss:3.9137 train_time:257381ms step_avg:92.82ms
step:2784/5100 train_loss:3.9463 train_time:257474ms step_avg:92.82ms
step:2785/5100 train_loss:4.0590 train_time:257568ms step_avg:92.82ms
step:2786/5100 train_loss:3.8291 train_time:257659ms step_avg:92.82ms
step:2787/5100 train_loss:3.8869 train_time:257750ms step_avg:92.82ms
step:2788/5100 train_loss:3.9126 train_time:257844ms step_avg:92.82ms
step:2789/5100 train_loss:3.9041 train_time:257936ms step_avg:92.82ms
step:2790/5100 train_loss:4.0800 train_time:258028ms step_avg:92.82ms
step:2791/5100 train_loss:3.8668 train_time:258120ms step_avg:92.82ms
step:2792/5100 train_loss:3.9419 train_time:258212ms step_avg:92.82ms
step:2793/5100 train_loss:3.7429 train_time:258304ms step_avg:92.82ms
step:2794/5100 train_loss:3.8157 train_time:258396ms step_avg:92.81ms
step:2795/5100 train_loss:3.9365 train_time:258488ms step_avg:92.81ms
step:2796/5100 train_loss:3.9204 train_time:258584ms step_avg:92.82ms
step:2797/5100 train_loss:3.8476 train_time:258673ms step_avg:92.81ms
step:2798/5100 train_loss:3.8807 train_time:258769ms step_avg:92.82ms
step:2799/5100 train_loss:3.6054 train_time:258861ms step_avg:92.81ms
step:2800/5100 train_loss:3.8727 train_time:258952ms step_avg:92.81ms
step:2801/5100 train_loss:3.8473 train_time:259046ms step_avg:92.81ms
step:2802/5100 train_loss:3.7938 train_time:259137ms step_avg:92.81ms
step:2803/5100 train_loss:4.1804 train_time:259231ms step_avg:92.81ms
step:2804/5100 train_loss:3.8982 train_time:259322ms step_avg:92.81ms
step:2805/5100 train_loss:3.8889 train_time:259414ms step_avg:92.81ms
step:2806/5100 train_loss:3.7817 train_time:259506ms step_avg:92.81ms
step:2807/5100 train_loss:3.8793 train_time:259599ms step_avg:92.81ms
step:2808/5100 train_loss:3.7923 train_time:259691ms step_avg:92.81ms
step:2809/5100 train_loss:3.8759 train_time:259784ms step_avg:92.81ms
step:2810/5100 train_loss:3.8267 train_time:259876ms step_avg:92.81ms
step:2811/5100 train_loss:3.8226 train_time:259969ms step_avg:92.81ms
step:2812/5100 train_loss:3.8798 train_time:260061ms step_avg:92.81ms
step:2813/5100 train_loss:3.9416 train_time:260154ms step_avg:92.81ms
step:2814/5100 train_loss:3.8110 train_time:260248ms step_avg:92.81ms
step:2815/5100 train_loss:4.1985 train_time:260339ms step_avg:92.81ms
step:2816/5100 train_loss:4.1051 train_time:260431ms step_avg:92.81ms
step:2817/5100 train_loss:3.8485 train_time:260524ms step_avg:92.81ms
step:2818/5100 train_loss:3.9734 train_time:260616ms step_avg:92.81ms
step:2819/5100 train_loss:3.8738 train_time:260708ms step_avg:92.81ms
step:2820/5100 train_loss:3.8128 train_time:260800ms step_avg:92.81ms
step:2821/5100 train_loss:3.9422 train_time:260890ms step_avg:92.81ms
step:2822/5100 train_loss:3.9417 train_time:260981ms step_avg:92.81ms
step:2823/5100 train_loss:3.7129 train_time:261073ms step_avg:92.81ms
step:2824/5100 train_loss:3.7545 train_time:261168ms step_avg:92.81ms
step:2825/5100 train_loss:3.9552 train_time:261259ms step_avg:92.81ms
step:2826/5100 train_loss:3.8069 train_time:261351ms step_avg:92.81ms
step:2827/5100 train_loss:3.8701 train_time:261445ms step_avg:92.81ms
step:2828/5100 train_loss:4.0025 train_time:261536ms step_avg:92.81ms
step:2829/5100 train_loss:3.9283 train_time:261629ms step_avg:92.81ms
step:2830/5100 train_loss:3.9051 train_time:261720ms step_avg:92.81ms
step:2831/5100 train_loss:3.9717 train_time:261813ms step_avg:92.81ms
step:2832/5100 train_loss:4.0162 train_time:261905ms step_avg:92.81ms
step:2833/5100 train_loss:3.8211 train_time:261998ms step_avg:92.81ms
step:2834/5100 train_loss:3.8812 train_time:262089ms step_avg:92.81ms
step:2835/5100 train_loss:3.7698 train_time:262180ms step_avg:92.81ms
step:2836/5100 train_loss:3.7398 train_time:262272ms step_avg:92.81ms
step:2837/5100 train_loss:3.8226 train_time:262364ms step_avg:92.81ms
step:2838/5100 train_loss:3.8238 train_time:262458ms step_avg:92.81ms
step:2839/5100 train_loss:3.8413 train_time:262549ms step_avg:92.81ms
step:2840/5100 train_loss:4.0212 train_time:262643ms step_avg:92.81ms
step:2841/5100 train_loss:3.9495 train_time:262737ms step_avg:92.81ms
step:2842/5100 train_loss:3.9313 train_time:262829ms step_avg:92.81ms
step:2843/5100 train_loss:3.9071 train_time:262922ms step_avg:92.81ms
step:2844/5100 train_loss:3.9268 train_time:263013ms step_avg:92.81ms
step:2845/5100 train_loss:3.9397 train_time:263105ms step_avg:92.81ms
step:2846/5100 train_loss:3.9821 train_time:263196ms step_avg:92.81ms
step:2847/5100 train_loss:3.9344 train_time:263289ms step_avg:92.81ms
step:2848/5100 train_loss:3.8438 train_time:263382ms step_avg:92.81ms
step:2849/5100 train_loss:3.8560 train_time:263473ms step_avg:92.80ms
step:2850/5100 train_loss:3.8944 train_time:263568ms step_avg:92.81ms
step:2851/5100 train_loss:3.8240 train_time:263660ms step_avg:92.81ms
step:2852/5100 train_loss:3.8112 train_time:263755ms step_avg:92.81ms
step:2853/5100 train_loss:3.7760 train_time:263845ms step_avg:92.81ms
step:2854/5100 train_loss:3.9018 train_time:263937ms step_avg:92.80ms
step:2855/5100 train_loss:3.8562 train_time:264030ms step_avg:92.81ms
step:2856/5100 train_loss:3.8393 train_time:264124ms step_avg:92.81ms
step:2857/5100 train_loss:3.8995 train_time:264217ms step_avg:92.81ms
step:2858/5100 train_loss:3.8927 train_time:264307ms step_avg:92.80ms
step:2859/5100 train_loss:3.9516 train_time:264398ms step_avg:92.80ms
step:2860/5100 train_loss:4.0034 train_time:264493ms step_avg:92.80ms
step:2861/5100 train_loss:4.0715 train_time:264586ms step_avg:92.80ms
step:2862/5100 train_loss:3.9566 train_time:264676ms step_avg:92.80ms
step:2863/5100 train_loss:3.8907 train_time:264769ms step_avg:92.80ms
step:2864/5100 train_loss:4.0293 train_time:264862ms step_avg:92.80ms
step:2865/5100 train_loss:3.7434 train_time:264953ms step_avg:92.80ms
step:2866/5100 train_loss:3.8510 train_time:265046ms step_avg:92.80ms
step:2867/5100 train_loss:3.9300 train_time:265137ms step_avg:92.80ms
step:2868/5100 train_loss:3.9361 train_time:265231ms step_avg:92.80ms
step:2869/5100 train_loss:3.9918 train_time:265321ms step_avg:92.80ms
step:2870/5100 train_loss:3.9989 train_time:265413ms step_avg:92.80ms
step:2871/5100 train_loss:3.9254 train_time:265505ms step_avg:92.80ms
step:2872/5100 train_loss:3.8005 train_time:265595ms step_avg:92.80ms
step:2873/5100 train_loss:3.8711 train_time:265688ms step_avg:92.80ms
step:2874/5100 train_loss:3.9063 train_time:265778ms step_avg:92.80ms
step:2875/5100 train_loss:3.8475 train_time:265869ms step_avg:92.80ms
step:2876/5100 train_loss:3.9009 train_time:265962ms step_avg:92.80ms
step:2877/5100 train_loss:4.0085 train_time:266057ms step_avg:92.80ms
step:2878/5100 train_loss:3.4287 train_time:266149ms step_avg:92.80ms
step:2879/5100 train_loss:3.5064 train_time:266239ms step_avg:92.80ms
step:2880/5100 train_loss:3.9112 train_time:266331ms step_avg:92.80ms
step:2881/5100 train_loss:3.8515 train_time:266422ms step_avg:92.80ms
step:2882/5100 train_loss:3.6052 train_time:266513ms step_avg:92.80ms
step:2883/5100 train_loss:4.1148 train_time:266604ms step_avg:92.80ms
step:2884/5100 train_loss:3.7994 train_time:266696ms step_avg:92.80ms
step:2885/5100 train_loss:3.9563 train_time:266788ms step_avg:92.80ms
step:2886/5100 train_loss:3.9657 train_time:266882ms step_avg:92.80ms
step:2887/5100 train_loss:4.0658 train_time:266975ms step_avg:92.80ms
step:2888/5100 train_loss:3.8693 train_time:267069ms step_avg:92.80ms
step:2889/5100 train_loss:3.9109 train_time:267164ms step_avg:92.80ms
step:2890/5100 train_loss:4.0819 train_time:267252ms step_avg:92.80ms
step:2891/5100 train_loss:4.0895 train_time:267345ms step_avg:92.80ms
step:2892/5100 train_loss:3.7919 train_time:267437ms step_avg:92.80ms
step:2893/5100 train_loss:3.7271 train_time:267528ms step_avg:92.80ms
step:2894/5100 train_loss:4.1160 train_time:267623ms step_avg:92.80ms
step:2895/5100 train_loss:3.9480 train_time:267713ms step_avg:92.79ms
step:2896/5100 train_loss:3.7405 train_time:267804ms step_avg:92.79ms
step:2897/5100 train_loss:3.9213 train_time:267895ms step_avg:92.79ms
step:2898/5100 train_loss:4.0198 train_time:267987ms step_avg:92.79ms
step:2899/5100 train_loss:3.9074 train_time:268080ms step_avg:92.79ms
step:2900/5100 train_loss:3.8117 train_time:268173ms step_avg:92.79ms
step:2901/5100 train_loss:3.9177 train_time:268264ms step_avg:92.79ms
step:2902/5100 train_loss:3.8831 train_time:268356ms step_avg:92.79ms
step:2903/5100 train_loss:3.8825 train_time:268448ms step_avg:92.79ms
step:2904/5100 train_loss:3.9171 train_time:268540ms step_avg:92.79ms
step:2905/5100 train_loss:3.9260 train_time:268630ms step_avg:92.79ms
step:2906/5100 train_loss:3.7566 train_time:268723ms step_avg:92.79ms
step:2907/5100 train_loss:3.8020 train_time:268814ms step_avg:92.79ms
step:2908/5100 train_loss:3.9604 train_time:268904ms step_avg:92.79ms
step:2909/5100 train_loss:3.8958 train_time:268995ms step_avg:92.79ms
step:2910/5100 train_loss:3.7896 train_time:269086ms step_avg:92.79ms
step:2911/5100 train_loss:3.7685 train_time:269178ms step_avg:92.79ms
step:2912/5100 train_loss:3.8532 train_time:269269ms step_avg:92.79ms
step:2913/5100 train_loss:3.8711 train_time:269365ms step_avg:92.79ms
step:2914/5100 train_loss:3.7903 train_time:269457ms step_avg:92.79ms
step:2915/5100 train_loss:3.9795 train_time:269549ms step_avg:92.79ms
step:2916/5100 train_loss:3.9330 train_time:269642ms step_avg:92.79ms
step:2917/5100 train_loss:3.8104 train_time:269735ms step_avg:92.79ms
step:2918/5100 train_loss:4.0149 train_time:269828ms step_avg:92.79ms
step:2919/5100 train_loss:3.9486 train_time:269920ms step_avg:92.79ms
step:2920/5100 train_loss:3.8466 train_time:270011ms step_avg:92.79ms
step:2921/5100 train_loss:3.9881 train_time:270103ms step_avg:92.79ms
step:2922/5100 train_loss:3.7097 train_time:270194ms step_avg:92.79ms
step:2923/5100 train_loss:3.7981 train_time:270286ms step_avg:92.79ms
step:2924/5100 train_loss:3.9010 train_time:270379ms step_avg:92.79ms
step:2925/5100 train_loss:4.0215 train_time:270470ms step_avg:92.79ms
step:2926/5100 train_loss:4.2031 train_time:270564ms step_avg:92.79ms
step:2927/5100 train_loss:3.9040 train_time:270657ms step_avg:92.79ms
step:2928/5100 train_loss:3.8770 train_time:270750ms step_avg:92.79ms
step:2929/5100 train_loss:3.8324 train_time:270843ms step_avg:92.79ms
step:2930/5100 train_loss:3.9618 train_time:270933ms step_avg:92.79ms
step:2931/5100 train_loss:3.9036 train_time:271026ms step_avg:92.79ms
step:2932/5100 train_loss:3.8188 train_time:271117ms step_avg:92.78ms
step:2933/5100 train_loss:3.8454 train_time:271207ms step_avg:92.78ms
step:2934/5100 train_loss:3.7913 train_time:271299ms step_avg:92.78ms
step:2935/5100 train_loss:3.8937 train_time:271393ms step_avg:92.78ms
step:2936/5100 train_loss:3.7707 train_time:271486ms step_avg:92.78ms
step:2937/5100 train_loss:3.8486 train_time:271579ms step_avg:92.78ms
step:2938/5100 train_loss:3.9986 train_time:271671ms step_avg:92.78ms
step:2939/5100 train_loss:3.8350 train_time:271763ms step_avg:92.78ms
step:2940/5100 train_loss:4.1746 train_time:271856ms step_avg:92.78ms
step:2941/5100 train_loss:3.8804 train_time:271947ms step_avg:92.78ms
step:2942/5100 train_loss:3.8446 train_time:272040ms step_avg:92.78ms
step:2943/5100 train_loss:3.8825 train_time:272132ms step_avg:92.78ms
step:2944/5100 train_loss:3.9295 train_time:272226ms step_avg:92.78ms
step:2945/5100 train_loss:3.8689 train_time:272319ms step_avg:92.78ms
step:2946/5100 train_loss:3.8753 train_time:272411ms step_avg:92.78ms
step:2947/5100 train_loss:3.9170 train_time:272505ms step_avg:92.78ms
step:2948/5100 train_loss:3.9597 train_time:272596ms step_avg:92.78ms
step:2949/5100 train_loss:3.8793 train_time:272689ms step_avg:92.78ms
step:2950/5100 train_loss:3.8348 train_time:272782ms step_avg:92.78ms
step:2951/5100 train_loss:3.7738 train_time:272872ms step_avg:92.78ms
step:2952/5100 train_loss:3.8427 train_time:272965ms step_avg:92.78ms
step:2953/5100 train_loss:3.7882 train_time:273058ms step_avg:92.78ms
step:2954/5100 train_loss:4.1725 train_time:273149ms step_avg:92.78ms
step:2955/5100 train_loss:3.8960 train_time:273241ms step_avg:92.78ms
step:2956/5100 train_loss:3.9137 train_time:273337ms step_avg:92.78ms
step:2957/5100 train_loss:3.8829 train_time:273430ms step_avg:92.78ms
step:2958/5100 train_loss:3.8047 train_time:273521ms step_avg:92.78ms
step:2959/5100 train_loss:3.9113 train_time:273615ms step_avg:92.78ms
step:2960/5100 train_loss:3.7597 train_time:273705ms step_avg:92.78ms
step:2961/5100 train_loss:3.8924 train_time:273797ms step_avg:92.78ms
step:2962/5100 train_loss:3.8276 train_time:273889ms step_avg:92.78ms
step:2963/5100 train_loss:3.6969 train_time:273982ms step_avg:92.78ms
step:2964/5100 train_loss:3.8733 train_time:274072ms step_avg:92.78ms
step:2965/5100 train_loss:3.9665 train_time:274165ms step_avg:92.78ms
step:2966/5100 train_loss:3.8996 train_time:274258ms step_avg:92.78ms
step:2967/5100 train_loss:3.7778 train_time:274349ms step_avg:92.78ms
step:2968/5100 train_loss:3.9197 train_time:274445ms step_avg:92.78ms
step:2969/5100 train_loss:3.9800 train_time:274536ms step_avg:92.78ms
step:2970/5100 train_loss:3.9350 train_time:274631ms step_avg:92.78ms
step:2971/5100 train_loss:3.8103 train_time:274721ms step_avg:92.78ms
step:2972/5100 train_loss:3.9655 train_time:274812ms step_avg:92.78ms
step:2973/5100 train_loss:3.8360 train_time:274905ms step_avg:92.78ms
step:2974/5100 train_loss:3.8244 train_time:274998ms step_avg:92.78ms
step:2975/5100 train_loss:3.7315 train_time:275089ms step_avg:92.78ms
step:2976/5100 train_loss:3.8315 train_time:275184ms step_avg:92.78ms
step:2977/5100 train_loss:3.8893 train_time:275275ms step_avg:92.78ms
step:2978/5100 train_loss:3.9154 train_time:275368ms step_avg:92.78ms
step:2979/5100 train_loss:3.8796 train_time:275460ms step_avg:92.78ms
step:2980/5100 train_loss:3.8945 train_time:275552ms step_avg:92.78ms
step:2981/5100 train_loss:3.8930 train_time:275645ms step_avg:92.78ms
step:2982/5100 train_loss:3.8963 train_time:275735ms step_avg:92.78ms
step:2983/5100 train_loss:3.9422 train_time:275827ms step_avg:92.78ms
step:2984/5100 train_loss:4.0621 train_time:275919ms step_avg:92.78ms
step:2985/5100 train_loss:3.9230 train_time:276010ms step_avg:92.78ms
step:2986/5100 train_loss:3.9516 train_time:276104ms step_avg:92.78ms
step:2987/5100 train_loss:3.8299 train_time:276195ms step_avg:92.78ms
step:2988/5100 train_loss:3.8756 train_time:276287ms step_avg:92.78ms
step:2989/5100 train_loss:3.7149 train_time:276378ms step_avg:92.78ms
step:2990/5100 train_loss:3.8102 train_time:276469ms step_avg:92.77ms
step:2991/5100 train_loss:3.8622 train_time:276560ms step_avg:92.77ms
step:2992/5100 train_loss:3.8812 train_time:276651ms step_avg:92.77ms
step:2993/5100 train_loss:4.0159 train_time:276743ms step_avg:92.77ms
step:2994/5100 train_loss:3.9519 train_time:276836ms step_avg:92.77ms
step:2995/5100 train_loss:3.9228 train_time:276928ms step_avg:92.77ms
step:2996/5100 train_loss:3.9328 train_time:277018ms step_avg:92.77ms
step:2997/5100 train_loss:3.7661 train_time:277109ms step_avg:92.77ms
step:2998/5100 train_loss:3.9712 train_time:277199ms step_avg:92.77ms
step:2999/5100 train_loss:3.8305 train_time:277290ms step_avg:92.77ms
step:3000/5100 train_loss:3.9170 train_time:277382ms step_avg:92.77ms
step:3001/5100 train_loss:3.8757 train_time:277472ms step_avg:92.77ms
step:3002/5100 train_loss:3.8638 train_time:277564ms step_avg:92.77ms
step:3003/5100 train_loss:3.8308 train_time:277656ms step_avg:92.77ms
step:3004/5100 train_loss:3.9168 train_time:277748ms step_avg:92.77ms
step:3005/5100 train_loss:3.8450 train_time:277841ms step_avg:92.77ms
step:3006/5100 train_loss:3.9746 train_time:277933ms step_avg:92.77ms
step:3007/5100 train_loss:3.8837 train_time:278027ms step_avg:92.77ms
step:3008/5100 train_loss:4.1257 train_time:278119ms step_avg:92.77ms
step:3009/5100 train_loss:3.8519 train_time:278208ms step_avg:92.77ms
step:3010/5100 train_loss:3.8575 train_time:278299ms step_avg:92.77ms
step:3011/5100 train_loss:3.7345 train_time:278390ms step_avg:92.77ms
step:3012/5100 train_loss:4.3164 train_time:278482ms step_avg:92.77ms
step:3013/5100 train_loss:3.9877 train_time:278573ms step_avg:92.76ms
step:3014/5100 train_loss:4.0189 train_time:278665ms step_avg:92.76ms
step:3015/5100 train_loss:3.8141 train_time:278757ms step_avg:92.76ms
step:3016/5100 train_loss:3.6960 train_time:278849ms step_avg:92.76ms
step:3017/5100 train_loss:3.7736 train_time:278940ms step_avg:92.76ms
step:3018/5100 train_loss:3.8080 train_time:279033ms step_avg:92.76ms
step:3019/5100 train_loss:3.3536 train_time:279126ms step_avg:92.76ms
step:3020/5100 train_loss:3.9186 train_time:279220ms step_avg:92.76ms
step:3021/5100 train_loss:3.9007 train_time:279309ms step_avg:92.76ms
step:3022/5100 train_loss:3.8969 train_time:279401ms step_avg:92.76ms
step:3023/5100 train_loss:3.8605 train_time:279492ms step_avg:92.76ms
step:3024/5100 train_loss:3.9140 train_time:279585ms step_avg:92.76ms
step:3025/5100 train_loss:3.9877 train_time:279678ms step_avg:92.76ms
step:3026/5100 train_loss:3.9008 train_time:279772ms step_avg:92.76ms
step:3027/5100 train_loss:3.6979 train_time:279866ms step_avg:92.76ms
step:3028/5100 train_loss:3.9799 train_time:279958ms step_avg:92.76ms
step:3029/5100 train_loss:3.7333 train_time:280049ms step_avg:92.76ms
step:3030/5100 train_loss:3.9714 train_time:280142ms step_avg:92.76ms
step:3031/5100 train_loss:3.8839 train_time:280233ms step_avg:92.76ms
step:3032/5100 train_loss:3.9150 train_time:280326ms step_avg:92.76ms
step:3033/5100 train_loss:3.9451 train_time:280418ms step_avg:92.76ms
step:3034/5100 train_loss:3.6809 train_time:280509ms step_avg:92.76ms
step:3035/5100 train_loss:3.7138 train_time:280600ms step_avg:92.76ms
step:3036/5100 train_loss:3.8396 train_time:280692ms step_avg:92.76ms
step:3037/5100 train_loss:3.9820 train_time:280785ms step_avg:92.76ms
step:3038/5100 train_loss:3.9751 train_time:280880ms step_avg:92.76ms
step:3039/5100 train_loss:3.9684 train_time:280973ms step_avg:92.76ms
step:3040/5100 train_loss:3.8689 train_time:281069ms step_avg:92.76ms
step:3041/5100 train_loss:3.8209 train_time:281163ms step_avg:92.76ms
step:3042/5100 train_loss:3.8815 train_time:281255ms step_avg:92.76ms
step:3043/5100 train_loss:3.8160 train_time:281348ms step_avg:92.76ms
step:3044/5100 train_loss:3.7178 train_time:281444ms step_avg:92.76ms
step:3045/5100 train_loss:3.8849 train_time:281536ms step_avg:92.76ms
step:3046/5100 train_loss:3.7239 train_time:281629ms step_avg:92.76ms
step:3047/5100 train_loss:3.7176 train_time:281720ms step_avg:92.76ms
step:3048/5100 train_loss:3.7999 train_time:281814ms step_avg:92.76ms
step:3049/5100 train_loss:3.8215 train_time:281906ms step_avg:92.76ms
step:3050/5100 train_loss:3.9736 train_time:282266ms step_avg:92.85ms
step:3051/5100 train_loss:3.8577 train_time:282355ms step_avg:92.85ms
step:3052/5100 train_loss:3.8644 train_time:282448ms step_avg:92.85ms
step:3053/5100 train_loss:3.8704 train_time:282540ms step_avg:92.85ms
step:3054/5100 train_loss:3.7811 train_time:282631ms step_avg:92.85ms
step:3055/5100 train_loss:3.8539 train_time:282726ms step_avg:92.85ms
step:3056/5100 train_loss:3.7801 train_time:282820ms step_avg:92.85ms
step:3057/5100 train_loss:4.2239 train_time:282911ms step_avg:92.85ms
step:3058/5100 train_loss:4.2019 train_time:283004ms step_avg:92.85ms
step:3059/5100 train_loss:3.6890 train_time:283095ms step_avg:92.85ms
step:3060/5100 train_loss:3.8293 train_time:283189ms step_avg:92.85ms
step:3061/5100 train_loss:3.6307 train_time:283287ms step_avg:92.85ms
step:3062/5100 train_loss:3.7926 train_time:283380ms step_avg:92.85ms
step:3063/5100 train_loss:3.9430 train_time:283473ms step_avg:92.85ms
step:3064/5100 train_loss:3.7926 train_time:283565ms step_avg:92.85ms
step:3065/5100 train_loss:3.9150 train_time:283658ms step_avg:92.85ms
step:3066/5100 train_loss:3.7731 train_time:283750ms step_avg:92.85ms
step:3067/5100 train_loss:3.9403 train_time:283843ms step_avg:92.85ms
step:3068/5100 train_loss:3.8156 train_time:283936ms step_avg:92.85ms
step:3069/5100 train_loss:3.8404 train_time:284028ms step_avg:92.85ms
step:3070/5100 train_loss:3.7324 train_time:284122ms step_avg:92.85ms
step:3071/5100 train_loss:3.8406 train_time:284214ms step_avg:92.85ms
step:3072/5100 train_loss:3.9036 train_time:284305ms step_avg:92.85ms
step:3073/5100 train_loss:3.6895 train_time:284399ms step_avg:92.85ms
step:3074/5100 train_loss:3.9528 train_time:284490ms step_avg:92.85ms
step:3075/5100 train_loss:4.0253 train_time:284583ms step_avg:92.85ms
step:3076/5100 train_loss:3.8853 train_time:284675ms step_avg:92.85ms
step:3077/5100 train_loss:3.8210 train_time:284768ms step_avg:92.85ms
step:3078/5100 train_loss:3.8382 train_time:284860ms step_avg:92.85ms
step:3079/5100 train_loss:3.9474 train_time:284951ms step_avg:92.85ms
step:3080/5100 train_loss:3.6797 train_time:285045ms step_avg:92.85ms
step:3081/5100 train_loss:3.8240 train_time:285139ms step_avg:92.85ms
step:3082/5100 train_loss:3.8600 train_time:285230ms step_avg:92.85ms
step:3083/5100 train_loss:3.7884 train_time:285324ms step_avg:92.85ms
step:3084/5100 train_loss:3.8049 train_time:285412ms step_avg:92.85ms
step:3085/5100 train_loss:3.7793 train_time:285504ms step_avg:92.85ms
step:3086/5100 train_loss:3.9155 train_time:285594ms step_avg:92.85ms
step:3087/5100 train_loss:3.8696 train_time:285688ms step_avg:92.85ms
step:3088/5100 train_loss:3.8770 train_time:285780ms step_avg:92.85ms
step:3089/5100 train_loss:3.8880 train_time:285871ms step_avg:92.85ms
step:3090/5100 train_loss:3.9696 train_time:285966ms step_avg:92.85ms
step:3091/5100 train_loss:3.8329 train_time:286059ms step_avg:92.85ms
step:3092/5100 train_loss:3.8994 train_time:286152ms step_avg:92.85ms
step:3093/5100 train_loss:3.8856 train_time:286244ms step_avg:92.85ms
step:3094/5100 train_loss:3.8090 train_time:286337ms step_avg:92.85ms
step:3095/5100 train_loss:3.9593 train_time:286431ms step_avg:92.85ms
step:3096/5100 train_loss:3.7995 train_time:286525ms step_avg:92.85ms
step:3097/5100 train_loss:3.7804 train_time:286618ms step_avg:92.85ms
step:3098/5100 train_loss:3.9058 train_time:286711ms step_avg:92.85ms
step:3099/5100 train_loss:3.8492 train_time:286804ms step_avg:92.85ms
step:3100/5100 train_loss:4.0797 train_time:286896ms step_avg:92.85ms
step:3101/5100 train_loss:3.8591 train_time:286989ms step_avg:92.85ms
step:3102/5100 train_loss:3.8077 train_time:287083ms step_avg:92.85ms
step:3103/5100 train_loss:3.6483 train_time:287173ms step_avg:92.85ms
step:3104/5100 train_loss:3.9749 train_time:287267ms step_avg:92.85ms
step:3105/5100 train_loss:3.9453 train_time:287363ms step_avg:92.85ms
step:3106/5100 train_loss:3.9345 train_time:287456ms step_avg:92.85ms
step:3107/5100 train_loss:3.7231 train_time:287548ms step_avg:92.85ms
step:3108/5100 train_loss:3.8141 train_time:287642ms step_avg:92.85ms
step:3109/5100 train_loss:3.8127 train_time:287742ms step_avg:92.85ms
step:3110/5100 train_loss:3.7360 train_time:287833ms step_avg:92.85ms
step:3111/5100 train_loss:3.8360 train_time:287926ms step_avg:92.85ms
step:3112/5100 train_loss:3.8230 train_time:288020ms step_avg:92.85ms
step:3113/5100 train_loss:4.0692 train_time:288111ms step_avg:92.85ms
step:3114/5100 train_loss:3.8410 train_time:288204ms step_avg:92.85ms
step:3115/5100 train_loss:3.9458 train_time:288296ms step_avg:92.85ms
step:3116/5100 train_loss:3.8044 train_time:288389ms step_avg:92.85ms
step:3117/5100 train_loss:3.7008 train_time:288485ms step_avg:92.85ms
step:3118/5100 train_loss:3.8628 train_time:288579ms step_avg:92.85ms
step:3119/5100 train_loss:3.8796 train_time:288672ms step_avg:92.85ms
step:3120/5100 train_loss:3.8821 train_time:288768ms step_avg:92.85ms
step:3121/5100 train_loss:3.8200 train_time:288862ms step_avg:92.85ms
step:3122/5100 train_loss:3.7098 train_time:288955ms step_avg:92.85ms
step:3123/5100 train_loss:3.8159 train_time:289048ms step_avg:92.85ms
step:3124/5100 train_loss:3.9136 train_time:289142ms step_avg:92.85ms
step:3125/5100 train_loss:3.6440 train_time:289233ms step_avg:92.85ms
step:3126/5100 train_loss:3.8623 train_time:289327ms step_avg:92.85ms
step:3127/5100 train_loss:3.9054 train_time:289420ms step_avg:92.85ms
step:3128/5100 train_loss:3.7286 train_time:289511ms step_avg:92.85ms
step:3129/5100 train_loss:3.7975 train_time:289602ms step_avg:92.85ms
step:3130/5100 train_loss:3.8711 train_time:289692ms step_avg:92.85ms
step:3131/5100 train_loss:4.1558 train_time:289787ms step_avg:92.85ms
step:3132/5100 train_loss:3.8266 train_time:289879ms step_avg:92.85ms
step:3133/5100 train_loss:3.7809 train_time:289971ms step_avg:92.85ms
step:3134/5100 train_loss:3.8009 train_time:290065ms step_avg:92.85ms
step:3135/5100 train_loss:3.9106 train_time:290157ms step_avg:92.85ms
step:3136/5100 train_loss:3.7958 train_time:290249ms step_avg:92.85ms
step:3137/5100 train_loss:3.6143 train_time:290344ms step_avg:92.85ms
step:3138/5100 train_loss:3.8225 train_time:290439ms step_avg:92.85ms
step:3139/5100 train_loss:3.7800 train_time:290531ms step_avg:92.85ms
step:3140/5100 train_loss:3.9334 train_time:290625ms step_avg:92.85ms
step:3141/5100 train_loss:3.8360 train_time:290719ms step_avg:92.85ms
step:3142/5100 train_loss:3.9656 train_time:290810ms step_avg:92.85ms
step:3143/5100 train_loss:3.7212 train_time:290906ms step_avg:92.85ms
step:3144/5100 train_loss:3.8230 train_time:290997ms step_avg:92.85ms
step:3145/5100 train_loss:3.8632 train_time:291090ms step_avg:92.85ms
step:3146/5100 train_loss:3.9144 train_time:291182ms step_avg:92.85ms
step:3147/5100 train_loss:3.6267 train_time:291276ms step_avg:92.85ms
step:3148/5100 train_loss:3.7799 train_time:291369ms step_avg:92.85ms
step:3149/5100 train_loss:3.8627 train_time:291462ms step_avg:92.85ms
step:3150/5100 train_loss:3.9000 train_time:291555ms step_avg:92.85ms
step:3151/5100 train_loss:3.8975 train_time:291649ms step_avg:92.85ms
step:3152/5100 train_loss:3.8155 train_time:291741ms step_avg:92.85ms
step:3153/5100 train_loss:3.9816 train_time:291834ms step_avg:92.85ms
step:3154/5100 train_loss:3.8234 train_time:291928ms step_avg:92.85ms
step:3155/5100 train_loss:3.9291 train_time:292022ms step_avg:92.85ms
step:3156/5100 train_loss:3.9053 train_time:292114ms step_avg:92.85ms
step:3157/5100 train_loss:3.7885 train_time:292206ms step_avg:92.85ms
step:3158/5100 train_loss:3.9598 train_time:292298ms step_avg:92.85ms
step:3159/5100 train_loss:3.8909 train_time:292390ms step_avg:92.85ms
step:3160/5100 train_loss:3.8180 train_time:292484ms step_avg:92.85ms
step:3161/5100 train_loss:3.9945 train_time:292576ms step_avg:92.85ms
step:3162/5100 train_loss:3.8459 train_time:292670ms step_avg:92.85ms
step:3163/5100 train_loss:3.6956 train_time:292762ms step_avg:92.85ms
step:3164/5100 train_loss:3.6409 train_time:292855ms step_avg:92.85ms
step:3165/5100 train_loss:3.7163 train_time:292950ms step_avg:92.85ms
step:3166/5100 train_loss:3.8286 train_time:293043ms step_avg:92.85ms
step:3167/5100 train_loss:3.7261 train_time:293136ms step_avg:92.85ms
step:3168/5100 train_loss:3.7440 train_time:293231ms step_avg:92.85ms
step:3169/5100 train_loss:3.7792 train_time:293321ms step_avg:92.85ms
step:3170/5100 train_loss:3.8208 train_time:293414ms step_avg:92.85ms
step:3171/5100 train_loss:4.0306 train_time:293505ms step_avg:92.85ms
step:3172/5100 train_loss:3.8553 train_time:293596ms step_avg:92.85ms
step:3173/5100 train_loss:3.8459 train_time:293688ms step_avg:92.85ms
step:3174/5100 train_loss:3.6555 train_time:293782ms step_avg:92.85ms
step:3175/5100 train_loss:3.6843 train_time:293872ms step_avg:92.85ms
step:3176/5100 train_loss:3.5924 train_time:293967ms step_avg:92.85ms
step:3177/5100 train_loss:3.6886 train_time:294058ms step_avg:92.85ms
step:3178/5100 train_loss:3.7007 train_time:294149ms step_avg:92.85ms
step:3179/5100 train_loss:3.6126 train_time:294242ms step_avg:92.85ms
step:3180/5100 train_loss:3.8823 train_time:294333ms step_avg:92.85ms
step:3181/5100 train_loss:3.6730 train_time:294425ms step_avg:92.85ms
step:3182/5100 train_loss:4.1237 train_time:294517ms step_avg:92.85ms
step:3183/5100 train_loss:3.9647 train_time:294608ms step_avg:92.85ms
step:3184/5100 train_loss:3.8318 train_time:294698ms step_avg:92.85ms
step:3185/5100 train_loss:3.8436 train_time:294791ms step_avg:92.85ms
step:3186/5100 train_loss:3.9594 train_time:294885ms step_avg:92.85ms
step:3187/5100 train_loss:3.8568 train_time:294978ms step_avg:92.85ms
step:3188/5100 train_loss:3.8976 train_time:295071ms step_avg:92.85ms
step:3189/5100 train_loss:3.7568 train_time:295164ms step_avg:92.85ms
step:3190/5100 train_loss:3.7826 train_time:295255ms step_avg:92.85ms
step:3191/5100 train_loss:3.7927 train_time:295348ms step_avg:92.85ms
step:3192/5100 train_loss:3.8057 train_time:295440ms step_avg:92.85ms
step:3193/5100 train_loss:3.9311 train_time:295532ms step_avg:92.85ms
step:3194/5100 train_loss:3.8442 train_time:295625ms step_avg:92.85ms
step:3195/5100 train_loss:3.7971 train_time:295717ms step_avg:92.85ms
step:3196/5100 train_loss:3.7870 train_time:295809ms step_avg:92.85ms
step:3197/5100 train_loss:3.8678 train_time:295901ms step_avg:92.85ms
step:3198/5100 train_loss:3.7463 train_time:295994ms step_avg:92.85ms
step:3199/5100 train_loss:3.9330 train_time:296088ms step_avg:92.85ms
step:3200/5100 train_loss:3.7344 train_time:296182ms step_avg:92.85ms
step:3201/5100 train_loss:3.7074 train_time:296273ms step_avg:92.85ms
step:3202/5100 train_loss:3.7652 train_time:296368ms step_avg:92.85ms
step:3203/5100 train_loss:3.6802 train_time:296461ms step_avg:92.85ms
step:3204/5100 train_loss:3.8400 train_time:296552ms step_avg:92.85ms
step:3205/5100 train_loss:3.6024 train_time:296646ms step_avg:92.85ms
step:3206/5100 train_loss:3.7665 train_time:296740ms step_avg:92.85ms
step:3207/5100 train_loss:3.7674 train_time:296833ms step_avg:92.85ms
step:3208/5100 train_loss:3.8296 train_time:296927ms step_avg:92.85ms
step:3209/5100 train_loss:4.4409 train_time:297016ms step_avg:92.85ms
step:3210/5100 train_loss:3.8481 train_time:297113ms step_avg:92.85ms
step:3211/5100 train_loss:3.8122 train_time:297204ms step_avg:92.85ms
step:3212/5100 train_loss:3.9286 train_time:297297ms step_avg:92.85ms
step:3213/5100 train_loss:3.9207 train_time:297390ms step_avg:92.85ms
step:3214/5100 train_loss:3.9525 train_time:297485ms step_avg:92.85ms
step:3215/5100 train_loss:3.7322 train_time:297579ms step_avg:92.85ms
step:3216/5100 train_loss:3.7171 train_time:297669ms step_avg:92.85ms
step:3217/5100 train_loss:3.6193 train_time:297761ms step_avg:92.85ms
step:3218/5100 train_loss:3.7670 train_time:297855ms step_avg:92.85ms
step:3219/5100 train_loss:3.8185 train_time:297947ms step_avg:92.85ms
step:3220/5100 train_loss:3.8539 train_time:298042ms step_avg:92.85ms
step:3221/5100 train_loss:3.7250 train_time:298134ms step_avg:92.85ms
step:3222/5100 train_loss:3.8371 train_time:298228ms step_avg:92.85ms
step:3223/5100 train_loss:3.7698 train_time:298323ms step_avg:92.85ms
step:3224/5100 train_loss:3.9933 train_time:298420ms step_avg:92.85ms
step:3225/5100 train_loss:3.9340 train_time:298514ms step_avg:92.85ms
step:3226/5100 train_loss:3.7782 train_time:298606ms step_avg:92.85ms
step:3227/5100 train_loss:3.7126 train_time:298697ms step_avg:92.85ms
step:3228/5100 train_loss:3.9673 train_time:298790ms step_avg:92.85ms
step:3229/5100 train_loss:3.8307 train_time:298881ms step_avg:92.85ms
step:3230/5100 train_loss:3.7502 train_time:298974ms step_avg:92.85ms
step:3231/5100 train_loss:3.7002 train_time:299066ms step_avg:92.85ms
step:3232/5100 train_loss:3.9099 train_time:299159ms step_avg:92.85ms
step:3233/5100 train_loss:3.8930 train_time:299252ms step_avg:92.85ms
step:3234/5100 train_loss:3.8313 train_time:299343ms step_avg:92.85ms
step:3235/5100 train_loss:3.7712 train_time:299439ms step_avg:92.85ms
step:3236/5100 train_loss:3.7074 train_time:299534ms step_avg:92.85ms
step:3237/5100 train_loss:3.8001 train_time:299627ms step_avg:92.85ms
step:3238/5100 train_loss:3.7974 train_time:299722ms step_avg:92.85ms
step:3239/5100 train_loss:3.8909 train_time:299814ms step_avg:92.85ms
step:3240/5100 train_loss:3.8698 train_time:299907ms step_avg:92.85ms
step:3241/5100 train_loss:3.7884 train_time:299999ms step_avg:92.85ms
step:3241/5100 val_loss:3.8125 train_time:300007ms step_avg:92.85ms
peak memory consumption: 19100 MiB
